title,source,url,published_at,summary,image_url,country,topic
First new HDB flats in Lakeview and Shunfu in over 40 years to go on sale from June,Channel NewsAsia,https://www.channelnewsasia.com/singapore/hdb-bto-project-lakeview-shunfu-launch-june-2026-5900146,2026-02-02,"For the first time in over 40 years, Lakeview and Shunfu will be getting new public housing, with about 1,600 homes to be built in these areas.The Housing and Development Board (HDB) announced on Monday (Feb 2) that three Build-to-Order (BTO) projects will be launched in these localities starting...","https://dam.mediacorp.sg/image/upload/s--niTt_5hQ--/c_crop,h_3000,w_5333,x_342,y_0/c_fill,g_auto,h_676,w_1200/f_auto,q_auto/v1/mediacorp/cna/image/2026/02/02/bishan_lakeview_c2_-_final.jpeg?itok=3xDHJrbm",Singapore,General
Singapore to set up new national space agency on Apr 1,Channel NewsAsia,https://www.channelnewsasia.com/singapore/national-space-agency-singapore-technology-legislation-5899941,2026-02-02,"Singapore will set up a national space agency in April, Minister-in-charge of Energy and Science and Technology Tan See Leng announced on Monday (Feb 2).The National Space Agency of Singapore (NSAS) will provide decisive leadership for Singapore to seize opportunities in the expanding space economy.","https://dam.mediacorp.sg/image/upload/s--9hhADuya--/c_crop,h_900,w_1600,x_0,y_0/c_fill,g_auto,h_676,w_1200/fl_relative,g_south_east,l_mediacorp:cna:watermark:2021-08:cna,w_0.1/f_auto,q_auto/v1/mediacorp/cna/image/2026/02/02/wwz_4793.jpg?itok=3q0Tgqme",Singapore,Technology
"LTA uncovers 3,200 more vehicles affected by recall of defective Takata airbags that killed man in 2022",Channel NewsAsia,https://www.channelnewsasia.com/singapore/takata-airbag-3200-vehicles-affected-lta-recall-5900101,2026-02-02,"The Land Transport Authority (LTA) has uncovered another 3,200 vehicles affected by the recall of defective Takata airbags, whichkilled a Singaporean man in 2022 in the first such death here.The 3,200 vehicles were discovered after LTA worked with authorised motor dealers to verify recall status...","https://dam.mediacorp.sg/image/upload/s--Vbl6TA1X--/c_fill,g_auto,h_676,w_1200/fl_relative,g_south_east,l_mediacorp:cna:watermark:2023-11:afp_watermark_14112023,w_0.1/f_auto,q_auto/v1/mediacorp/cna/image/2026/01/21/000_36y76bb.jpg?itok=vvRCvALC",Singapore,General
Private organisations must stop using NRIC numbers for authentication by end-2026,Channel NewsAsia,https://www.channelnewsasia.com/singapore/private-organisations-stop-use-nric-numbers-authentication-end-2026-5900491,2026-02-02,"Private organisations have until Dec 31, 2026 to phase out the use of NRIC numbers for authentication, said the Personal Data Protection Commission (PDPC) on Monday (Feb 2).Enforcement action against the misuse of NRIC numbers will be ramped up after that, PDPC added, as it moves to reduce the risk.","https://dam.mediacorp.sg/image/upload/s--oUU8MIDi--/c_crop,h_1125,w_2000,x_0,y_170/c_fill,g_auto,h_676,w_1200/f_auto,q_auto/nric-01-mod-data_0.jpg?itok=AgPAtkj2",Singapore,General
Theatre company Pangdemonium to close in 2026 after more than 15 years,Channel NewsAsia,https://www.channelnewsasia.com/entertainment/pangdemonium-theatre-closing-end-2026-season-5900726,2026-02-02,"On Monday (Feb 2), Pangdemonium co-founders Tracie and Adrian Pang announced that the company will take its ""final bow"" at the end of the 2026 season.In a joint statement on the company’s website, the pair announced that they will be stepping away from the company after more than 15 years: “Having..","https://dam.mediacorp.sg/image/upload/s--fKDQ_qul--/c_crop,h_540,w_960,x_0,y_0/c_fill,g_auto,h_676,w_1200/f_auto,q_auto/pangdemonium--adrian-and-tracie-pang-.jpg?itok=F2ykJKT3",Singapore,General
Former actor Edmund Chen to appeal against jail term for traffic offence,Channel NewsAsia,https://www.channelnewsasia.com/singapore/actor-edmund-chen-jail-driving-ban-appeal-5900831,2026-02-02,"Former local actor Edmund Chen is set to appeal against hisfive-day jail sentence for careless drivingthat resulted ingrievous injuries.The 63-year-old, named as Tan Kai Yuan in court documents, filed a notice of appeal on Monday (Feb 2), court records show.According to the public hearing list, he..","https://dam.mediacorp.sg/image/upload/s--8g5Sspnz--/c_crop,h_900,w_1600,x_0,y_69/c_fill,g_auto,h_676,w_1200/fl_relative,g_south_east,l_mediacorp:cna:watermark:2021-08:cna,w_0.1/f_auto,q_auto/v1/mediacorp/cna/image/2026/01/29/mar_8931.jpg?itok=VLhix6Px",Singapore,Crime
Inside Singapore's first specialised children's burn centre,Channel NewsAsia,https://www.channelnewsasia.com/singapore/kkh-hospital-children-burns-unit-treatment-5824111,2026-02-02,"More than a decade ago, a girl no older than 10 was rushed to the children’s emergency department at KK Women’s and Children’s Hospital (KKH).Earlier in the day, her clothes had caught fire and by the time help reached her, the fabric had melted onto her skin.Her tiny frame was scorched, across...","https://dam.mediacorp.sg/image/upload/s--Otwg1n4y--/c_crop,h_899,w_1599,x_1,y_44/c_fill,g_auto,h_676,w_1200/f_auto,q_auto/v1/mediacorp/cna/image/2026/01/30/12._specialised_shower_bed_2.jpg?itok=H4gomcYL",Singapore,Health
"CPF Board rolls out safety switch, trusted contact notifications to curb scams",Channel NewsAsia,https://www.channelnewsasia.com/singapore/cpf-antiscam-safety-switch-trusted-contact-notification-5900071,2026-02-02,"The Central Provident Fund (CPF) Board on Monday (Feb 2) launched two anti-scam measures to combat evolving scam tactics.Called the trusted contact notification service and CPF safety switch, the new measures build on existing anti-scam safeguards in place for members.These include adefault online..","https://dam.mediacorp.sg/image/upload/s--KA1iMBa8--/c_crop,h_1400,w_2489,x_11,y_17/c_fill,g_auto,h_676,w_1200/fl_relative,g_south_east,l_mediacorp:cna:watermark:2021-08:mediacorp,w_0.1/f_auto,q_auto/v1/mediacorp/cna/image/2021/12/18/20161117_mf_cpf_bishan.jpg?itok=p3XwQAt3",Singapore,Crime
"‘Encouraging’ dip in animal cruelty and welfare cases in Singapore, but numbers remain ‘alarming’: SPCA",Channel NewsAsia,https://www.channelnewsasia.com/singapore/animal-abuse-cruelty-welfare-spca-report-2025-5900081,2026-02-02,"Cases involving animal cruelty and welfare in Singapore fell in 2025 from a12-year highof 961 cases in 2024, a dip the Society for the Prevention of Cruelty to Animals (SPCA) described as “encouraging” on Monday (Feb 2).However, the 608 confirmed cases remain an “alarming” figure, especially as...","https://dam.mediacorp.sg/image/upload/s--RSsY_sJ3--/c_fill,g_auto,h_676,w_1200/f_auto,q_auto/v1/mediacorp/cna/image/2026/02/02/spca-animal-cruelty-welfare-report-2025.png?itok=9WlbvgDY",Singapore,General
"BMW driver gets jail for killing pedestrian by speeding into him while drunk, severing body",Channel NewsAsia,https://www.channelnewsasia.com/singapore/man-jail-speed-drunk-split-victim-body-5900376,2026-02-02,"Warning: This story contains graphic descriptionsSINGAPORE: A man who drove drunk with his two young children in his vehicle barrelled into a pedestrian at high speed, severing his body into three parts and killing him.The driver, a 46-year-old Australian who is a Singapore permanent resident, was..","https://dam.mediacorp.sg/image/upload/s--Vhp98jT3--/c_fill,g_auto,h_676,w_1200/f_auto,q_auto/v1/mediacorp/tdy/image/2023/04/26/20230426-cna-statecourts.jpg?itok=kum1RwvS",Singapore,General
Revolut to triple its Singapore workforce to over 300 employees in the next three years,Channel NewsAsia,https://www.channelnewsasia.com/singapore/revolut-singapore-office-expansion-asia-edb-5898351,2026-02-02,"Global fintech firm Revolut announced on Monday (Feb 2) that it plans to boost its presence in Singapore over the next three years.Revolut had doubled its headcount in Singapore from 2024 to 2025, and plans to triple its workforce to over 300 employees over the next three years.This increase in...","https://dam.mediacorp.sg/image/upload/s--idqTcOv6--/c_crop,h_488,w_868,x_0,y_451/c_fill,g_auto,h_676,w_1200/f_auto,q_auto/v1/mediacorp/cna/image/2026/01/31/26012026-dsc02681_0.jpg?itok=bXvlYtcB",Singapore,Business
Commentary: The real purpose of the 10-cent deposit on your beverage container,Channel NewsAsia,https://www.channelnewsasia.com/commentary/beverage-container-return-scheme-refundable-deposit-recycle-cost-increase-5896506,2026-02-02,"When Singapore’sbeverage container return scheme begins in April, most people will notice one thing first: the extra 10 cents added to the price of a drink.You pay it upfront, and you get it back when you return the empty bottle or can....","https://dam.mediacorp.sg/image/upload/s--X9rnUddd--/c_crop,h_2547,w_4528,x_0,y_309/c_fill,g_auto,h_676,w_1200/fl_relative,g_south_east,l_mediacorp:cna:watermark:2021-08:cna,w_0.1/f_auto,q_auto/v1/mediacorp/cna/image/2026/01/30/jus_3926_0.jpg?itok=41Ff4xMk",Singapore,Environment
Man dressed like Bruce Lee in Geylang gets jail for possessing nunchaku and prohibited weapons,Channel NewsAsia,https://www.channelnewsasia.com/singapore/geylang-bruce-lee-nunchaku-prohibited-weapon-5900451,2026-02-02,"A nunchaku stunt ends in a jail sentence for a man, after he was caught on camera along a street in Geylang, dressed like the late Hong Kong actor and martial arts legend Bruce Lee.Chinese daily Shin Min Daily News reported that Li Hongwei, a 59-year-old from China, claimed to be a martial arts...","https://dam.mediacorp.sg/image/upload/s--oY6E0vu7--/c_fill,g_auto,h_676,w_1200/f_auto,q_auto/v1/mediacorp/cna/image/2026/02/02/geylang_bruce_lee_nunchaku_2.jpg?itok=AhvBHS2P",Singapore,Crime
"Gundam Base Singapore opens at Jewel Changi Airport on Feb 3, will have limited-edition items",Channel NewsAsia,https://www.channelnewsasia.com/living/gundam-base-singapore-jewel-changi-airport-opening-5895646,2026-02-02,"Calling all Gundam fans and Gunpla enthusiasts in Singapore: The Gundam Base Singapore will open its doors on Feb 3.Get ready to snap up Gundam model kits – including limited-edition and hard-to-find releases – across multiple grades, all in one place at Jewel Changi Airport....","https://dam.mediacorp.sg/image/upload/s--zEy7Xsh4--/c_crop,h_900,w_1600,x_0,y_88/c_fill,g_auto,h_676,w_1200/f_auto,q_auto/v1/mediacorp/cna/image/2026/01/30/gundam_base_singapore.jpg?itok=3OZu7Nwy",Singapore,Entertainment
Beachgoers disappointed after crocodile sighting halts water activities at Sentosa beaches,Channel NewsAsia,https://www.channelnewsasia.com/singapore/crocodile-sentosa-beach-visitors-disappointed-5899021,2026-02-02,"Beachgoers at Sentosa’s three main beaches were disappointed and concerned after they were kept away from the water followinga crocodile sighting off Sentosa Coveon Saturday (Jan 31).Water activities, including swimming and kayaking, have been halted at Sentosa's Siloso, Palawan and Tanjong beaches.","https://dam.mediacorp.sg/image/upload/s--C3fGDc7M--/c_crop,h_899,w_1599,x_1,y_157/c_fill,g_auto,h_676,w_1200/fl_relative,g_south_east,l_mediacorp:cna:watermark:2021-08:cna,w_0.1/f_auto,q_auto/v1/mediacorp/cna/image/2026/02/01/1000172912.jpg?itok=pypMg6NI",Singapore,Environment
My BTO flat and baby arrived at the same time. Here's what it taught me about planning for financial shocks,Channel NewsAsia,https://www.channelnewsasia.com/today/voices/financial-planning-shock-bto-flat-baby-costs-savings-5895466,2026-02-02,"I used to think that life could be neatly mapped out on a spreadsheet, with things unfolding in a clear sequence: We would get our BTO (Build-to-order) flat, move in and live there for at least a year to settle down properly.It was a logical, linear plan that felt safe, as we wanted to find our...","https://dam.mediacorp.sg/image/upload/s--eT6B0ibJ--/c_crop,h_900,w_1600,x_0,y_140/c_fill,g_auto,h_676,w_1200/fl_relative,g_south_east,l_mediacorp:cna:watermark:2021-08:cna,w_0.1/f_auto,q_auto/v1/mediacorp/cna/image/2026/01/30/comsun_3.jpg?itok=K8apzmjm",Singapore,General
"Born in a bush and raised in a shelter, this former flight attendant opens up about surviving trauma and chasing a new dream",Channel NewsAsia,https://www.channelnewsasia.com/today/up-close/jungle-boy-sia-cabin-crew-domestic-violence-social-work-5894236,2026-02-02,"Warning: This article contains details of domestic violence and references to suicide.In a forested area in Sembawang on a Tuesday in 1996, Dino Isaac took his first breath.His mother was terrified and in pain.Full-term pregnant when she fled her abusive husband, she was suddenly faced with the...","https://dam.mediacorp.sg/image/upload/s--M9RSHB8P--/c_crop,h_885,w_1575,x_1,y_47/c_fill,g_auto,h_676,w_1200/fl_relative,g_south_east,l_mediacorp:cna:watermark:2021-08:cna,w_0.1/f_auto,q_auto/v1/mediacorp/cna/image/2026/01/30/20260129_raj_dino_issac1.jpg?itok=_qcAMGci",Singapore,General
Why I needed extended no-pay leave even though my parents worried my career may suffer,Channel NewsAsia,https://www.channelnewsasia.com/today/adulting/no-pay-leave-financial-career-how-why-5893006,2026-02-02,"Adulthood is not just one phase of life but comes in stages. Its many facets can be overwhelming, from managing finances and buying a home to achieving work-life balance and maintaining healthy relationships....","https://dam.mediacorp.sg/image/upload/s--WdepdKDm--/c_crop,h_900,w_1600,x_0,y_150/c_fill,g_auto,h_676,w_1200/fl_relative,g_south_east,l_mediacorp:cna:watermark:2021-08:cna,w_0.1/f_auto,q_auto/v1/mediacorp/cna/image/2026/01/30/20260201-ns-lladulting.jpg?itok=pgZEoH_Q",Singapore,General
Coroner records open verdict in case where man failed to report his girlfriend's death,Channel NewsAsia,https://www.channelnewsasia.com/singapore/woman-found-dead-condo-boyfriend-coroner-5900656,2026-02-02,"Warning: This story contains references to suicideSINGAPORE: A coroner's court on Monday (Feb 2) ruled an open verdict in the death of a 33-year-old woman who was found dead in her condominium unit by herboyfriend, who did not report it immediately.Ms Nallur Yang Hui Ying has a long-term mental...","https://dam.mediacorp.sg/image/upload/s--PIHPMYix--/c_fill,g_auto,h_676,w_1200/f_auto,q_auto/v1/mediacorp/tdy/image/2024/03/11/20230509_ll_state_courts_generics-1.jpg?itok=hXv4wTkO",Singapore,Crime
Singapore Airlines to launch nonstop flights to Riyadh in June,Channel NewsAsia,https://www.channelnewsasia.com/singapore/sia-riyadh-saudi-arabia-launch-nonstop-flights-june-2026-5900546,2026-02-02,"Singapore Airlines (SIA) will launch four weekly nonstop flights between Singapore and Riyadh, the capital of Saudi Arabia, on Jun 2, the airline announced on Monday (Feb 2).Subject to regulatory approval, flight SQ498 from Singapore will operate on Tuesdays, Thursdays, Saturdays and Sundays at...","https://dam.mediacorp.sg/image/upload/s--H0_XQsg3--/c_crop,h_1685,w_2996,x_0,y_1/c_fill,g_auto,h_676,w_1200/fl_relative,g_south_east,l_mediacorp:cna:watermark:2023-11:afp_watermark_14112023,w_0.1/f_auto,q_auto/v1/mediacorp/cna/image/2025/11/13/000_62mt3t2.jpg?itok=6MP_Ji5-",Singapore,General
led group nears deal to buy Singapore data centre firm STT GDC: Report,Channel NewsAsia,https://www.channelnewsasia.com/business/kkr-group-deal-st-telemedia-global-data-centres-wsj-5898846,2026-02-02,"led consortium is nearing a deal to buy Singapore-based ST Telemedia Global Data Centres that would value it at more than S$13 billion (US$10 billion), the Wall Street Journal reported on Saturday (Jan 31), citing people familiar with the matter.ST Telemedia, which is wholly owned by Singapore...","https://dam.mediacorp.sg/image/upload/s--oIDyhZjv--/c_fill,g_auto,h_676,w_1200/fl_relative,g_south_east,l_mediacorp:cna:watermark:2024-04:reuters_1,w_0.1/f_auto,q_auto/v1/one-cms/core/2026-01-15T025110Z_1_LYNXMPEM0E044_RTROPTP_3_USA-STOCKS.JPG?itok=KWqHZP3P",Singapore,Business
"Knights, samurai, fairies: I went to Singapore's first Renaissance fair",Channel NewsAsia,https://www.channelnewsasia.com/living/renaissance-fair-fort-canning-ren-faire-sg-5898421,2026-02-02,"Like Alice, I might have fallen down the rabbit hole at Fort Canning Park on a fair-weathered Saturday (Jan 31) – and entered a world so very different from the usual scene of picnicking domestic helpers and newly ROM-ed couples.I was at Ren Faire SG: The Origins, Singapore’s first-ever...","https://dam.mediacorp.sg/image/upload/s--72NUYIz7--/c_crop,h_576,w_1024,x_0,y_206/c_fill,g_auto,h_676,w_1200/fl_relative,g_south_east,l_mediacorp:cna:watermark:2021-08:cna,w_0.1/f_auto,q_auto/v1/mediacorp/cna/image/2026/02/01/11.jpg?itok=sOkAP3xz",Singapore,General
Water activities at 3 Sentosa beaches still on hold a day after crocodile first sighted,Channel NewsAsia,https://www.channelnewsasia.com/singapore/crocodile-sentosa-beaches-siloso-palawan-tanjong-search-5898686,2026-02-02,"Water activities, including swimming and kayaking, were still halted at Sentosa's Siloso, Palawan and Tanjong beaches, a day after a crocodile was spotted in the waters off Sentosa Cove on Saturday (Jan 31) evening.The Sentosa Development Corporation (SDC) said in a Facebook post that the National..","https://dam.mediacorp.sg/image/upload/s--D2vUYClP--/c_crop,h_260,w_462,x_0,y_439/c_fill,g_auto,h_676,w_1200/fl_relative,g_south_east,l_mediacorp:cna:watermark:2021-08:cna,w_0.1/f_auto,q_auto/v1/mediacorp/cna/image/2026/02/01/crocodile_sentosa.jpg?itok=V9-Hq99H",Singapore,Environment
"In a digital world, he finds joy in something old school – collecting rare fountain pens and ink bottles",Channel NewsAsia,https://www.channelnewsasia.com/living/fountain-pen-collector-singapore-5855126,2026-02-02,"There's always a touch of intrigue when Eugene Lee pulls out one of his fountain pens.Whether it’s puzzled whispers of “what’s that?” from distributors or nicknames like “the big red pen” from bemused colleagues, the 47-year-old semi-retired businessman relishes these quiet moments of standing...","https://dam.mediacorp.sg/image/upload/s--mgIvhF8y--/c_crop,h_899,w_1599,x_1,y_224/c_fill,g_auto,h_676,w_1200/fl_relative,g_south_east,l_mediacorp:cna:watermark:2021-08:cna,w_0.1/f_auto,q_auto/v1/mediacorp/cna/image/2026/01/15/fountain_pen_collector_hero_kel_2806.jpg?itok=IsK3imSk",Singapore,General
'Come back home safely': Loved ones fuel RSAF pilots’ focus in Singapore Airshow aerial display,Channel NewsAsia,https://www.channelnewsasia.com/singapore/singapore-airshow-rsaf-pilots-f16-jet-apache-helicopter-aerial-display-5898011,2026-02-02,"For air force helicopter pilot Yew Chee Hao, his loved ones are a motivation not just to put on a good show as he flies inthis year’s Singapore Airshow,but also to return home safely afterwards.“My loved ones are definitely on the back of my mind whenever I'm flying for the aerial display,” said...","https://dam.mediacorp.sg/image/upload/s--iFkAyWGV--/c_crop,h_900,w_1600,x_0,y_0/c_fill,g_auto,h_676,w_1200/fl_relative,g_south_east,l_mediacorp:cna:watermark:2021-08:cna,w_0.1/f_auto,q_auto/v1/mediacorp/cna/image/2026/01/31/_wal0548.jpg?itok=zL2a6eug",Singapore,General
"Rents in Kampong Glam, Little India and Chinatown rose 'moderately' over past two years: URA",Channel NewsAsia,https://www.channelnewsasia.com/singapore/warong-nasi-pariaman-ura-rental-kampong-glam-little-india-chinatown-5896901,2026-02-02,"Rents for shophouses in Singapore's historic districts have generally increased at a ""moderate pace"" over the past two years, the Urban Redevelopment Authority (URA) said on Saturday (Jan 31).The statement came in response to media queries following the impending closure of heritage nasi padang...","https://dam.mediacorp.sg/image/upload/s--OhJ85CAu--/c_crop,h_900,w_1600,x_0,y_300/c_fill,g_auto,h_676,w_1200/fl_relative,g_south_east,l_mediacorp:cna:watermark:2021-08:cna,w_0.1/f_auto,q_auto/v1/mediacorp/cna/image/2026/01/23/warong_nasi_pariaman_3.jpg?itok=JApZZ4j3",Singapore,General
"Around 1,300 shorter waiting time flats to be offered across three projects in February BTO sales exercise",Channel NewsAsia,https://www.channelnewsasia.com/singapore/hdb-shorter-waiting-time-flats-february-bto-tampines-sembawang-5896126,2026-02-02,"Of the nearly 4,700 Build-to-Order (BTO) flats being launched across six projects in the February 2026 sales exercise, more than 1,300 will be shorter waiting time flats, the Housing and Development Board (HDB) said on Saturday (Jan 31).These will form part ofmore than 4,000 flats with shorter...","https://dam.mediacorp.sg/image/upload/s--CVQ3AoIo--/c_crop,h_898,w_1597,x_3,y_75/c_fill,g_auto,h_676,w_1200/f_auto,q_auto/v1/mediacorp/cna/image/2026/01/30/tampines-bliss_high-res.jpeg?itok=4l4uiUeq",Singapore,General
From wedding decor to Gardens by the Bay: Meet the self-taught artist behind giant flower installations,Channel NewsAsia,https://www.channelnewsasia.com/women/singapore-artist-botanical-flower-installations-peiper-5878196,2026-02-02,"When Koh Pei Li created a hongbao box made of paper flowers for her wedding in 2014, her intention was to add a personal touch to the celebrations. Little did she know that, a decade later, her creations would be seen at local icons such as Gardens by the Bay and retail spaces across...","https://dam.mediacorp.sg/image/upload/s--Y0mHWfzq--/c_crop,h_639,w_1137,x_1,y_63/c_fill,g_auto,h_676,w_1200/f_auto,q_auto/v1/mediacorp/cna/image/2026/01/23/koh_pei_li-paper_flower_artist-peiper_founder.jpg?itok=xCEp7w4g",Singapore,General
Commentary: What's at stake as MOE mulls exam reforms?,Channel NewsAsia,https://www.channelnewsasia.com/commentary/singapore-education-reform-high-stakes-exam-psle-5896146,2026-02-02,"Singapore has for years been trying to reframe an education system often seen as an “arms race”. Further changes may be ahead, with the Ministry of Education (MOE)studying how to further reduce the stakes of examinations.This could involve recalibrating examination difficulty levels and the way in..","https://dam.mediacorp.sg/image/upload/s--TXtAOHRx--/c_fill,g_auto,h_676,w_1200/f_auto,q_auto/v1/tdy-migration/20190805_psle_raj.jpg?itok=5cPuum3-",Singapore,General
SFA recalls two more batches of infant formula products due to presence of toxin,Channel NewsAsia,https://www.channelnewsasia.com/singapore/sfa-recalls-two-more-infant-formula-dumex-dulac-5896626,2026-02-02,"Two additional batches of infant formula products were recalled by the Singapore Food Agency (SFA) on Friday (Jan 30) due to the presence of cereulide.The toxin, which can cause nausea and vomiting, was discovered in two batches of Dumex infant formula products.The affected batches are:Dumex Dulac..","https://dam.mediacorp.sg/image/upload/s--KdwrrMQ_--/c_crop,h_759,w_1350,x_0,y_83/c_fill,g_auto,h_676,w_1200/f_auto,q_auto/v1/mediacorp/cna/image/2026/01/30/2_panel_composite_3.jpg?itok=Vu9OCqZg",Singapore,Entertainment
"Hao Mart, Ang Mo Supermarket no longer required to charge for plastic bag after deregistering from scheme",Channel NewsAsia,https://www.channelnewsasia.com/singapore/hao-mart-ang-mo-supermarket-plastic-bags-charge-deregistered-nea-scheme-5895856,2026-02-02,"Supermarket operators Hao Mart and Ang Mo Supermarket are no longer required to charge for plastic bags following their deregistration from the disposable carrier bag charge scheme.This is the first time any supermarket operator has been delisted, said the National Environment Agency (NEA) on...","https://dam.mediacorp.sg/image/upload/s--wtTyjKMI--/c_crop,h_759,w_1350,x_0,y_152/c_fill,g_auto,h_676,w_1200/fl_relative,g_south_east,l_mediacorp:cna:watermark:2021-08:cna,w_0.1/f_auto,q_auto/v1/mediacorp/cna/image/2026/01/30/hao_mart_and_ang_mo_0.png?itok=jNj6H1pd",Singapore,Politics
Singapore doubles down on business events to power long-term tourism growth,Channel NewsAsia,https://www.channelnewsasia.com/singapore/singapore-tourism-board-mice-tourism-roadmap-2040-5896261,2026-02-02,"Singapore is stepping up its push to attract more meetings, incentives, conferences and exhibitions (MICE) as part of its long-term tourism roadmap.Also among the upcoming initiatives is practical support for local trade groups and chambers to help them plan and host events here.Singapore’s Tourism.","https://dam.mediacorp.sg/image/upload/s--MLH6SkPF--/c_fill,g_auto,h_676,w_1200/fl_relative,g_south_east,l_mediacorp:cna:watermark:2023-11:afp_watermark_14112023,w_0.1/f_auto,q_auto/v1/mediacorp/cna/image/2026/01/30/000_63yw82r.jpg?itok=e6X6hv6F",Singapore,Health
Autobahn Rent A Car directors charged with forgery over document purporting sale of 10 vehicles,Channel NewsAsia,https://www.channelnewsasia.com/singapore/autobahn-rent-car-directors-charged-forgery-cheat-5896266,2026-02-02,"Two directors of Autobahn Rent A Car were charged late on Friday (Jan 30) with conspiring to forge a document with the intention of cheating, in relation to the purported sale of 10 cars.Tan Boon Kee, better known as Roy, was charged alongside fellow director Sanjay Kumar Rai.The two 49-year-old...","https://dam.mediacorp.sg/image/upload/s--PIHPMYix--/c_fill,g_auto,h_676,w_1200/f_auto,q_auto/v1/mediacorp/tdy/image/2024/03/11/20230509_ll_state_courts_generics-1.jpg?itok=hXv4wTkO",Singapore,General
Man who dragged ICA officer with car after being stopped for fuel tank checks convicted of rash act,Channel NewsAsia,https://www.channelnewsasia.com/singapore/steve-ling-drove-ica-officer-fuel-tank-5895966,2026-02-02,"A man who drove off while an Immigration and Checkpoints Authority (ICA) officer was partially inside his car at Woodlands Checkpoint was convicted of a rash act endangering human life on Friday (Jan 30).Steve Ling Wei Liang, a 40-year-old Singaporean, had been stopped because his fuel tank was...","https://dam.mediacorp.sg/image/upload/s--kGZJ1rZu--/c_crop,h_1687,w_3000,x_0,y_121/c_fill,g_auto,h_676,w_1200/fl_relative,g_south_east,l_mediacorp:cna:watermark:2021-08:cna,w_0.1/f_auto,q_auto/v1/mediacorp/cna/image/2025/11/10/img_5023.jpg?itok=9QcVPG0T",Singapore,Health
Singapore’s military completes first solar farm at Sembawang Air Base,Channel NewsAsia,https://www.channelnewsasia.com/singapore/saf-mindef-clean-energy-solar-panels-chan-chun-sing-sembawang-airbase-5896031,2026-02-02,"The first solar farm in a military base in Singapore was launched at Sembawang Air Base on Friday (Jan 30).Its completion in December brought the Ministry of Defence (MINDEF) and Singapore Armed Forces (SAF) to their solar output target of 50 megawatt-peak (MWp), announced in 2021.On Friday, a new..","https://dam.mediacorp.sg/image/upload/s--QiT0OCp6--/c_fill,g_auto,h_676,w_1200/fl_relative,g_south_east,l_mediacorp:cna:watermark:2021-08:cna,w_0.1/f_auto,q_auto/v1/mediacorp/cna/image/2026/01/30/34727.jpg?itok=987t_yDe",Singapore,General
The popular musical Cats will return to Singapore in October,Channel NewsAsia,https://www.channelnewsasia.com/entertainment/cats-musical-singapore-october-2026-5895866,2026-02-02,"Do you remember the time you knew what happiness was? Let the memory live again this October as Andrew Lloyd Webber’s record-breaking musical, Cats, returns to Singapore for a limited season, about seven years since its last run in the country.The upcoming production of Cats will be held at Marina..","https://dam.mediacorp.sg/image/upload/s--Mrf4cdz6--/c_crop,h_900,w_1600,x_0,y_85/c_fill,g_auto,h_676,w_1200/f_auto,q_auto/v1/mediacorp/cna/image/2026/01/30/cats_singapore_musical.jpg?itok=cFqZ9Kxy",Singapore,Entertainment
"CNA Explains: What are Roblox and Gorebox, and how might they be used for radicalisation?",Channel NewsAsia,https://www.channelnewsasia.com/singapore/roblox-gorebox-online-gaming-platforms-self-radicalisation-isd-5890921,2026-02-02,"A 14-year-old boy used Roblox and Gorebox to recreate terror attacks and executions, roleplaying as an ISIS fighter killing “disbelievers”.The Internal Security Department on Wednesday (Jan 28) said the teenager wasissued a restriction orderunder the Internal Security Act for...","https://dam.mediacorp.sg/image/upload/s--bSOVTf9z--/c_crop,h_537,w_954,x_259,y_1/c_fill,g_auto,h_676,w_1200/f_auto,q_auto/v1/mediacorp/cna/image/2026/01/28/roblox_gorebox_isd_5.jpg?itok=7DRRLjiw",Singapore,Crime
CNA Explains: What is 'tunnel squatting' and how does it affect MRT operations?,Channel NewsAsia,https://www.channelnewsasia.com/singapore/circle-line-tunnel-squatting-train-operations-cna-explains-5522091,2026-02-02,"Sections of Circle Line tunnels serving Mountbatten, Dakota and Paya Lebar stations will bepartially closed for nearly three monthsin early 2026 for strengthening works, following a phenomenon known as ""tunnel squatting"".In a nutshell, this means longer waits of up to 30 minutes for commuters...","https://dam.mediacorp.sg/image/upload/s--rcaF7OwT--/c_fill,g_auto,h_676,w_1200/f_auto,q_auto/v1/mediacorp/cna/image/2025/12/02/istock-1757190054.jpg?itok=pvduua5v",Singapore,General
CNA Explains: What Singapore's national wage guidelines are for,Channel NewsAsia,https://www.channelnewsasia.com/singapore/national-wages-council-salary-guideline-pay-increment-bonus-workers-5466976,2026-02-02,"Every year, the National Wages Council (NWC)releases salary recommendationsfor workers in Singapore.These provide guidance on pay increments, bonuses and one-off payments that affect all employees here, including white-collar professionals.But they are not binding on employers– so can they still...","https://dam.mediacorp.sg/image/upload/s--QVofQrqv--/c_crop,h_575,w_1022,x_1,y_107/c_fill,g_auto,h_676,w_1200/fl_relative,g_south_east,l_mediacorp:cna:watermark:2023-11:afp_watermark_14112023,w_0.1/f_auto,q_auto/v1/mediacorp/cna/image/2025/11/14/singapore_office_workers_raffles_place_financial_district_cbd.jpg?itok=yMskLzav",Singapore,General
CNA Explains: Ariana Grande rushed by fan at Singapore movie premiere - how is security managed at red-carpet events?,Channel NewsAsia,https://www.channelnewsasia.com/singapore/cna-explains-ariana-grande-security-arrangement-wicked-premiere-johnson-wen-celebrities-5467861,2026-02-02,"When a manjumped over a barricadeand rushed at American pop star and actress Ariana Grande on Thursday (Nov 13) night, fans were left questioning how the security breach could have occurred.The incident took place during the The Wicked: For Good movie premiere at Universal Studios Singapore (USS)...","https://dam.mediacorp.sg/image/upload/s--pNAr2a9H--/c_crop,h_719,w_1278,x_0,y_151/c_fill,g_auto,h_676,w_1200/f_auto,q_auto/v1/mediacorp/cna/image/2025/11/14/ariana_grande_cynthia_erivo.png?itok=xOgdHs6l",Singapore,General
CNA Explains: Can a repeat offender who violated bail conditions be granted bail again?,Channel NewsAsia,https://www.channelnewsasia.com/singapore/cna-explains-man-raped-woman-exercise-corner-offered-bail-5432926,2026-02-02,"A man whoraped a 61-year-old woman at an exercise cornerhad been out on bail when he committed the sexual assault.Imran Syafiq Mohamed Rashid, 37, had a history of absconding and had been arrested several times for a string of offences....","https://dam.mediacorp.sg/image/upload/s--Vjq78XO6--/c_crop,h_1125,w_2000,x_0,y_104/c_fill,g_auto,h_676,w_1200/fl_relative,g_south_east,l_mediacorp:cna:watermark:2021-08:cna,w_0.1/f_auto,q_auto/gavel-12-court-crime-singapore---file-photo-data_0.jpg?itok=y5HvgER-",Singapore,Crime
The Lions took Singapore to the Asian Cup – now comes the hard part,Channel NewsAsia,https://www.channelnewsasia.com/sport/in-focus-singapore-mens-national-team-football-asian-cup-qualification-momentum-5491031,2026-02-02,"It was a result that reverberated across the island – for all the right reasons.At watch parties in Our Tampines Hub and Bishan Community Club, fans erupted as the Lions clawed back from the brink – first with a Shawal Anuar equaliser, then a dramatic Ilhan Fandi winner minutes later.Thousands of...","https://dam.mediacorp.sg/image/upload/s--Mg8_Uj06--/c_fill,g_auto,h_676,w_1200/fl_relative,g_south_east,l_mediacorp:cna:watermark:2021-08:cna,w_0.1/f_auto,q_auto/v1/mediacorp/cna/image/2025/11/19/jem_0071.jpg?itok=xVR-UuNM",Singapore,General
How the Miss Universe 'dumb head' drama could reshape beauty pageants,Channel NewsAsia,https://www.channelnewsasia.com/singapore/beauty-pageants-relevance-in-focus-5462121,2026-02-02,"The most recent Miss Universe pageant began in controversy – which, for some, provided a silver lining.Earlier in November, a livestream of a sashing ceremony captured Miss Universe Thailand director Nawat Itsaragrisil calling Miss Universe Mexico, Fatima Bosch, a “dumb head” for not posting...","https://dam.mediacorp.sg/image/upload/s--xQjd33ij--/c_crop,h_1080,w_1919,x_1,y_0/c_fill,g_auto,h_676,w_1200/fl_relative,g_south_east,l_mediacorp:cna:watermark:2021-08:cna,w_0.1/f_auto,q_auto/v1/mediacorp/cna/image/2025/11/14/gfx-relevance-of-beauty-paegants_16-9.png?itok=NNV8Sr6l",Singapore,Entertainment
"Slowing adoption, limited capacity - inside Singapore’s animal rescue groups",Channel NewsAsia,https://www.channelnewsasia.com/singapore/inside-singapore-animal-rescue-network-groups-in-focus-5883361,2026-02-02,"At first glance, empty cages at the Society for the Prevention of Cruelty to Animals (SPCA) may seem like good news. Their occupants may have gone on to their forever homes.But they may also point to a less visible reality – that more animals are being housed elsewhere in the facility, requiring...","https://dam.mediacorp.sg/image/upload/s--QwtthpMo--/c_crop,h_899,w_1599,x_1,y_167/c_fill,g_auto,h_676,w_1200/fl_relative,g_south_east,l_mediacorp:cna:watermark:2021-08:cna,w_0.1/f_auto,q_auto/v1/mediacorp/cna/image/2026/01/20/20260115_ili_spca-10.jpg?itok=9mnyiJDE",Singapore,Health
Should social media be banned for teens in Singapore?,Channel NewsAsia,https://www.channelnewsasia.com/singapore/social-media-ban-australia-singapore-teenagers-in-focus-5582946,2026-02-02,"At first, it appeared to be an innocent livestream of someone chatting to viewers while eating.But the scene quickly turned into one of horror when 13-year-old Shrihaan Thakar realised that the livestreamer he was watching had begun hitting his cat.“I found it very disturbing and cruel,” said the...","https://dam.mediacorp.sg/image/upload/s--pqehkQrF--/c_fill,g_auto,h_676,w_1200/fl_relative,g_south_east,l_mediacorp:cna:watermark:2021-08:cna,w_0.1/f_auto,q_auto/v1/mediacorp/cna/image/2025/12/15/gfx-social-media-ban-singapore-children-teenagers-in-focus.jpeg?itok=VNryYRUH",Singapore,General
Stop and stare? The frustration with inconsiderate behaviour on trains and buses in Singapore,Channel NewsAsia,https://www.channelnewsasia.com/singapore/public-nuisance-singapore-buses-trains-loud-videos-inconsiderate-5459361,2026-02-02,"Among all the ways to be a public nuisance on the bus, blasting music out loud and running around on the upper deck are the most common ones that bus captain Aaron Lee sees every day.The next most common habit is more bizarre. “Nail clipping. Yes, really,” he told CNA.“I am also speechless....","https://dam.mediacorp.sg/image/upload/s--8tWKwtr4--/c_crop,h_1080,w_1920,x_0,y_0/c_fill,g_auto,h_676,w_1200/fl_relative,g_south_east,l_mediacorp:cna:watermark:2021-08:cna,w_0.1/f_auto,q_auto/v1/mediacorp/cna/image/2025/11/11/inconsiderate_behaviour_trains_in_focus.png?itok=aGw3g33K",Singapore,General
Are PC cafes making a comeback in Singapore?,Channel NewsAsia,https://www.channelnewsasia.com/singapore/pc-cafes-lan-shops-esports-gaming-mobile-in-focus-5397816,2026-02-02,"In their secondary school and polytechnic days, Leo Rui Yan and Jaden Chan used to frequent what Singaporeans referred to as LAN shops.Standing for local area network, these places link up several computers to play multiplayer games, either through wireless or wired connections.Ms Chan, now 30...","https://dam.mediacorp.sg/image/upload/s--sBE3Tma9--/c_crop,h_1080,w_1920,x_0,y_0/c_fill,g_auto,h_676,w_1200/fl_relative,g_south_east,l_mediacorp:cna:watermark:2021-08:cna,w_0.1/f_auto,q_auto/v1/mediacorp/cna/image/2025/10/13/lan-shop-illustration.png?itok=KlhppfG2",Singapore,General
No new petrol-only cars in Singapore from 2030 – what infrastructure needs to change?,Channel NewsAsia,https://www.channelnewsasia.com/singapore/electric-vehicles-singapore-infrastructure-charging-petrol-stations-workshops-5376971,2026-02-02,"Car enthusiast Leong Yi Chong bought an internal combustion engine (ICE) car in February and hopes to extend its Certificate of Entitlement beyond the 10 years, and past 2040.He thinks that being behind the wheel of an ICE car is a “raw, visceral” experience that drivingan electric vehicle...","https://dam.mediacorp.sg/image/upload/s--VWkCYBDG--/c_fill,g_auto,h_676,w_1200/fl_relative,g_south_east,l_mediacorp:cna:watermark:2021-08:cna,w_0.1/f_auto,q_auto/v1/mediacorp/cna/image/2025/09/30/gfx-illustration-transition-to-ev.png?itok=Mb0oPtXb",Singapore,Business
"Told he could die in just months, this 27-year-old is 'more positive about life now'",Channel NewsAsia,https://www.channelnewsasia.com/singapore/when-death-comes-knocking-terminal-illness-dying-months-live-4761686,2026-02-02,"Meeting Afif Yusli for the first time, it's not immediately obvious that he's sick, let alone battling a terminal disease.The lean 27-year-old moves around nimbly, with no obvious signs of pain or discomfort.And unlike what some might expect of a cancer patient, he has a full head of hair and is...","https://dam.mediacorp.sg/image/upload/s--M74W6w0_--/c_crop,h_900,w_1600,x_0,y_0/c_fill,g_auto,h_676,w_1200/fl_relative,g_south_east,l_mediacorp:cna:watermark:2021-08:cna,w_0.1/f_auto,q_auto/v1/mediacorp/cna/image/2024/11/21/20241118_Ili_BrainCancer_profile_AfifYusli_1.jpg?itok=JQzZXc0r",Singapore,General
'If he needs to go … we have to let him go': How a mother is coming to terms with her son’s terminal illness,Channel NewsAsia,https://www.channelnewsasia.com/singapore/when-death-comes-knocking-caregiver-terminal-illness-dying-young-4773226,2026-02-02,"When her son had a seizure and scans showed a growth inside his brain, she put up a strong front.When he underwent surgery and woke up unable to speak or walk, she put on a brave face.And when her husband had to do a heart bypass and her sickly mother was hospitalised, all in the same period, still.","https://dam.mediacorp.sg/image/upload/s--4oEXsGHh--/c_fill,g_auto,h_676,w_1200/fl_relative,g_south_east,l_mediacorp:cna:watermark:2021-08:cna,w_0.1/f_auto,q_auto/v1/mediacorp/cna/image/2024/11/28/20241118_Ili_Brain Cancer profile_Afif Yusli-7.jpg?itok=Eo5bCsWH",Singapore,Health
'Death with dignity': The people helping terminally ill patients to find peace and leave with no regrets,Channel NewsAsia,https://www.channelnewsasia.com/singapore/when-death-comes-knocking-nccs-ambulance-wish-singapore-cancer-doctor-charity-4788641,2026-02-02,"As an oncologist or cancer doctor, Dr Eileen Poon lives on the margins of grief daily; delivering bad news to patients, caring for them in the final stages and witnessing firsthand the pain of families preparing for and dealing with loss.Few things surprise her – but when she first met Mr Afif...","https://dam.mediacorp.sg/image/upload/s--vD69apZQ--/c_fill,g_auto,h_676,w_1200/f_auto,q_auto/v1/mediacorp/cna/image/2022/08/27/istock-1206723083.jpg?itok=O4PzEL4L",Singapore,Health
Commentary: 'Spending within one’s means' is advice worth repeating amid rising credit card debt,Channel NewsAsia,https://www.channelnewsasia.com/commentary/singapore-credit-card-rollover-balance-10-year-high-consumers-overspending-5887796,2026-02-02,"It seems like more Singaporeans are deferring their credit card bill repayments, going by official figures that show rollover balances hitting a 10-year high last year.These credit card balances – the outstanding amount not paid by the due date and is subject to interest charges –crossed S$9...","https://dam.mediacorp.sg/image/upload/s--cNCFmx72--/c_crop,h_842,w_1498,x_0,y_239/c_fill,g_auto,h_676,w_1200/f_auto,q_auto/v1/mediacorp/cna/image/2025/09/16/credit_card_strategy_luxury_travel_hacks_cheap_business_class_flights_hotels.jpg?itok=Dq0JqUaE",Singapore,General
Commentary: The tide of sexualised AI images will normalise online harm,Channel NewsAsia,https://www.channelnewsasia.com/commentary/ai-sexualised-image-deepfake-women-regulate-grok-x-5890766,2026-02-02,"In recent weeks,generative artificial intelligence (AI) tools have crossed a troubling line. X’s AI chatbot, Grok, introduced image-editing features that allow users to create sexualised images of real people using simple text prompts....","https://dam.mediacorp.sg/image/upload/s--rX0ojgbV--/c_fill,g_auto,h_676,w_1200/f_auto,q_auto/v1/mediacorp/cna/image/2026/01/28/istock-901411956.jpg?itok=r3Y1KIw_",Singapore,Entertainment
Commentary: What complaints about dancers in MRT linkways reveal about us,Channel NewsAsia,https://www.channelnewsasia.com/commentary/mrt-linkway-dance-mirrors-public-space-singapore-5878496,2026-02-02,"A recent series of incidents has resurfaced the complex issue of how public spaces are used in Singapore.This month,mirrors along an underground linkway at Bayfront MRT station were frostedafter feedback that dancers using the area as a makeshift practice space were obstructing pedestrian...","https://dam.mediacorp.sg/image/upload/s--SihjdqjL--/c_crop,h_1836,w_3264,x_0,y_174/c_fill,g_auto,h_676,w_1200/f_auto,q_auto/v1/mediacorp/cna/image/2026/01/16/frosted_mirror_bayfront_1.jpg?itok=trenqCF-",Singapore,General
Commentary: Independent Nominated Member of Parliament voices will only become more important for Singapore,Channel NewsAsia,https://www.channelnewsasia.com/commentary/singapore-nominated-mp-parliament-motion-independence-5873686,2026-02-02,"Last week, parliament debated and ultimately voted to find Workers' Party (WP) chief Pritam Singh unsuitable to continue asLeader of the Oppositionfollowing his conviction for lying to a parliamentary committee....","https://dam.mediacorp.sg/image/upload/s--bh1fB-LG--/c_crop,h_900,w_1600,x_0,y_0/c_fill,g_auto,h_676,w_1200/f_auto,q_auto/v1/mediacorp/cna/image/2026/01/14/pritam_singh_parliament_0.png?itok=5gIcnHi5",Singapore,General
"Commentary: Whether IP rider changes affect you or not, it’s a reminder to review your healthcare assumptions",Channel NewsAsia,https://www.channelnewsasia.com/commentary/health-insurance-plan-ip-rider-changes-advice-review-5873726,2026-02-02,"Amajor change in health insurance plansis coming up in April 2026. Those who buy new Integrated Shield Plan (IP) riders will bear more out-of-pocket costs when making claims, as the deductible will no longer be covered and the annual co-payment cap will be raised.Those who already have existing...","https://dam.mediacorp.sg/image/upload/s--Yr2sMoq_--/c_crop,h_1192,w_2119,x_1,y_221/c_fill,g_auto,h_676,w_1200/f_auto,q_auto/v1/mediacorp/cna/image/2021/11/01/paying_bills_mental_health.jpg?itok=_uOB-GEp",Singapore,Health
Commentary: Jumping into 2026 and ‘I don’t know yet’ can be the most honest answer,Channel NewsAsia,https://www.channelnewsasia.com/commentary/how-stick-2026-resolutions-better-work-health-5867666,2026-02-02,"It’s a few weeks into January, and many of us might already feel “behind”.Having recently returned from almost a decade in the Silicon Valley, I’ve noticed that the new year ramps up much more quickly here in Singapore.“Jan 22 is too late to have our 2026 planning session!...","https://dam.mediacorp.sg/image/upload/s--XyEdSkHX--/c_fill,g_auto,h_676,w_1200/f_auto,q_auto/v1/mediacorp/cna/image/2026/01/19/istock-181884414.jpg?itok=MaRLiRgr",Singapore,General
Commentary: Pritam Singh’s removal as Leader of the Opposition reflects importance of higher standards in Singapore politics,Channel NewsAsia,https://www.channelnewsasia.com/commentary/pritam-singh-removed-leader-opposition-rule-law-5861196,2026-02-02,"Although it is tempting, we should resist seeing theparliamentary motionon Workers’ Party chief Pritam Singh through the prism of partisan politics.That the debate took place was of utmost importance, even if the exchanges and the voting outcome were unsurprising – finding Mr Singh unsuitable to...","https://dam.mediacorp.sg/image/upload/s--YNUA5kWW--/c_fill,g_auto,h_676,w_1200/f_auto,q_auto/v1/mediacorp/cna/image/2026/01/14/1768380135-image.jpg?itok=8butUGBv",Singapore,Crime
Commentary: I was struck by climate fatigue until I listened to this Oscar-winning filmmaker,Channel NewsAsia,https://www.channelnewsasia.com/commentary/australia-fire-asia-flood-climate-adam-mckay-5858051,2026-02-02,"Over the past week,wildfires ripped through southeast Australia, scorching 4,040 sq km – or more than five times the size of Singapore, as one Australian media outlet put into perspective – destroying properties and forcing thousands to evacuate....","https://dam.mediacorp.sg/image/upload/s--ECyrVmzj--/c_fill,g_auto,h_676,w_1200/f_auto,q_auto/v1/mediacorp/cna/image/2026/01/14/2_panel_composite.png?itok=5U5Mudsx",Singapore,General
Scam tracker: What are the trends in Singapore and how much money was lost in 2025?,The Straits Times,https://www.straitstimes.com/singapore/scam-tracker-what-are-the-latest-trends-in-spore-and-how-much-money-has-been-lost?ref=stop-scams,2026-02-02,"Singapore has lost more than $3.4 billion to scams since 2019, with a record annual high of $1.1 billion in 2024 alone. The Straits Times looks at the scam trends in 2025. There were more than 36,700 cases of scams reported in 2025, with victims losing over $893.7 million....",https://cassette.sphdigital.com.sg/image/straitstimes/d1c97fd22d1a2ece540610be0c8fc7ffece534794d10561a072358db60424c69,Singapore,General
National scams simulation exercise to be part of Total Defence initiative in 2026,The Straits Times,https://www.straitstimes.com/singapore/community/national-scam-simulation-exercise-to-feature-as-part-of-total-defence-initiative-in-2026?ref=stop-scams,2026-02-02,Minister for Digital Development and Information Josephine Teo (second from right) and Senior Minister of State for Defence Zaqy Mohamad (centre) at the Total Defence Commemoration Event....,https://cassette.sphdigital.com.sg/image/straitstimes/f7fbe7aed8ba985d71fea3c9d02390a4afb163dfbec9e398c3e5eaf16080533e,Singapore,Business
Police victim care officers help Singapore scam victims find strength after losing savings,The Straits Times,https://www.straitstimes.com/singapore/courts-crime/police-victim-care-officers-help-scam-victims-in-spore-find-strength-after-losing-life-savings?ref=stop-scams,2026-02-02,"Ms Lee Ting Yu (left) and Ms Tanzima Rowshnya Raquib are volunteers with the Singapore Police Force’s Victim Care Cadre Programme. 01, 2026, 05:00 AM 02, 2026, 12:22 PM SINGAPORE –An elderly man’s life was turned upside down when almost all his savings were wiped out by a government official...",https://cassette.sphdigital.com.sg/image/straitstimes/5229ffbb5a0f7b68da15d6ccf19283e88a5704866c0a25840d5ecdb5d21cf2d8,Singapore,Health
24 people to be charged with scam-related money mule activities involving over $3.1m in losses,The Straits Times,https://www.straitstimes.com/singapore/24-people-to-be-charged-with-scam-related-money-mule-activities-involving-over-3-1m-in-losses?ref=stop-scams,2026-02-02,"Sixteen men and eight women aged between 16 and 51 were arrested and will be charged. 01, 2026, 11:45 AM 01, 2026, 12:00 PM SINGAPORE –Sixteen men and eight women have been arrested for their suspected involvement in various scams amounting to more than $3.1 million in losses....",https://cassette.sphdigital.com.sg/image/straitstimes/7ec5003550c518657e1e93569a786c4dc1c0a71e9ba935c06b54ee24b19862b5,Singapore,Crime
Investing in stocks or stuff?,The Straits Times,https://www.straitstimes.com/business/investing-in-stocks-or-stuff?ref=podcasts,2026-02-02,"Headstart On Record Podcast Get tips on how to grow your career and money Is it better to buy stocks or invest in tangible things? ST GRAPHICS: TAN HWEE SAN 02, 2026, 06:00 AM 02, 2026, 06:00 AM Synopsis: Every first and third Monday of the month, get a head start in your personal finance, career...",https://cassette.sphdigital.com.sg/image/straitstimes/a904f577937bc9e325f2354caf074a452b8d5a46e6df5d239817056385e496bf,Singapore,Business
Has Trump ‘ruptured’ the global order? What can Singapore do?,The Straits Times,https://www.straitstimes.com/singapore/has-trump-ruptured-the-global-order-what-can-singapore-do?ref=podcasts,2026-02-02,"After last week’s World Economic Forum in Davos, Switzerland, it was clear that the gloves were off and countries were not in the mood play nice (at least not for now). Natasha Ann Zachariah 29, 2026, 11:10 AM 29, 2026, 04:22 PM After the World Economic Forum in Davos, it’s clear that global...",https://cassette.sphdigital.com.sg/image/straitstimes/dd3d81c63091994d92df0f9ddcfc703060407b955b2f210a5ab2ebf95af91a99,Singapore,Politics
Forced to kowtow until he bled: Why some men stay in abusive marriages,The Straits Times,https://www.straitstimes.com/singapore/forced-to-kowtow-until-he-bled-why-men-stay-in-abusive-marriages?ref=podcasts,2026-02-02,"In Your Opinion Podcast Spotting the signs of abuse might be crucial, but ensure you understand the heartbreaking reasons why many battered husbands feel forced to stay. ST GRAPHIC: HADYU RAHIM 28, 2026, 06:00 PM 30, 2026, 01:27 PM Synopsis: On Wednesdays, The Straits Times takes a hard look at...",https://cassette.sphdigital.com.sg/image/straitstimes/27ba823e189939b0be42b5736c9d0e27c8cb518f5018e7d51a120fa43c6544e8,Singapore,General
Explore The Straits Times’ podcasts,The Straits Times,https://www.straitstimes.com/singapore/explore-the-straits-times-podcasts?ref=podcasts,2026-02-02,"Seated (from left): Assistant podcast editor Lynda Hong, podcast producer Teo Tong Kai, host Natasha Zachariah, podcast producer Eden Soh and podcast editor Ernest Luis. Standing (from left): Podcast producers Amirul Karim, Fa'izah Sani and Hadyu Rahim....",https://cassette.sphdigital.com.sg/image/straitstimes/15eab981a91c3c69a4b3b85c312c83a495546b2dfe1c902d5f48df9b4fdcad00,Singapore,Entertainment
"Parliament to discuss rising rents in heritage areas, food safety in school central kitchens",The Straits Times,https://www.straitstimes.com/singapore/politics/parliament-to-discuss-rising-rents-in-heritage-areas-food-safety-in-school-central-kitchens?ref=top-stories,2026-02-02,"Parliament will also introduce a Bill on coastal protection and debate another on land transport. SHINTARO TAY 02, 2026, 02:59 PM 02, 2026, 05:31 PM SINGAPORE – Rising rents in historic districts, food safety in school central kitchens, and a new scheme to refund reusable drink containers are up...",https://cassette.sphdigital.com.sg/image/straitstimes/de4dde2ebf6ca70e9ad0547fdf088bd8437fc37aea9bf0208393e4936b8074df,Singapore,Politics
Thundery afternoon showers expected over parts of Singapore in first two weeks of February,The Straits Times,https://www.straitstimes.com/singapore/thundery-showers-expected-over-parts-of-singapore-in-the-first-two-weeks-of-february?ref=top-stories,2026-02-02,"Rainfall in the first fortnight of February is expected to be near average over most parts of Singapore. 02, 2026, 04:31 PM 02, 2026, 05:36 PM SINGAPORE – Wet weather is expected in Singapore from the middle of this week....",https://cassette.sphdigital.com.sg/image/straitstimes/279c65c2d96c954963328285c233b02aca8388aa2970c7581cd341b75474cdca,Singapore,General
World’s first airport test bed for open-fan aircraft engines among 8 agreements inked by CAAS,The Straits Times,https://www.straitstimes.com/singapore/transport/worlds-first-airport-testbed-for-open-fan-aircraft-engines-among-8-agreements-inked-by-caas?ref=top-stories,2026-02-02,"The test bed agreement aims to study the possibility of incorporating next-generation open-fan engines into Singapore’s aviation operations. 02, 2026, 11:20 AM 02, 2026, 05:40 PM SINGAPORE –Setting up the world’s first airport test bed for next-generation open-fan aircraft engines was...",https://cassette.sphdigital.com.sg/image/straitstimes/134dd0157d16bb3e174807a23fc39779576ffbbd4f05843046fbb9f731127633,Singapore,Entertainment
‘Global aviation did not grow by accident’: Jeffrey Siow calls for further collaboration at summit,The Straits Times,https://www.straitstimes.com/singapore/transport/global-aviation-did-not-grow-by-accident-jeffrey-siow-calls-for-further-collaboration-at-aviation?ref=top-stories,2026-02-02,"Acting Transport Minister Jeffrey Siow touched on the importance of Singapore’s air hub in his speech at the third Changi Aviation Summit. 02, 2026, 10:15 AM 02, 2026, 06:17 PM SINGAPORE –The international aviation community must continue collaborating closely to further improve safety and...",https://cassette.sphdigital.com.sg/image/straitstimes/f42f34eacf242993ed3c6aec78812657f95946bf15322c84b39e24e8bb0522c2,Singapore,Politics
"Over 12,000 vehicle owners in S’pore yet to rectify faulty Takata airbags that killed man in 2022",The Straits Times,https://www.straitstimes.com/singapore/transport/over-12000-vehicle-owners-in-spore-yet-to-rectify-faulty-takata-airbags-that-killed-man-in-2022?ref=top-stories,2026-02-02,"An airbag module made by Takata. Around 2013, investigators discovered that defective Takata steering wheel airbags could eject metal fragments during accidents. 02, 2026, 01:31 PM 02, 2026, 05:50 PM SINGAPORE –Around12,700 vehiclesin Singapore with defective Takata airbags have not been rectified,.",https://cassette.sphdigital.com.sg/image/straitstimes/79109c552992fcb3ec73a20771747f654f7d77010d2cae017e2af3ad1a62afe9,Singapore,General
Extended train and bus services on Chinese New Year’s eve,The Straits Times,https://www.straitstimes.com/singapore/extended-train-and-bus-services-on-chinese-new-years-eve?ref=top-stories,2026-02-02,"Train services on the North-South, East-West, Circle and Thomson-East Coast lines will be extended on Feb 16. 02, 2026, 03:45 PM 02, 2026, 05:46 PM SINGAPORE – Train services will be extended on Feb 16, the eve of Chinese New Year, up to around 2am, and some bus services will run as late as around..",https://cassette.sphdigital.com.sg/image/straitstimes/f17d663e5875213bc124a14dd49139ce1366e858a5620b1ec930182e1dda6bcb,Singapore,General
Patients empowered to play bigger role in own healthcare journey and decisions,The Straits Times,https://www.straitstimes.com/singapore/health/patients-empowered-to-play-a-bigger-role-in-own-healthcare-journey-and-decisions?ref=top-stories,2026-02-02,"NHG Health’s chief of health services and outcomes research John Abisheganaden examining Madam Merly Hong, a patient with Tan Tock Seng Hospital since 2016. CHONG JUN LIANG 02, 2026, 03:00 PM 02, 2026, 05:13 PM SINGAPORE – Now more thanever, patients are taking their health into their own hands....",https://cassette.sphdigital.com.sg/image/straitstimes/4bbe4799357ada57edf038e365d15d0db694bb7607cd053c7f5527aba1a559b8,Singapore,Health
Fewer animal cruelty and welfare cases reported to SPCA in 2025; most still involve cats,The Straits Times,https://www.straitstimes.com/singapore/fewer-animal-cruelty-and-welfare-cases-reported-to-spca-in-2025-most-still-involve-cats?ref=top-stories,2026-02-02,"SPCA investigated a total of 608 confirmed cases in 2025, a decline from the 961 seen in 2024, according to its annual report. 02, 2026, 02:35 PM 02, 2026, 06:13 PM SINGAPORE -Animal cruelty and welfare cases saw a dip in 2025 from a 12-year high the previous year, though the majority of them...",https://cassette.sphdigital.com.sg/image/straitstimes/0d62f3264048376ad88d18ce758cdfd9fdfff0d4e62cd7bdab075d4a47ee958b,Singapore,General
"1,600 BTO flats to be built in Upper Thomson, with first project slated for June launch",The Straits Times,https://www.straitstimes.com/singapore/housing/1600-bto-flats-to-be-built-in-upper-thomson-first-project-slated-for-june-launch?ref=latest-headlines,2026-02-02,"Get tips on how to grow your career and money An artist’s impression of the three BTO projects in Lakeview and Shunfu. 02, 2026, 06:00 PM 02, 2026, 06:00 PM SINGAPORE –About 1,600 Build-To-Order (BTO) flats across three projects will be launched in the Upper Thomson area, with the first 1,200-unit..",https://cassette.sphdigital.com.sg/image/straitstimes/4b71e3680f7ec4f218ffdb0d56fb67ca764ce028ee7e88706450809bb56edc3f,Singapore,General
Space tech specialisation at Ngee Ann Poly among announcements at Space Summit,The Straits Times,https://www.straitstimes.com/singapore/transport/space-tech-specialisation-at-ngee-ann-poly-among-announcements-at-space-summit?ref=latest-headlines,2026-02-02,"EDB's office for Space Technology & Industry signed a letter of intent with the Spanish space agency to promote industry collaborations. EXPERIA EVENTS 02, 2026, 05:55 PM 02, 2026, 06:15 PM SINGAPORE –Students enrolling at Ngee Ann Polytechnic in various engineering diploma courses in April will be.",https://cassette.sphdigital.com.sg/image/straitstimes/1b999b558318c751bcddcb1c5bb1490ebbec219d2fe38bc73c59c7b0a10641d3,Singapore,Technology
Jail for drink driver who drove with his 2 children in car and hit pedestrian in fatal crash,The Straits Times,https://www.straitstimes.com/singapore/courts-crime/jail-for-drink-driver-who-drove-with-his-2-children-in-car-and-killed-a-pedestrian?ref=latest-headlines,2026-02-02,"He had been driving at an “excessive speed” of between 111kmh and 122kmh in an area where the speed limit was 70kmh, the prosecution said. 02, 2026, 05:55 PM 02, 2026, 06:14 PM SINGAPORE –A man with a prior drink driving conviction was sentenced to 11 years’ jail and a fine of $12,000 on Feb...",https://cassette.sphdigital.com.sg/image/straitstimes/64a3ad76384ff2dd6abd8323a6b9f7229d2a506a1673cb28c1c73a168761e4a3,Singapore,General
Ex-actor Edmund Chen appeals against jail term over AYE accident that injured motorcyclist,The Straits Times,https://www.straitstimes.com/singapore/courts-crime/former-actor-edmund-chen-appealing-jail-term-over-aye-accident-which-injured-motorcyclist?ref=latest-headlines,2026-02-02,"According to court records, which identified the 63-year-old Edmund Chen as Tan Kai Yuan, the appeal was filed on Feb 2. 02, 2026, 05:27 PM 02, 2026, 06:07 PM SINGAPORE - Former actor Edmund Chen has appealed against the five-day jail sentence handed to him for his role in an accident that left a...",https://cassette.sphdigital.com.sg/image/straitstimes/f64e1eb5b1aa40ad1d462fc67f72aedf57e3a23fd0ed251b9bb20d2485facc0d,Singapore,Crime
"New CPF ‘safety switch’, trusted contact notification service rolled out to curb scams",The Straits Times,https://www.straitstimes.com/singapore/new-cpf-safety-switch-trusted-contact-notification-service-rolled-out-to-curb-scams?ref=latest-headlines,2026-02-02,"The new CPF Safety Switch and Trusted Contact notification service are aimed at helping to safeguard CPF members' savings. KUA CHEE SIONG 02, 2026, 05:16 PM 02, 2026, 05:21 PM SINGAPORE -Two new anti-scam measures have been rolled out to help CPF members safeguard their savings as scam tactics...",https://cassette.sphdigital.com.sg/image/straitstimes/fcd093196ae9770cd13518f03bd97b180b92870d3574c134545246ed89aeeaff,Singapore,Crime
askST Jobs: How honest should I be during an exit interview?,The Straits Times,https://www.straitstimes.com/singapore/jobs/askstjobs-how-honest-should-i-be-during-an-exit-interview?ref=askst,2026-02-02,"Get tips on how to grow your career and money Employees should try to be specific and factual when giving feedback. ST MANNY FRANCISCO 26, 2026, 05:00 AM 30, 2026, 10:55 PM In this series, business journalist Timothy Goh offers practical answers to candid questions on navigating workplace...",https://cassette.sphdigital.com.sg/image/straitstimes/afbeebacfc85346f80e6adc4d9c41192b8e8961188eef6dc4d41ce9e6a92d524,Singapore,General
"Bus arrival time system: How does it work, and when was it introduced?",The Straits Times,https://www.straitstimes.com/singapore/transport/bus-arrival-time-system-how-does-it-work-and-when-was-it-introduced?ref=askst,2026-02-02,"Both the MyTransport.SG app and an electronic display board at a bus stop at City Hall were unable to show bus arrival timings on the afternoon of Jan 22. SHINTARO TAY 22, 2026, 04:30 PM 23, 2026, 07:00 AM SINGAPORE –Since 8pm on Jan 21, public transport usersin Singaporehave been unable to check...",https://cassette.sphdigital.com.sg/image/straitstimes/c81c102bbb7bee4d127e3e2611db2412f7bd8c6019b3184b267daf981aacb535,Singapore,Technology
What you need to know when taking the Circle Line from January to April,The Straits Times,https://www.straitstimes.com/singapore/transport/askst-what-you-need-to-know-about-circle-line-service-adjustments-from-jan-17-to-april-19-2026?ref=askst,2026-02-02,"About 480,000 passengers are expected to be affected daily. Vanessa Paige Chelvan 01, 2025, 12:01 PM 17, 2026, 01:34 PM SINGAPORE –Users ofthe Circle Line (CCL) will face additional waiting times of up to 30 minutes during peak hoursdue to tunnel strengthening worksfrom Jan 17 to April 19, 2026....",https://cassette.sphdigital.com.sg/image/straitstimes/f57cea28a8ac2561dd134238b9088fa5412428a51a454d2ad10e0d0f38ec8ba9,Singapore,General
askST Jobs: Is it acceptable to back out of a job offer for a better one?,The Straits Times,https://www.straitstimes.com/singapore/jobs/askst-jobs-is-it-acceptable-to-back-out-of-a-job-offer-for-a-better-one?ref=askst,2026-02-02,"Get tips on how to grow your career and money If candidates do decide to withdraw, it is better to do so earlier, specifically before contracts are signed or onboarding preparations begin....",https://cassette.sphdigital.com.sg/image/straitstimes/6be0cb3fb93e955f81ac7db013830c6dedf0bacac7970724439093a9ad3a84a7,Singapore,General
askST: What should I know before giving my child a mobile phone?,The Straits Times,https://www.straitstimes.com/singapore/parenting-education/askst-what-should-i-know-before-giving-my-child-a-mobile-phone?ref=askst,2026-02-02,"Get tips on how to help your child succeed Consider restrictions like time limits and content filters before handing your child a smartphone. 28, 2025, 02:15 PM 25, 2026, 11:54 AM SINGAPORE –Many students get their first mobile phone when they start secondary school....",https://cassette.sphdigital.com.sg/image/straitstimes/c19fafba2bf7e73cc7b9f3c49bc263a480b44e7377ac26f35121c47e78549f1e,Singapore,General
askST Jobs: Why do some internships pay so much more than others?,The Straits Times,https://www.straitstimes.com/singapore/jobs/askst-jobs-why-do-some-internships-pay-so-much-more-than-others?ref=askst,2026-02-02,"Get tips on how to grow your career and money While internship remuneration in Singapore can vary widely, most industries offer stipends in the range of $1,000 to $2,000. ST CHNG CHOON HIONG 22, 2025, 05:00 AM 12, 2026, 11:33 AM In this series, manpower correspondent Tay Hong Yi offers practical...",https://cassette.sphdigital.com.sg/image/straitstimes/0cd109283635a70beda072b79b1f9bd05704b35dc8a3576e79d3debb8471e2f6,Singapore,Business
askST: Why are there new rules on psychiatric expert evidence in criminal court cases?,The Straits Times,https://www.straitstimes.com/singapore/courts-crime/askst-why-are-there-new-rules-on-psychiatric-expert-evidence-in-criminal-court-cases?ref=askst,2026-02-02,"From Dec 31, psychiatrists must be admitted to a panel before they can testify as an expert in criminal proceedings. 14, 2025, 12:00 PM 16, 2025, 11:10 PM SINGAPORE –From Dec 31, psychiatrists must be admitted to a panel before they can testify as an expert in criminal proceedings, as part of new...",https://cassette.sphdigital.com.sg/image/straitstimes/a345935add6dad912284d463aafd958204ea97a5a86bc40b3262b8531d6ad3b6,Singapore,Crime
askST: What should we consider before travelling and feasting this holiday season?,The Straits Times,https://www.straitstimes.com/singapore/health/askst-what-should-we-consider-before-travelling-and-feasting-this-holiday-season?ref=askst,2026-02-02,"Travellers heading to developing countries should ensure they are vaccinated against food- and water-borne diseases. KUA CHEE SIONG 09, 2025, 05:00 PM 10, 2025, 07:05 AM SINGAPORE –With the year-end holiday season in full swing, the Communicable Diseases Agency (CDA) has advised travellers on...",https://cassette.sphdigital.com.sg/image/straitstimes/1f59e0998d03b56497319aba79b0d61fd467b494d8a9a3bff01b28528667e666,Singapore,Entertainment
"Certis officers charged over claims they kept vapes, contraband cigarettes dumped in HSA bins",The Straits Times,https://www.straitstimes.com/singapore/courts-crime/certis-officers-charged-over-claims-they-kept-vapes-contraband-cigarettes-dumped-in-hsa-bins?ref=vaping-crisis,2026-02-02,"(Top row, from left) Reggie Choo Beng Kwang, Sufian Mohamed and Olivia Chan Wei Ying. (Middle row, from left) Muhammad Syafiq Tahar, Muhammad Khairul Izzul Shah Abdul Karim and Muhammad Faddley Abdul Wahid. (Bottom row, from left) Mohamed Fiaros Mohamed Zakaria, Nurazmy Yusoff and Tan Wee Keong....",https://cassette.sphdigital.com.sg/image/straitstimes/203951ba3642a7fe6ef8ddb7930152cb200cf4cb62bbf46606332f78665feaf9,Singapore,Crime
Jail for man who tried to import vapes concealed by groceries into Singapore,The Straits Times,https://www.straitstimes.com/singapore/courts-crime/jail-for-man-who-tried-to-import-vapes-concealed-in-groceries-into-singapore?ref=vaping-crisis,2026-02-02,"Muhammad Amirul Iqbal Mohd Nazri had 1,000 vapes, concealed by groceries, behind the front passenger seat and in the boot of a rented car. 23, 2026, 04:41 PM 26, 2026, 12:17 PM SINGAPORE –After successfully delivering vapestoSingapore, a man attempted to do the same about a week later but was...",https://cassette.sphdigital.com.sg/image/straitstimes/5b1642960232427d10ba767556acdbbdb25aaf713c56dd1a1f71b843868eeaef,Singapore,Crime
14 weeks’ jail for man who tried to smuggle 870 vapes into Singapore,The Straits Times,https://www.straitstimes.com/singapore/courts-crime/14-weeks-jail-for-man-who-imported-more-than-800-vapes-into-singapore?ref=vaping-crisis,2026-02-02,"Lim Teck Wee, 20, was sentenced to 14 weeks’ jail on Jan 22 after pleading guilty to one count of importing vapes. KELVIN CHNG 23, 2026, 01:10 PM 23, 2026, 08:47 PM SINGAPORE -Toearnsome fast cash, a man agreed to work as a delivery driver to import vapes into Singapore, despite knowing that vapes..",https://cassette.sphdigital.com.sg/image/straitstimes/e461d353b3a89bb4189dbffab1abd943a9e0fe18bd15dc874cbf9b67f2059ff6,Singapore,Crime
"More young adults, teens in Singapore being diagnosed with cancer",The Straits Times,https://www.straitstimes.com/singapore/health/more-young-adults-teens-in-singapore-being-diagnosed-with-cancer?ref=headstart,2026-02-02,"Get tips on how to grow your career and money Mr Joshua Lee was diagnosed with testicular cancer in 2024, when he was 24. SHINTARO TAY 26, 2026, 11:00 AM 26, 2026, 07:21 PM SINGAPORE –In January 2024, Mr Joshua Lee began experiencing abdominal pains, which he brushed off as aches from recreational..",https://cassette.sphdigital.com.sg/image/straitstimes/293951cd27a0bbfe6a1554d75c80c6f617c653fbba8d4619a3706aee803ea834,Singapore,Health
Singtel Singapore CEO flying the national flag high after bidding goodbye to corporate America,The Straits Times,https://www.straitstimes.com/singapore/hes-flying-the-singapore-flag-higher-after-bidding-goodbye-to-corporate-america?ref=latest,2026-02-02,"Mr Ng Tian Chong became the head of Singtel’s newly-combined Singapore consumer and enterprise businesses in June 2023. 02, 2026, 05:00 PM 02, 2026, 05:10 PM SINGAPORE – Mr Ng Tian Chong had called American tech firm Hewlett Packard (HP) homeand, over the course of 33 years, he built a career that..",https://cassette.sphdigital.com.sg/image/straitstimes/b51bc542d35daeab0a2ab93ce999f5f46e90232d27f7e64a2788db02fd2d12a3,Singapore,Crime
SIA to launch direct flights from Singapore to Riyadh from June 2,The Straits Times,https://www.straitstimes.com/singapore/sia-to-launch-direct-flights-from-singapore-to-riyadh-from-june-2?ref=latest,2026-02-02,"Riyadh, the Saudi Arabian capital, will be Singapore Airlines’ second destination in the country. 02, 2026, 04:45 PM 02, 2026, 05:13 PM SINGAPORE –Travellers heading to Saudi Arabia from Singapore will have more options from June 2, as Singapore Airlines (SIA) will be launching direct flights to...",https://cassette.sphdigital.com.sg/image/straitstimes/94a3225a90d1c76b74f80dbefd8fc8d6a14439bcf755118cc012f5066f19471b,Singapore,General
Childcare centre sued for negligence after 4-year-old girl falls and fractures skull,The Straits Times,https://www.straitstimes.com/singapore/courts-crime/childcare-centre-sued-for-negligence-after-4-year-old-girl-falls-and-suffers-skull-fracture?ref=latest,2026-02-02,"The civil suit seeks general damages and special damages to be assessed by a district court, where the maximum claim amount is $250,000. KELVIN CHNG 02, 2026, 04:25 PM 02, 2026, 05:47 PM SINGAPORE – The father of a four-year-old girl is suing a childcare centre for negligence after she fell from a..",https://cassette.sphdigital.com.sg/image/straitstimes/e461d353b3a89bb4189dbffab1abd943a9e0fe18bd15dc874cbf9b67f2059ff6,Singapore,General
"The Big Read: It's become increasingly difficult to smoke outdoors, but some way yet before Singapore is smoke-free",TODAY Online,https://www.todayonline.com/big-read/big-read-its-become-increasingly-difficult-smoke-outdoors-some-way-yet-singapore-smoke-free-2482221,2026-02-02,"Meanwhile, smokers themselves are not the biggest fans of these designated smoking points. When TODAY visited an open-air smoking point next to a coffee shop in Nee Soon South on Tuesday afternoon (Sept 24), smokers could be seen going in and out, but there were also others doing the deed outside...","https://dam.mediacorp.sg/image/upload/s--3XMYpXW0--/c_fill,g_auto,h_676,w_1200/f_auto,q_auto/v1/mediacorp/tdy/image/2024/09/27/20240925-ns-esbigread0925-2.jpg?itok=ZBMrzUSx",Singapore,Entertainment
The Big Read in short: The upside of living with parents,TODAY Online,https://www.todayonline.com/big-read/big-read-short-upside-living-parents-2481836,2026-02-02,"Software engineer Jeffrey, 26, thought he had adulthood all figured out when he moved into a sleek one-bedroom condominium unit near Somerset in July last year. He had the freedom to cook for himself and host friends, and he no longer had to commute to Orchard for work from Simei, where he had been...","https://dam.mediacorp.sg/image/upload/s--fVz-vCSH--/c_fill,g_auto,h_676,w_1200/f_auto,q_auto/v1/mediacorp/tdy/image/2024/09/20/20240917_llt_jacelyn_phang-1.jpg?itok=IXEVYy62",Singapore,Technology
"The Big Read: No music, pets in certain areas — condo residents lament 'strict, absurd rules' amid competing needs",TODAY Online,https://www.todayonline.com/big-read/big-read-condo-rules-competing-needs-2481356,2026-02-02,"“People need to understand that when you live in a condo, you live in a community. There’s a lot of give and take,” said Mr Oo Gin Lee, 55. Mr Oo has been a member of the management council at The Hillside at Upper Bukit Timah for nearly a decade and was its chairman for about seven years....","https://dam.mediacorp.sg/image/upload/s--cdMxEnAJ--/c_fill,g_auto,h_676,w_1200/f_auto,q_auto/v1/mediacorp/tdy/image/2024/09/13/20240913-jk-br_weird_condo_rules_riverfront_residences-8a.jpg?itok=noR98FaH",Singapore,Entertainment
The Big Read in short: When condo by-laws turn luxury living into a nightmare for some residents,TODAY Online,https://www.todayonline.com/big-read/big-read-short-condo-laws-2481371,2026-02-02,"WHY IT MATTERS In Singapore, condominiums are governed by two sets of by-laws. One set is the prescribed by-laws established by the Building Maintenance and Strata Management Act (BMSMA), which is compulsory and standard across all condominiums....","https://dam.mediacorp.sg/image/upload/s--0OgBTOFM--/c_fill,g_auto,h_676,w_1200/f_auto,q_auto/v1/mediacorp/tdy/image/2024/09/13/20240912-ns-nlbigread0912.jpg?itok=oMJR-Two",Singapore,Business
The Big Read: Family-friendly workplaces and a competitive economy? The balance is hard but can be struck,TODAY Online,https://www.todayonline.com/big-read/big-read-family-friendly-culture-work-2480466,2026-02-02,"Over the years, public relations (PR) professional Yvonne Koh has seen her fair share of “wasted talent” – women who are passionate and proficient in their work but quit their jobs after trying to balance caring for their young children and the demands of the work....","https://dam.mediacorp.sg/image/upload/s--Yp8UD-_h--/c_fill,g_auto,h_676,w_1200/f_auto,q_auto/v1/mediacorp/tdy/image/2024/08/30/20240828_bk_br_workers_4.jpg?itok=F16gdNr4",Singapore,Business
"The Big Read: DIY culture slowly but surely gaining ground as Singaporeans go green, tighten purse strings",TODAY Online,https://www.todayonline.com/big-read/big-read-diy-culture-slowly-growing-2469126,2026-02-02,"A pinhole leak in a pipe leading to her bathroom sent Ms Sabine Chen into a state of panic one night in April. Apart from being clueless about plumbing, she also did not have any tools for quick fixes, such as sealing tape or a clamp....","https://dam.mediacorp.sg/image/upload/s--gkRzoLa0--/c_fill,g_auto,h_676,w_1200/f_auto,q_auto/v1/mediacorp/tdy/image/2024/08/01/20240802-ns-llbr0802.jpg?itok=EuRUsLl1",Singapore,Entertainment
The Big Read in short: What has changed in Geylang since dubbed a crime hot spot and 'potential powder keg'?,TODAY Online,https://www.todayonline.com/big-read/big-read-short-what-has-changed-geylang-dubbed-crime-hot-spot-and-potential-powder-keg-2465601,2026-02-02,"In squeaky-clean Singapore, the district of Geylang has always stuck out like a sore thumb. Its name alone can evoke imagery of illegal gambling dens, shady drug peddlers and secret society members scattered across its many lorongs (lanes), coexisting alongside the bright neon lights illuminating...","https://dam.mediacorp.sg/image/upload/s--LZH6WXEK--/c_fill,g_auto,h_676,w_1200/f_auto,q_auto/v1/mediacorp/tdy/image/2024/07/26/20240717_nlx_geylang-12.jpg?itok=aVTeIaR7",Singapore,Crime
"The Big Read: More drivers jumping on the EV bandwagon, but obstacles remain as infrastructure tries to keep pace",TODAY Online,https://www.todayonline.com/big-read/big-read-more-drivers-jumping-ev-bandwagon-obstacles-remain-infrastructure-tries-keep-pace-2456806,2026-02-02,"ELECTRIFYING EXPERIENCE FOR SOME DRIVERS Three quarters of about 4,700 respondents in Singapore (76 per cent) cited environmentally-friendliness as a reason to favour an electric car in a recent survey....","https://dam.mediacorp.sg/image/upload/s--VPGgyF9j--/c_fill,g_auto,h_676,w_1200/f_auto,q_auto/v1/mediacorp/tdy/image/2024/07/12/20240712-ns-tqbigread0712.jpg?itok=PdRCLKN8",Singapore,Technology
The Big Read in short: Inside Singapore’s buzzing literary scene,TODAY Online,https://www.todayonline.com/big-read/big-read-short-inside-singapores-buzzing-literary-scene-2453371,2026-02-02,"Ms Kyla Zhao felt terribly isolated and homesick during the height of the Covid-19 pandemic in 2020 as a student at Stanford University in the United States. In an effort to feel closer to home, Ms Zhao, now 26, sought solace in writing about Singapore....","https://dam.mediacorp.sg/image/upload/s--faFU6TcZ--/c_fill,g_auto,h_676,w_1200/f_auto,q_auto/v1/mediacorp/tdy/image/2024/07/05/20240704_llt_reading_generics_br-6.jpg?itok=DVyxcNEb",Singapore,Health
The Big Read: 'Ah Longs' go digital with new tactics and the trouble it spells,TODAY Online,https://www.todayonline.com/big-read/big-read-ah-longs-go-digital-new-tactics-and-trouble-it-spells-2445226,2026-02-02,"Mr Alan had no idea that his employee had borrowed from “loan sharks” until he was harassed with almost 120 calls over three days from various unlicensed money lenders. The strategic consultant, who spoke on condition of anonymity, discovered that his Singaporean employee had given Mr Alan’s name,...","https://dam.mediacorp.sg/image/upload/s--Gabl79A6--/c_fill,g_auto,h_676,w_1200/f_auto,q_auto/v1/mediacorp/tdy/image/2024/06/21/20240621-ns-nybigread0621.jpg?itok=j0aFt-j0",Singapore,Technology
The Big Read in short: Dealing with scourge of loan sharks in digital age,TODAY Online,https://www.todayonline.com/big-read/big-read-short-dealing-scourge-loan-sharks-digital-age-2445301,2026-02-02,"Mr Alan had no idea that his employee had borrowed from “loan sharks” until he was harassed with almost 120 calls over three days from various unlicensed money lenders. The strategic consultant, who did not want to give his real name and spoke on condition of anonymity, discovered that his...","https://dam.mediacorp.sg/image/upload/s--nOgn01vi--/c_fill,g_auto,h_676,w_1200/f_auto,q_auto/v1/mediacorp/tdy/image/2024/06/21/20240621_jk_br_loan_shark_generics-01.jpg?itok=rwWX_U_I",Singapore,Technology
"The Big Read: Fuelled partly by youths' anxiety, the internship arms race has unintended effects",TODAY Online,https://www.todayonline.com/big-read/big-read-fuelled-partly-youths-anxiety-internship-arms-race-has-unintended-effects-2440666,2026-02-02,"INTERNSHIP 'RAT RACE' Mr Ong, who also runs mental health support group The Catalyst Collective, said that while he has taken on the internships mainly to gain real-world experience and try out different careers, peer influence also plays a role....","https://dam.mediacorp.sg/image/upload/s--F6kwsA-9--/c_fill,g_auto,h_676,w_1200/f_auto,q_auto/v1/mediacorp/tdy/image/2024/06/14/20240614-ns-llbigread0614.jpg?itok=k2rfECzG",Singapore,Health
The Big Read in short: The pitfalls of internship stacking,TODAY Online,https://www.todayonline.com/big-read/big-read-short-pitfalls-internship-stacking-2441311,2026-02-02,"WHY IT MATTERS Getting an internship in well-known companies is no walk in the park, be it for students here or overseas, where the pursuit of multiple internships is also common. CNN reported in 2019 that tech giant Google received 125,000 applications for its internship programme that year in the...","https://dam.mediacorp.sg/image/upload/s--angroR0o--/c_fill,g_auto,h_676,w_1200/f_auto,q_auto/v1/mediacorp/tdy/image/2024/06/14/20240612_bk_br_internship_generics_13.jpg?itok=4nIG2fIC",Singapore,Technology
"The Big Read: Confronting Singapore's need for foreign manpower and talent, amid its ageing and shrinking workforce",TODAY Online,https://www.todayonline.com/big-read/big-read-confronting-singapores-need-foreign-manpower-and-talent-amid-its-ageing-and-shrinking-workforce-2437356,2026-02-02,One of the toughest balancing acts that successive Singapore’s leaders have had to manage over the decades is to bring in foreign talent to the city-state while mitigating the inevitable tensions that come with it....,"https://dam.mediacorp.sg/image/upload/s--M6lg1uo8--/c_fill,g_auto,h_676,w_1200/f_auto,q_auto/v1/mediacorp/tdy/image/2024/06/07/20240606-ns-tqbigread0607.jpg?itok=AWvggK2T",Singapore,Business
The Big Read in short: The tough balancing act of welcoming foreign talent and assuaging S'poreans' concerns,TODAY Online,https://www.todayonline.com/big-read/big-read-short-tough-balancing-act-welcoming-foreign-talent-and-assuaging-sporeans-concerns-2437436,2026-02-02,"WHY IT MATTERS In recent years, the manpower and talent issue in Singapore has taken on an added urgency as the nation grapples with the double whammy of falling birth rates and a rapidly ageing population — which will add up to a drop in the number of working-age adults....","https://dam.mediacorp.sg/image/upload/s--EFOrsg1i--/c_fill,g_auto,h_676,w_1200/f_auto,q_auto/v1/mediacorp/tdy/image/2024/06/07/20240603_raj_br_foreigners_in_sg6.jpg?itok=J312RAC5",Singapore,Politics
"Jail, driving ban for man who did not stop after fatal accident with pedestrian and drove lorry straight to Malaysia",TODAY Online,https://www.todayonline.com/singapore/jail-driving-ban-man-who-did-not-stop-after-fatal-accident-pedestrian-and-drove-lorry-straight-malaysia-2436241,2026-02-02,"Instead of stopping after hitting a pedestrian in Singapore, Safuan Tehda, 35, continued driving towards Tuas Checkpoint and crossed the border. The pedestrian later died in hospital....","https://dam.mediacorp.sg/image/upload/s--_cvntn_3--/c_fill,g_auto,h_676,w_1200/f_auto,q_auto/v1/mediacorp/tdy/image/2024/04/24/20200506_ili_state_courts.jpg?itok=ukPZ-EMd",Singapore,Crime
"Identity politics, US-China tensions, leadership 'iron': 5 highlights of Lawrence Wong's Economist interview",TODAY Online,https://www.todayonline.com/singapore/us-china-identity-politics-leadership-iron-lawrence-wong-economist-2419311,2026-02-02,"Deputy Prime Minister Lawrence Wong has given a broad-ranging interview to The Economist as he prepares to become prime minister, covering topics such as his leadership style as well as global and regional geopolitics....","https://dam.mediacorp.sg/image/upload/s--VzwWoCYn--/c_fill,g_auto,h_676,w_1200/f_auto,q_auto/v1/mediacorp/tdy/image/2024/05/09/lw99.jpg?itok=O53n8q5e",Singapore,Politics
12 people investigated for suspected involvement in extortion letters with fake obscene photos,TODAY Online,https://www.todayonline.com/singapore/12-people-investigated-suspected-involvement-extortion-letters-fake-obscene-photos-2415056,2026-02-02,"Twelve people are being investigated following a police probe into recent reports of extortion letters containing manipulated obscene photos of the victims. The seven men and five women, aged between 18 and 46, had purportedly provided bank accounts and SIM cards used to commit a series of...","https://dam.mediacorp.sg/image/upload/s--qyy02WSW--/c_fill,g_auto,h_676,w_1200/f_auto,q_auto/v1/mediacorp/tdy/image/2024/05/02/20240502-police-extortion.jpeg?itok=j9kKywJP",Singapore,Crime
'My chief; my PM': Tributes flow for Prime Minister Lee Hsien Loong at final May Day Rally,TODAY Online,https://www.todayonline.com/singapore/my-chief-my-pm-tributes-flow-prime-minister-lee-hsien-loong-final-may-day-rally-2414746,2026-02-02,"In a crowded ballroom on Wednesday (May 1), Kunalan Muthukumarasamy found himself emotional as he recalled his late father’s contributions to Singapore’s labour movement. His father was in the Amalgamated Union of Public Daily Rated Workers, which dissolved in 2021 and had its members subsumed...","https://dam.mediacorp.sg/image/upload/s--v-TGfXIm--/c_fill,g_auto,h_676,w_1200/f_auto,q_auto/v1/mediacorp/tdy/image/2024/05/02/img_5632.jpeg?itok=hZgPMPyy",Singapore,Politics
Labour movement 'dismayed' at timing of Yahoo and Ninja Van layoffs before May Day,TODAY Online,https://www.todayonline.com/singapore/labour-movement-dismayed-timing-yahoo-and-ninja-van-layoffs-may-day-2414301,2026-02-02,"The National Trades Union Congress (NTUC) said it is ""dismayed"" at Yahoo and Ninja Van for retrenching employees just before Labour Day, an occasion to celebrate the contributions of workers....","https://dam.mediacorp.sg/image/upload/s--njZGZR9c--/c_fill,g_auto,h_676,w_1200/f_auto,q_auto/v1/mediacorp/tdy/image/2024/04/30/yahoo-ninjavan.jpg?itok=w_WipEYI",Singapore,Politics
"Actor and comedian Suhaimi Yusof hospitalised after suffering stroke, condition 'stable'",TODAY Online,https://www.todayonline.com/singapore/actor-comedian-suhaimi-yusof-stroke-hospital-stable-2414061,2026-02-02,"Singaporean actor and comedian Suhaimi Yusof, 54, was hospitalised on Sunday (April 28) following a stroke and is undergoing treatment. Speaking to Malay news outlet Berita Mediacorp from his ward in Tan Tock Seng hospital on Monday, Suhaimi said: ""The doctor conducted multiple tests and confirmed...","https://dam.mediacorp.sg/image/upload/s--ujOP3JiE--/c_fill,g_auto,h_676,w_1200/f_auto,q_auto/v1/mediacorp/tdy/image/2024/04/30/suhaimi.png?itok=oZl7QOQU",Singapore,Health
"#trending: South Korean man impresses nasi padang store staff, netizens by placing order in Malay",TODAY Online,https://www.todayonline.com/singapore/trending-south-korean-man-impress-nasi-padang-order-malay-2413811,2026-02-02,"Cross-cultural encounters often yield unexpected delights, and one such moment unfolded at a nasi padang stall here recently. Nasi padang is steamed rice served with various choices of pre-cooked dishes....","https://dam.mediacorp.sg/image/upload/s--Qbti3eJ_--/c_fill,g_auto,h_676,w_1200/f_auto,q_auto/v1/mediacorp/tdy/image/2024/04/30/240430_nasi_padang_tiktok.png?itok=JN9I2N6l",Singapore,Entertainment
"Corruption-related reports fall 8% in 2023, situation 'firmly under control': CPIB",TODAY Online,https://www.todayonline.com/singapore/corruption-related-reports-fall-8-2023-situation-firmly-under-control-cpib-2413961,2026-02-02,"The Corrupt Practices Investigation Bureau (CPIB) received 215 corruption-related reports last year, down 8 per cent from 2022, with the situation in Singapore remaining ""firmly under control"", said the anti-graft agency....","https://dam.mediacorp.sg/image/upload/s--T7cmqeOr--/c_fill,g_auto,h_676,w_1200/f_auto,q_auto/v1/mediacorp/tdy/image/2024/04/30/20240227_nlx_city_skyline-3.jpg?itok=KIcagnJR",Singapore,Crime
"15 months' jail for fifth person linked to Singapore's largest money laundering case, longest jail term so far",TODAY Online,https://www.todayonline.com/news/15-months-jail-fifth-person-linked-singapores-largest-money-laundering-case-longest-jail-term-so-far-2413821,2026-02-02,A 45-year-old man linked to Singapore’s largest money laundering case was sentenced to 15 months' jail on Tuesday (April 30). He is the fifth of 10 accused persons to be dealt with in relation to the case....,"https://dam.mediacorp.sg/image/upload/s--R64PiQkF--/c_fill,g_auto,h_676,w_1200/f_auto,q_auto/v1/mediacorp/tdy/image/2023/08/16/20230816_spf_moneylaundering.jpg?itok=lX9kZW1C",Singapore,Crime
Spanish authorities find CPF nomination note on iPad of Singaporean woman killed in Spain: Report,TODAY Online,https://www.todayonline.com/singapore/spanish-authorities-find-cpf-nomination-note-ipad-singaporean-woman-killed-spain-report-2413791,2026-02-02,"VICTIM'S FAMILY CHECKING IF SUSPECT IS HER CPF BENEFICIARY It was previously reported that there might have been an ""economic"" motive for the killing, with Spanish media reporting that Ms Fang had transferred money to an unidentified third person....","https://dam.mediacorp.sg/image/upload/s--_U6wJlS9--/c_fill,g_auto,h_676,w_1200/f_auto,q_auto/v1/mediacorp/tdy/image/2024/04/18/20240418-fb-fang_dirou.jpg?itok=BeExT3I7",Singapore,Entertainment
Jail for ex-Chubbs Insurance employee who cheated company into disbursing S$11m in false claims over 7 years,TODAY Online,https://www.todayonline.com/singapore/chubbs-insurance-cheat-11-million-false-claims-2413451,2026-02-02,"For seven years, a senior claims executive at Chubbs Insurance executed what a judge described as an “elaborate scheme” to cheat his employer into disbursing over S$10.74 million in fraudulent claims....","https://dam.mediacorp.sg/image/upload/s--G5Q_I_IW--/c_fill,g_auto,h_676,w_1200/f_auto,q_auto/v1/mediacorp/tdy/image/2024/03/05/state_courts.jpg?itok=CrSE0Ypk",Singapore,Crime
Singaporean woman killed in Spain had bought insurance from suspect; dozens pay respects at funeral wake,TODAY Online,https://www.todayonline.com/singapore/singaporean-woman-killed-spain-had-bought-insurance-suspect-dozens-pay-respects-funeral-wake-2412521,2026-02-02,"Ms Audrey Fang, the Singaporean woman who was killed in Spain more than two weeks ago, had bought insurance policies from her suspected killer in 2015, her family discovered on Saturday (April 27)....","https://dam.mediacorp.sg/image/upload/s--de6sgFRR--/c_fill,g_auto,h_676,w_1200/f_auto,q_auto/v1/mediacorp/tdy/image/2024/04/28/20240428_cna_audrey_fang_wake.jpeg?itok=awH2y2QW",Singapore,Entertainment
Bank of Singapore uncovers misuse of medical benefits; fires some employees,TODAY Online,https://www.todayonline.com/singapore/bank-singapore-uncovers-misuse-medical-benefits-fires-some-employees-2412206,2026-02-02,"The Bank of Singapore (BOS) has conducted a wide-ranging investigation into the misuse of medical benefits by staff who made claims for ineligible items such as bird's nest, sources have told CNA....","https://dam.mediacorp.sg/image/upload/s--fprrqOtC--/c_fill,g_auto,h_676,w_1200/f_auto,q_auto/v1/mediacorp/tdy/image/2024/04/26/20240426_reuters_bank_of_singapore.jpg?itok=pGFtRWoF",Singapore,Health
"Billion-dollar money laundering case: Suspect handed 5 new charges, including failure to explain S$26m in bank account",TODAY Online,https://www.todayonline.com/singapore/billion-dollar-money-laundering-case-suspect-5-new-charges-3-earlier-2411746,2026-02-02,"One of 10 people allegedly involved in Singapore’s largest money laundering case was handed five new charges on Friday (April 26). Zhang Ruijin, 45, already faced three charges of forgery before Friday’s charges, and is set to plead guilty on Tuesday....","https://dam.mediacorp.sg/image/upload/s--R64PiQkF--/c_fill,g_auto,h_676,w_1200/f_auto,q_auto/v1/mediacorp/tdy/image/2023/08/16/20230816_spf_moneylaundering.jpg?itok=lX9kZW1C",Singapore,Crime
"'I'm so touched': S$54,000 in donations pour in for embattled live turtle museum after plea from operator",TODAY Online,https://www.todayonline.com/singapore/touched-donations-pour-embattled-live-turtle-museum-plea-operator-2411796,2026-02-02,"Singapore's ""turtle woman"" Connie Tan is facing major challenges with plans to move her 700 or so turtles to a new purpose-built home after the contractor for the new site went bankrupt....","https://dam.mediacorp.sg/image/upload/s--3p-J5Nr5--/c_fill,g_auto,h_676,w_1200/f_auto,q_auto/v1/mediacorp/tdy/image/2024/04/26/turtle3.jpg?itok=bpGBVOpR",Singapore,Entertainment
HDB resale prices rise 1.8% in Q1 of 2024; transactions up 8%,TODAY Online,https://www.todayonline.com/singapore/hdb-resale-prices-rise-18-q1-2024-transactions-8-2411971,2026-02-02,"Prices of resale Housing and Development Board (HDB) flats rose 1.8 per cent in the first quarter of 2024, an increase from the 1.1 per cent growth seen in the previous quarter. The Resale Price Index (RPI) for the first quarter of 2024 is 183.7, up from 180.4 in the previous quarter, according to...","https://dam.mediacorp.sg/image/upload/s--6qSGY_lA--/c_fill,g_auto,h_676,w_1200/f_auto,q_auto/v1/mediacorp/tdy/image/2023/09/08/20210704_ili_public_housing_generics-5.jpg?itok=p1eE0f-H",Singapore,Business
"Singapore's economy boosted by Taylor Swift, Coldplay shows; over half of concertgoers 'likely' from overseas",TODAY Online,https://www.todayonline.com/singapore/singapores-economy-boosted-taylor-swift-coldplay-shows-over-half-concertgoers-likely-overseas-2411916,2026-02-02,"Singapore’s economy was boosted by a “surge in tourism activity” in the first quarter of 2024 due to concerts by British rock band Coldplay and American pop star Taylor Swift, the Monetary Authority of Singapore (MAS) said on Friday (April 26)....","https://dam.mediacorp.sg/image/upload/s--YMk2d2M_--/c_fill,g_auto,h_676,w_1200/f_auto,q_auto/v1/mediacorp/tdy/image/2024/03/02/20240302_raj_taylor_swift_concert-05.jpg?itok=YEaOn_fl",Singapore,Entertainment
"#trending: NUS students turn avocado plushie keychain into 'Bell Curve God' shrine, make 'offerings' for good grades",TODAY Online,https://www.todayonline.com/singapore/avocado-bell-curve-god-nus-2411866,2026-02-02,"In a quirky display of devotion to academic success, some students at the National University of Singapore (NUS) have turned to an unconventional ""deity"" in the hopes of securing favourable grades....","https://dam.mediacorp.sg/image/upload/s--5TCAPJ4l--/c_fill,g_auto,h_676,w_1200/f_auto,q_auto/v1/mediacorp/tdy/image/2024/04/26/trending_nus_avocado_bell_curve_god.png?itok=nEIItQYR",Singapore,Entertainment
MFA director-general admits lying to ministry about use of diplomatic bags,TODAY Online,https://www.todayonline.com/singapore/mfa-director-general-admits-lying-ministry-about-use-diplomatic-bags-2411871,2026-02-02,A director-general at the Ministry of Foreign Affairs (MFA) has admitted to lying to the ministry over the intended use of diplomatic bags to courier luxury watches for a friend in January 2023....,"https://dam.mediacorp.sg/image/upload/s--Kgvh9S5q--/c_fill,g_auto,h_676,w_1200/f_auto,q_auto/v1/mediacorp/tdy/image/2024/04/26/20240426_cna_gilbert_oh.jpg?itok=2JYeFvEb",Singapore,Entertainment
"Far East Shopping Centre tries again for en-bloc sale, some shop owners may move to Orchard Towers or retire",TODAY Online,https://www.todayonline.com/singapore/far-east-shopping-centre-enbloc-sale-shop-owners-move-orchard-towers-2410736,2026-02-02,"With en-bloc plans for Far East Shopping Centre up in the air for a second time, shops located in the building along Orchard Road remain in limbo over their futures. Several shop owners and tenants told TODAY that they are toying with the idea of retirement should the shopping centre find a willing...","https://dam.mediacorp.sg/image/upload/s--KOZZnzZ0--/c_fill,g_auto,h_676,w_1200/f_auto,q_auto/v1/mediacorp/tdy/image/2024/04/25/20220817_bk_far_east_shopping_centre_1.jpg?itok=TR1c3dPQ",Singapore,Business
Changi Airport's passenger traffic in Q1 2024 surpasses pre-pandemic levels,TODAY Online,https://www.todayonline.com/singapore/changi-airports-passenger-traffic-q1-2024-surpasses-pre-pandemic-levels-2411256,2026-02-02,"About 16.5 million passengers passed through Singapore's Changi Airport in the first quarter of this year, surpassing pre-pandemic levels. The airport handled 5.43 million, 5.35 million and 5.73 million passenger movements in January, February and March respectively....","https://dam.mediacorp.sg/image/upload/s--_sLj179m--/c_fill,g_auto,h_676,w_1200/f_auto,q_auto/v1/mediacorp/tdy/image/2024/02/07/240207_changi%20airport%20tower_adobe.jpeg?itok=0aUHy9Bd",Singapore,Health
"Man gets 20 days' jail for neglecting 43 cats in flat without food, water in NParks' biggest animal cruelty case",TODAY Online,https://www.todayonline.com/singapore/man-20-days-jail-43-cats-neglect-water-food-biggest-nparks-cruelty-case-2410961,2026-02-02,"WHAT HAPPENED On Nov 5, 2021, AVS, which is a cluster of NParks, was alerted by the police on public feedback regarding a foul smell coming from a public housing unit. Police officers who attended to the scene saw that the main gate and door to the flat was locked and investigators found that the...","https://dam.mediacorp.sg/image/upload/s--Y4NjceAn--/c_fill,g_auto,h_676,w_1200/f_auto,q_auto/v1/mediacorp/tdy/image/2024/04/25/20240425_courtdoc_cats_2.png?itok=2CB8wUbf",Singapore,Crime
Last accused person in Orchard Towers fatal fight gets life imprisonment for murder,TODAY Online,https://www.todayonline.com/singapore/last-accused-person-orchard-towers-fatal-fight-gets-life-imprisonment-murder-2410981,2026-02-02,"The last accused person in the 2019 killing of a man during a fight at Orchard Towers was found guilty of murder on Thursday (April 25). Tan Sen Yang, now 32, was sentenced to life imprisonment and 12 strokes of the cane by Justice Aedit Abdullah. The prosecution did not seek the death penalty....","https://dam.mediacorp.sg/image/upload/s--yO5lTRuo--/c_fill,g_auto,h_676,w_1200/f_auto,q_auto/v1/mediacorp/tdy/image/2022/08/18/20220817_bk_orchard_towers_1_0.jpg?itok=XrdoY-_n",Singapore,Crime
"Gen Z Speaks: At 22, I've already had 12 part-time jobs. It's been hard, but it's prepared me for 'real' working life",TODAY Online,https://www.todayonline.com/gen-z-speaks/gen-z-speaks-part-time-jobs-prepared-real-working-life-2481411,2026-02-02,"WHAT I’VE LEARNT ON THE JOB Taking on all these jobs wasn’t easy, but I gained a lot from each one. Firstly, ""if you never try, you’ll never know"". My parents worked hard to instill this philosophy in my brother and I....","https://dam.mediacorp.sg/image/upload/s--rxbKGIau--/c_fill,g_auto,h_676,w_1200/f_auto,q_auto/v1/mediacorp/tdy/image/2024/09/13/20240913-sw-12jobs.jpg?itok=dv23R1Mw",Singapore,Business
"Gen Z Speaks: Last year, I swiped right on a dating app but he was 10,000km away. Now we’re married",TODAY Online,https://www.todayonline.com/gen-z-speaks/gen-z-speaks-swiped-right-dating-app-10000-km-away-now-married-2469926,2026-02-02,"As a twenty-something in Singapore, my dating experiences had left me disillusioned. I just couldn’t seem to find someone I could deeply connect with, or who shared my values and long-term goals. After several disappointments, my optimism rapidly waned....","https://dam.mediacorp.sg/image/upload/s--y8S-M8su--/c_fill,g_auto,h_676,w_1200/f_auto,q_auto/v1/mediacorp/tdy/image/2024/08/02/pre_wedding_photos_at_upper_seletar_reservoir_park_april_2024.jpg?itok=Of9g3EB4",Singapore,Technology
Gen Z Speaks: My first solo trip abroad showed me that travel is more than just tourist hot spots and Instagram pictures,TODAY Online,https://www.todayonline.com/gen-z-speaks/gen-z-speaks-first-solo-trip-abroad-travel-more-tourist-hot-spots-instagram-pictures-2462741,2026-02-02,"TAKING THE LEAP I admit that before chancing upon a tour package offered by a boutique travel agency, I had not even known Kyrgyzstan existed — let alone how to pronounce its name. However the beautiful pictures on the website inspired me to do a little more research, which quickly convinced me to...","https://dam.mediacorp.sg/image/upload/s--z4aWEMiw--/c_fill,g_auto,h_676,w_1200/f_auto,q_auto/v1/mediacorp/tdy/image/2024/07/24/eunice_1.jpg?itok=zMWlZIi2",Singapore,Technology
Gen Z Speaks: I was a socially awkward loner in secondary school. Being in online fandoms taught me to be braver and bolder,TODAY Online,https://www.todayonline.com/gen-z-speaks/gen-z-speaks-socially-awkward-loner-secondary-school-online-fandoms-braver-bolder-2453171,2026-02-02,"Transitioning from primary to secondary school was like stepping into a whole new world. In a strange new social landscape full of unfamiliar faces, cliques quickly began to form, and I soon found myself struggling to fit in anywhere....","https://dam.mediacorp.sg/image/upload/s--o7A0_ZQb--/c_fill,g_auto,h_676,w_1200/f_auto,q_auto/v1/mediacorp/tdy/image/2024/07/05/20240626_llt_yasmin_razak_gen_z_speaks-1.jpg?itok=DWcuamio",Singapore,Entertainment
"Gen Z Speaks: As a graduate of the ‘Class of Covid’, trying to start my career mid-pandemic was rough. But I never lost hope",TODAY Online,https://www.todayonline.com/gen-z-speaks/gen-z-speaks-graduate-class-covid-trying-start-my-career-mid-pandemic-was-rough-i-never-lost-hope-2432496,2026-02-02,"I graduated with a degree in life science in June 2020. Upon completing our final semester two months earlier, my batchmates and I felt that that we had “graduated at the worst possible time” amid a raging Covid-19 pandemic....","https://dam.mediacorp.sg/image/upload/s--JIrsJ94C--/c_fill,g_auto,h_676,w_1200/f_auto,q_auto/v1/mediacorp/tdy/image/2024/05/30/20240430_nlx_gen_z_nur_qasrina_lim-3.jpg?itok=vjuwneFg",Singapore,Health
Gen Z Speaks: My ode to a primary school vice-principal who used Abba and balloons to draw me out of my shell,TODAY Online,https://www.todayonline.com/gen-z-speaks/gen-z-speaks-my-ode-primary-school-vice-principal-who-used-abba-and-balloons-draw-me-out-my-shell-2341556,2026-02-02,"When I was a child, I was always in the company of adults. My medical condition, spinal muscular atrophy (type 2), means that I need round-the-clock care. As such, my parents or domestic helper were always around. To pass the time, they would often put on music....","https://dam.mediacorp.sg/image/upload/s--StLkvfPW--/c_fill,g_auto,h_676,w_1200/f_auto,q_auto/v1/mediacorp/tdy/image/2024/01/12/20240112-ns-commusic0107.jpg?itok=2xfOXNsN",Singapore,Health
Gen Z Speaks: I was a newbie at dating when I started seeking love online. But it’s never too late to start,TODAY Online,https://www.todayonline.com/gen-z-speaks/gen-z-speaks-i-was-newbie-dating-when-i-started-seeking-love-online-its-never-too-late-start-2226321,2026-02-02,"Five years ago, everyone around me was in relationships and I decided that it was time for me to find a partner too. I was 20 then, and it occurred to me at the time that my social circle was relatively small....","https://dam.mediacorp.sg/image/upload/s--Y2B_GcQt--/c_fill,g_auto,h_676,w_1200/f_auto,q_auto/v1/mediacorp/tdy/image/2023/08/04/20230716_ili_chang_yi_tian_jolyn_gen_z_speaks-2.jpg?itok=XZxSHSA5",Singapore,Technology
"Gen Z Speaks: Being a daughter to a sick parent is hard, but I’d do it all over again",TODAY Online,https://www.todayonline.com/gen-z-speaks/gen-z-speaks-being-daughter-sick-parent-hard-id-do-it-all-over-again-2198531,2026-02-02,"Over the past 20 years of my life, I have held many jobs. I’ve loaded shipments, replenished groceries, and done stints in the media industry as a freelancer. But being a daughter and a caregiver to my sick mother was the first job I had, and it was the hardest....","https://dam.mediacorp.sg/image/upload/s--HyiEVAOB--/c_fill,g_auto,h_676,w_1200/f_auto,q_auto/v1/mediacorp/tdy/image/2023/06/23/20230622_nlx_gen_y_qistina-3_002.jpg?itok=u7_eIRoW",Singapore,Health
Gen Z Speaks: I believe a bleed-free future can be a reality for people like me who live with haemophilia,TODAY Online,https://www.todayonline.com/gen-z-speaks/gen-z-speaks-i-believe-bleed-free-future-can-be-reality-people-me-who-live-haemophilia-2190046,2026-02-02,"“Each time the phone rings, my heart will skip a beat,” I recall my mother saying when I was young. When I was about six months old, I developed an unusually large bruise on my chest....","https://dam.mediacorp.sg/image/upload/s--1WLn3PL7--/c_fill,g_auto,h_676,w_1200/f_auto,q_auto/v1/mediacorp/tdy/image/2023/06/09/20230609_nj_comblood.jpg?itok=NKbwY6E-",Singapore,Health
Gen Z Speaks: I started an AI interest group in school. Working with humans — not computers — was the bigger challenge,TODAY Online,https://www.todayonline.com/gen-z-speaks/gen-z-speaks-i-started-ai-interest-group-school-working-humans-not-computers-was-bigger-challenge-2169611,2026-02-02,"Before the days of ChatGPT and Midjourney, I remember a time when the field of artificial intelligence (AI) was regarded as a buzzword for automating mundane tasks away. Perhaps it wasn’t seen among my peers as being on the cutting edge....","https://dam.mediacorp.sg/image/upload/s--oUB-8qiG--/c_fill,g_auto,h_676,w_1200/f_auto,q_auto/v1/mediacorp/tdy/image/2023/05/11/20230511_nyp_alexchien.jpg?itok=LZ4c6ceC",Singapore,Technology
Gen Z Speaks: How social isolation and loneliness led me to start a travel company that brings people together,TODAY Online,https://www.todayonline.com/gen-z-speaks/gen-z-speaks-how-social-isolation-and-loneliness-led-me-start-travel-company-brings-people-together-2160996,2026-02-02,"I would never have guessed two years ago that I would one day be the founder of a travel company that does social adventures, in spite of a pandemic that had decimated global travel. Like many of my Generation Z peers, Covid-19 has turned my university experience upside down....","https://dam.mediacorp.sg/image/upload/s--Q86dTu4i--/c_fill,g_auto,h_676,w_1200/f_auto,q_auto/v1/mediacorp/tdy/image/2023/04/28/20230420_raj_gen_z_larry_lee4.jpg?itok=pl33MxJ9",Singapore,Business
Community Heroes: How I use my skills as an ex-tech insider to uplift underprivileged families and workers,TODAY Online,https://www.todayonline.com/voices/community-heroes-ex-tech-insider-uplift-families-workers-2480576,2026-02-02,"My passion for giving stems from a deeply rooted belief in social responsibility and a desire to make a positive impact in the community. Growing up in a family that emphasised the importance of charity, my sense of giving back to others and society has always been through monetary donations....","https://dam.mediacorp.sg/image/upload/s--AWM7TMR1--/c_fill,g_auto,h_676,w_1200/f_auto,q_auto/v1/mediacorp/tdy/image/2024/08/30/20240620_raj_community_heroes_luo_chen_jun4.jpg?itok=_PGuL_ye",Singapore,Technology
"Community Heroes: Why I teach kids coding for free, despite being told I'm 'too young'",TODAY Online,https://www.todayonline.com/voices/community-heroes-teach-kids-coding-free-too-young-2480101,2026-02-02,"Some of my friends said that there was no way I can start a ground-up initiative. This was when I told them about starting Kids Learn Code at 13, while studying full-time in secondary school....","https://dam.mediacorp.sg/image/upload/s--Lkyq2BGv--/c_fill,g_auto,h_676,w_1200/f_auto,q_auto/v1/mediacorp/tdy/image/2024/08/23/20240729_llt_kids_learn_code-1.jpg?itok=xMRFhH-w",Singapore,Technology
Community Heroes: How I live with an autoimmune disease and help fellow patients find support and form friendships,TODAY Online,https://www.todayonline.com/voices/community-heroes-autoimmune-disease-support-friendships-2430841,2026-02-02,"Living with vasculitis means constant uncertainty. Medications like steroids, crucial for managing the disease, come with their own set of problems. During a 2014 trip to Kyoto my scarf snagged on a cyclist’s wheel and that resulted in a devastating fall and subsequent hip fracture due to...","https://dam.mediacorp.sg/image/upload/s--gEgFBMHh--/c_fill,g_auto,h_676,w_1200/f_auto,q_auto/v1/mediacorp/tdy/image/2024/05/28/20240516_nlx_autoimmune_diseases-1.jpg?itok=-uMT5Ra7",Singapore,Health
Community Heroes: How I help South Asian women in Singapore break the silence around cultural taboos,TODAY Online,https://www.todayonline.com/voices/community-heroes-how-i-help-south-asian-women-singapore-break-silence-around-cultural-taboos-2420131,2026-02-02,"For instance, it is challenging to address sensitive topics such as marital expectations, which can often evoke resistance or discomfort due to entrenched cultural norms. I empathised deeply with the barriers these women faced....","https://dam.mediacorp.sg/image/upload/s--1P7AfTMB--/c_fill,g_auto,h_676,w_1200/f_auto,q_auto/v1/mediacorp/tdy/image/2024/05/10/20240430_ili_l_priyeswari_devi_new_voices_series-2.jpg?itok=2YPXkbyc",Singapore,Entertainment
"Community Heroes: I gave free music lessons to underserved kids. Over time, we became a close-knit family",TODAY Online,https://www.todayonline.com/voices/community-heroes-i-gave-free-music-lessons-underserved-kids-over-time-we-became-close-knit-family-2415846,2026-02-02,"I spent my late teens building a community and leading others to serve. And I wouldn’t trade the experience for any other. My former classmate Ivan Chiew — a guitarist and pianist — and I — a drummer, were just 16 when we started The Resonance Project (Reso), which has brought music to communities...","https://dam.mediacorp.sg/image/upload/s--pPFKKo6p--/c_fill,g_auto,h_676,w_1200/f_auto,q_auto/v1/mediacorp/tdy/image/2024/05/03/20240425_bk_resonance_project_elijah_chao_1.jpg?itok=sNhB1Pni",Singapore,Entertainment
Your Say: Why Singapore should strengthen laws protecting retrenched workers,TODAY Online,https://www.todayonline.com/voices/your-say-why-singapore-should-strengthen-laws-protecting-retrenched-workers-2349576,2026-02-02,I was recently retrenched. This came as a shock to me as I had been in a senior leadership role for nearly three years and had brought in significant revenue for my employer — a global company in the creative industry....,"https://dam.mediacorp.sg/image/upload/s--ls0-IiS2--/c_fill,g_auto,h_676,w_1200/f_auto,q_auto/v1/mediacorp/tdy/image/2024/01/25/20240125_istock_retrenchment.jpg?itok=V8w3rA9D",Singapore,Business
Gen Y Speaks: I used to rely on odd jobs to make ends meet. Studying finance has taught me to save and set money goals,TODAY Online,https://www.todayonline.com/gen-y-speaks/gen-y-speaks-odd-jobs-make-ends-meet-finance-taught-save-money-goals-2480941,2026-02-02,"Growing up with less, I’ve always felt constant pressure to succeed. The steps seemed simple on paper: Get a good education, start working and earn money. But in reality, the journey was not so straightforward....","https://dam.mediacorp.sg/image/upload/s--2jmi1VJT--/c_fill,g_auto,h_676,w_1200/f_auto,q_auto/v1/mediacorp/tdy/image/2024/09/06/danish_bin_said_jia_kee.jpg?itok=kVL81WBz",Singapore,Business
"Gen Y Speaks: I was never a clubber. Now, going to clubs and parties with my mum, 59, has made us close for the first time",TODAY Online,https://www.todayonline.com/gen-y-speaks/gen-y-speaks-never-clubber-clubs-parties-mum-close-2480451,2026-02-02,"Not many people my age find themselves in a nightclub accompanied by — of all people — their mother. Here’s the unlikely story of how it happened to me. NEVER A CLUBBER At 29, I had never been drawn to the club scene. The pulsating music, the dimly lit dance floors — it just wasn’t my vibe....","https://dam.mediacorp.sg/image/upload/s--_v2wpUOn--/c_fill,g_auto,h_676,w_1200/f_auto,q_auto/v1/mediacorp/tdy/image/2024/08/29/20240721_raj_nelly_de_castro2.jpg?itok=oLb6atjq",Singapore,Entertainment
Gen Y Speaks: I’m a ‘serial entrepreneur’. Here’s why I prefer working on multiple ventures to 1 full-time job,TODAY Online,https://www.todayonline.com/gen-y-speaks/gen-y-speaks-serial-entrepreneur-why-prefer-multiple-ventures-full-time-job-2480091,2026-02-02,"Unlike most of my peers, I don’t hold one single full-time job. Instead, I’m a “serial entrepreneur” — I invest my time and energy in multiple ventures. This can sound scary and foreign to many....","https://dam.mediacorp.sg/image/upload/s--pwTxXAeb--/c_fill,g_auto,h_676,w_1200/f_auto,q_auto/v1/mediacorp/tdy/image/2024/08/23/20240814_llt_damien_poh_gen_y_speaks-2.jpg?itok=byYewspQ",Singapore,Business
"Gen Y Speaks: What early onset balding taught me about life, loss and what it means to be a man",TODAY Online,https://www.todayonline.com/gen-y-speaks/gen-y-speaks-what-early-onset-balding-taught-me-about-life-loss-and-what-it-means-be-man-2445361,2026-02-02,"The boy was the son of a friend, and I was teasing him good-naturedly about a girl he had a crush on. “I will tell you about my girlfriend… if you tell me about your receding hairline!” the boy shouted across the room, in front of my friends....","https://dam.mediacorp.sg/image/upload/s--F8648UYp--/c_fill,g_auto,h_676,w_1200/f_auto,q_auto/v1/mediacorp/tdy/image/2024/06/21/20240621-sw-combalding.jpg?itok=E-kt3279",Singapore,Business
"Gen Y Speaks: I was a ‘ne’er-do-well’, but my mentors helped me turn my life around. Here’s how I’m paying it forward",TODAY Online,https://www.todayonline.com/gen-y-speaks/gen-y-speaks-i-was-neer-do-well-my-mentors-helped-me-turn-my-life-around-heres-how-im-paying-it-forward-2436646,2026-02-02,"‘IT'S THE END’ Like many others in 2006, I harboured a lowly perception of ITE education, perpetuated by the (then) popularity of Jack Neo’s I Not Stupid movie series. The running joke among Singaporeans was that “ITE” stood for “It’s The End”....","https://dam.mediacorp.sg/image/upload/s--sjHutnud--/c_fill,g_auto,h_676,w_1200/f_auto,q_auto/v1/mediacorp/tdy/image/2024/06/06/ryan_goh.jpg?itok=bPw1JYjz",Singapore,Entertainment
"Gen Y Speaks: Doing 'girl math' used to make me feel guilty, but here's why I decided to stop feeling bad about it",TODAY Online,https://www.todayonline.com/gen-y-speaks/gen-y-speaks-gen-y-speaks-girl-math-make-me-guilty-heres-why-i-stop-feeling-bad-about-it-2415871,2026-02-02,"Ever inquisitive about the latest trends in the beauty and wellness space, I also took it as a learning opportunity to improve consumer knowledge. I asked them about the techniques used at these massages, which are varied based on one’s goals, such as detoxification, lymphatic drainage, and...","https://dam.mediacorp.sg/image/upload/s--c2_ZMC4s--/c_fill,g_auto,h_676,w_1200/f_auto,q_auto/v1/mediacorp/tdy/image/2024/05/03/20240503-ns-commath0503.jpg?itok=kdRy6ICm",Singapore,Crime
"Gen Y Speaks: As a former film student, I felt like a fraud in my coding career. Here’s how I overcame imposter syndrome",TODAY Online,https://www.todayonline.com/gen-y-speaks/gen-y-speaks-film-student-fraud-coding-career-how-overcame-imposter-syndrome-2407526,2026-02-02,"I stumbled into the world of software engineering almost by accident. As a film student at Ngee Ann Polytechnic, my days were filled with storytelling and capturing emotions through the lens. It was during my last year that I caught a glimpse of a different kind of narrative — the language of code....","https://dam.mediacorp.sg/image/upload/s--T9e1zvZY--/c_fill,g_auto,h_676,w_1200/f_auto,q_auto/v1/mediacorp/tdy/image/2024/04/20/20240418_llt_avery_lim_gen_z_speaks_1.jpg?itok=7qjqMlGc",Singapore,Crime
Gen Y Speaks: A panic attack taught me I can still be an 'independent feminist' even if I slow down and seek help,TODAY Online,https://www.todayonline.com/gen-y-speaks/panic-attack-taught-me-i-can-still-be-independent-feminist-even-if-i-slow-down-2378966,2026-02-02,"If you told 20-year-old me that I would someday take a 75 per cent pay cut and leave my decade-long career to become a childless homemaker, I’d have told you that you weren’t being very Feminist. Growing up, I was always taught that as a girl, I was “so lucky” to be able to have an education....","https://dam.mediacorp.sg/image/upload/s--vTVz3cVf--/c_fill,g_auto,h_676,w_1200/f_auto,q_auto/v1/mediacorp/tdy/image/2024/03/08/20240307-ns-comfem0311.jpg?itok=AN0l11ba",Singapore,Crime
"Gen Y Speaks: Success always came easy to me, until a tough job forced me to reckon with failure. Here's what I learnt",TODAY Online,https://www.todayonline.com/gen-y-speaks/gen-y-speaks-success-always-came-easy-me-until-tough-job-forced-me-reckon-failure-heres-what-i-learnt-2346241,2026-02-02,"After a short training period at a local law firm, I was invited to work for the Supreme Court, the highest judicial court in Singapore. Only the top 1 per cent of each law cohort receive such invitations, and as a 25-year-old at the start of his professional journey, I felt extremely honoured....","https://dam.mediacorp.sg/image/upload/s--GmzETbiv--/c_fill,g_auto,h_676,w_1200/f_auto,q_auto/v1/mediacorp/tdy/image/2024/01/19/20240119_nlx_gen_y_nathanael_lim-3.jpg?itok=GidstT9I",Singapore,Business
"Gen Y Speaks: My struggle with post-natal depression led me to art. Now, I draw to advocate for mental health awareness",TODAY Online,https://www.todayonline.com/gen-y-speaks/gen-y-speaks-my-struggle-post-natal-depression-led-me-art-now-i-draw-advocate-mental-health-awareness-2337056,2026-02-02,"Finding joy in motherhood seems to come naturally and easily to most new mothers. Yet, my own experience revolved mainly around grappling with the demands of parenting, thoughts of my life solely centering on my newborn, and steadily losing my grip on sanity....","https://dam.mediacorp.sg/image/upload/s--a0qPMjud--/c_fill,g_auto,h_676,w_1200/f_auto,q_auto/v1/mediacorp/tdy/image/2024/01/05/20221107sccc079.jpg?itok=QCl4BaTt",Singapore,Health
Gen Y Speaks: How I discovered my youngest child has a rare disease inhibiting her growth and what it means,TODAY Online,https://www.todayonline.com/gen-y-speaks/gen-y-speaks-baby-girl-rare-disease-mother-parenting-2331061,2026-02-02,"My third pregnancy was not as smooth as my first two. At 28 weeks, we received news that Sonia had intrauterine growth restriction (IUGR). Something was obstructing the nourishment she was meant to receive and could potentially obstruct blood flow to her brain....","https://dam.mediacorp.sg/image/upload/s--gRgiNy0h--/c_fill,g_auto,h_676,w_1200/f_auto,q_auto/v1/mediacorp/tdy/image/2023/12/22/thumbnail_image1.jpg?itok=3OcK5JNe",Singapore,Health
"Gen Y Speaks: I used to think my art wasn’t good enough, until I learnt what it meant to people",TODAY Online,https://www.todayonline.com/gen-y-speaks/gen-y-speaks-i-used-think-my-art-wasnt-good-enough-until-i-learnt-what-it-meant-people-2316596,2026-02-02,I was out shopping a few weeks ago when a mother of two approached me to tell me how she admired my courage for talking about dating. She had recognised me from the launch of my first graphic novel How to Date a Dozen Men at Kinokuniya....,"https://dam.mediacorp.sg/image/upload/s--tiTp7_3Z--/c_fill,g_auto,h_676,w_1200/f_auto,q_auto/v1/mediacorp/tdy/image/2023/12/01/20231130_bk_gen_y_speaks_samara_gan_1.jpg?itok=i3cgaw9Y",Singapore,Entertainment
"Gen Y Speaks: Overwhelmed by self-doubt, I pivoted to a customer service job. 8 years on, I'm still going strong",TODAY Online,https://www.todayonline.com/gen-y-speaks/gen-y-speaks-overwhelmed-self-doubt-i-pivoted-customer-service-job-8-years-im-still-going-strong-2302391,2026-02-02,"MANAGING DIFFICULT SITUATIONS You’re probably wondering: Isn’t it tiring to have to face unreasonable customers day after day? Based on my experience, the fact is: Yes, you will face at least one such customer every day....","https://dam.mediacorp.sg/image/upload/s--oUx-JyB9--/c_fill,g_auto,h_676,w_1200/f_auto,q_auto/v1/mediacorp/tdy/image/2023/11/12/20231112_gen_y_speaks_gina.jpg?itok=3CGx7wvw",Singapore,Business
Gen Y Speaks: Being an events manager has been challenging. Here's how my background in theatre helps,TODAY Online,https://www.todayonline.com/gen-y-speaks/gen-y-speaks-being-events-manager-has-been-challenging-heres-how-my-background-theatre-helps-2296896,2026-02-02,"Since my childhood, the thrill of performing has been everything to me. I remember the first time I stepped onto the stage at age 10, heart pounding as I made my debut. The rush before going on stage, the bright lights, and the applause weren’t just moments; they were what defined my younger years....","https://dam.mediacorp.sg/image/upload/s--KBKiNpwM--/c_fill,g_auto,h_676,w_1200/f_auto,q_auto/v1/mediacorp/tdy/image/2023/11/03/ash_4.jpg?itok=dn2-uFGk",Singapore,Entertainment
Gen Y Speaks: My obsession with zombie flicks inspired me to research groundbreaking treatments for chronic diseases,TODAY Online,https://www.todayonline.com/gen-y-speaks/gen-y-speaks-my-obsession-zombie-flicks-inspired-me-research-groundbreaking-treatments-chronic-diseases-2291861,2026-02-02,"As a young boy who could not well discern fiction from reality, zombie films filled me with so much fear and fascination. If one bite or scratch was all it took to make me a brain eater, how would I react when I met one in person?...","https://dam.mediacorp.sg/image/upload/s--2vfo4WWC--/c_fill,g_auto,h_676,w_1200/f_auto,q_auto/v1/mediacorp/tdy/image/2023/10/27/img_0946_crop.jpeg?itok=FovhKYKi",Singapore,Health
Gen Y Speaks: I was recently hospitalised for the first time. It taught me the importance of empathy and preparedness,TODAY Online,https://www.todayonline.com/gen-y-speaks/gen-y-speaks-i-was-recently-hospitalised-first-time-it-taught-me-importance-empathy-and-preparedness-2275431,2026-02-02,"As someone who has been through medical school and currently working as a doctor, I thought I fully understood the importance of being empathetic to those going through a hard time because of their medical conditions....","https://dam.mediacorp.sg/image/upload/s--tHHqYdMZ--/c_fill,g_auto,h_676,w_1200/f_auto,q_auto/v1/mediacorp/tdy/image/2023/10/06/20231006-ns-comsick1008.jpg?itok=3L3LJAak",Singapore,Health
Gen Y Speaks: How I chased national glory in a self-funded sport while pursuing a banking career,TODAY Online,https://www.todayonline.com/gen-y-speaks/gen-y-speaks-how-i-chased-national-glory-self-funded-sport-while-pursuing-banking-career-2262906,2026-02-02,"THE CHALLENGE WITH SELF-FUNDED SPORTS Singapore has traditionally excelled in water sports, such as swimming and water polo. Unfortunately, underwater hockey was not included in the most recent Sea Games....","https://dam.mediacorp.sg/image/upload/s--vpQFUHaA--/c_fill,g_auto,h_676,w_1200/f_auto,q_auto/v1/mediacorp/tdy/image/2023/09/22/20230922_ll_gen_y_dale_liu-2.jpg?itok=ZICgliqQ",Singapore,Business
Is plant-based meat healthy? Here’s what you need to know as a consumer,TODAY Online,https://www.todayonline.com/features/plant-based-meat-healthy-what-you-need-know-consumer-2481816,2026-02-02,"Plant-based meat can also be made with potato protein, Assoc Prof Du Juan said. The main ingredients of a plant-based meat substitute play an important role in determining their nutritional value....","https://dam.mediacorp.sg/image/upload/s--2M7FHnyq--/c_fill,g_auto,h_676,w_1200/f_auto,q_auto/v1/mediacorp/tdy/image/2024/09/20/20240921_plant-based_meat.jpg?itok=vknSQnO-",Singapore,Business
"‘So excruciatingly painful, I cried’: Without warning, blood vessel burst in 26-year-old Singaporean’s brain, leading to stroke",TODAY Online,https://www.todayonline.com/features/brain-aneurysm-stroke-no-warning-blood-vessel-burst-26-year-old-singaporean-2481441,2026-02-02,"Having been building her career as a digital and culinary artist before her diagnosis, she now chose to share her experience to raise awareness that a brain aneurysm rupture is “something that can happen anytime to anyone”....","https://dam.mediacorp.sg/image/upload/s--aTdNzNn0--/c_crop,h_783,w_1393,x_22,y_149/c_fill,g_auto,h_676,w_1200/f_auto,q_auto/v1/mediacorp/tdy/image/2024/09/13/20240914_tan_cheng_hui_brain_aneurysm_stroke.jpg?itok=HZPQ1SCw",Singapore,Health
‘Stressful for guys to perform’: Singapore men’s sexual health and the things they are doing wrong,TODAY Online,https://www.todayonline.com/features/singapore-men-sexual-health-things-they-are-doing-wrong-stress-sex-2473446,2026-02-02,"Here is the difference between men and women when it comes to minding their sexual or reproductive health: A woman may have a gynaecologist to go to for regular check-ups, but a man may not go to a urologist unless he has problems getting an erection or urinating, for instance....","https://dam.mediacorp.sg/image/upload/s--UIbDtWc_--/c_fill,g_auto,h_676,w_1200/f_auto,q_auto/v1/mediacorp/tdy/image/2024/08/08/20240808_jk_mens_sexual_health_urologist_dr_ronny_tan.jpg?itok=59rTdBCi",Singapore,Health
"‘I go to my bedroom to decompress if tired’, says nurse who minds dementia-stricken mum and autistic son after work",TODAY Online,https://www.todayonline.com/features/nurses-caregivers-nursing-work-family-dementia-autism-kidney-transplant-2470226,2026-02-02,"Senior staff nurse Siti Farhana Jumari feels especially sympathetic towards patients who have dementia or are children with special needs, because seeing and tending to them hit close to home....","https://dam.mediacorp.sg/image/upload/s--ShLMAKro--/c_fill,g_auto,h_676,w_1200/f_auto,q_auto/v1/mediacorp/tdy/image/2024/08/02/20240803_ktph_nurse_siti_farhana_jumari_with_mother_and_son.jpg?itok=8ZtZ2H9B",Singapore,Health
Is a persistent cough a cause for worry? Doctors say it's not always linked to lung infection,TODAY Online,https://www.todayonline.com/features/persistent-cough-worrying-doctors-say-not-always-linked-lung-infection-2465626,2026-02-02,"You may have had this experience before: You have recovered from a cold or a flu but that pesky cough continues to linger. Not only is a nagging cough annoying, it can also be exhausting and cause broken sleep....","https://dam.mediacorp.sg/image/upload/s--L5Xx-xGd--/c_fill,g_auto,h_676,w_1200/f_auto,q_auto/v1/mediacorp/tdy/image/2024/07/26/20240727_istock_cough_work_laptop.jpg?itok=9lYqhuL2",Singapore,Health
Heatstroke and heat-related illnesses: What are the dangers and why you can be at risk even in colder weather,TODAY Online,https://www.todayonline.com/features/heatstroke-heat-related-illnesses-dangers-risks-take-precautions-misconceptions-2453651,2026-02-02,"With heatwaves persisting around the world from Europe to Southeast Asia, doctors are advising people to be vigilant about their health. Be it heat exhaustion or heatstroke, people who are vulnerable need to take extra care....","https://dam.mediacorp.sg/image/upload/s--MU8meAFG--/c_crop,h_843,w_1500,x_0,y_130/c_fill,g_auto,h_676,w_1200/fl_relative,g_south_east,l_mediacorp:cna:watermark:2021-08:mediacorp,w_0.1/f_auto,q_auto/v1/mediacorp/tdy/image/2024/07/05/20240407_bk_heat_health_hot_weather.jpeg?itok=m8exoOCf",Singapore,Health
What is ‘heatiness’? Do TCM and modern medicine clash? Sengkang General Hospital’s acupuncturist gives a peek into her work,TODAY Online,https://www.todayonline.com/features/what-heatiness-do-tcm-modern-medicine-acupuncturist-sengkang-general-hospital-2449806,2026-02-02,"Ask 38-year-old acupuncturist Adele Lau about a memory that stands out the most in her work, and she will tell you it was the shrill, agonising screams of a terminally ill man echoing through the hospital ward. And no, it was not because he was being pricked by acupuncture needles....","https://dam.mediacorp.sg/image/upload/s--PIr4ibhe--/c_fill,g_auto,h_676,w_1200/f_auto,q_auto/v1/mediacorp/tdy/image/2024/06/28/20240520_llt_acupuncturist_sengkang_general_hospital_adele_lau-1.jpg?itok=veRoLWbu",Singapore,Health
"Why you are not really getting the benefits of that collagen soup or ‘beauty pot’, and what to do for better skincare",TODAY Online,https://www.todayonline.com/features/collagen-soup-beauty-pot-skincare-2441566,2026-02-02,"WHAT IS COLLAGEN Collagen is a type of protein that the human body produces naturally using amino acids from protein-rich or collagen-rich food such as bone broth, fish and meat. It makes up 65 per cent of the total protein found in the body....","https://dam.mediacorp.sg/image/upload/s--KveAGI5p--/c_fill,g_auto,h_676,w_1200/f_auto,q_auto/v1/mediacorp/tdy/image/2024/06/14/20240615_istock_collagen_soup_beauty_hot_pot.jpg?itok=1NXzmGJw",Singapore,Entertainment
This 34-year-old underwent surgery to shed 50kg but then comes a new problem: 6kg of drooping skin,TODAY Online,https://www.todayonline.com/features/drastic-weight-loss-excess-skin-folds-body-contouring-obese-2433441,2026-02-02,"Dr Kok highlighted that excess skin after drastic weight loss can interfere with daily activities, cause discomfort and affect the person’s self-esteem. It is also an obstacle to keeping good hygiene since cleaning between skin folds can be hard....","https://dam.mediacorp.sg/image/upload/s--VIHl3qIj--/c_fill,g_auto,h_676,w_1200/f_auto,q_auto/v1/mediacorp/tdy/image/2024/05/31/20240601_lt_bernard_sim_surgery_weight_loss_body_contouring_.jpg?itok=z6apbjPK",Singapore,Health
Theatre company Pangdemonium to close in end-2026; current season’s shows unaffected,The Business Times,https://www.businesstimes.com.sg/lifestyle/theatre-company-pangdemonium-close-end-2026-current-seasons-shows-unaffected,2026-02-02,"The decision to wind up company is a ‘purely personal’ one, say co-founders Tracie and Adrian Pang Force Majeure, one of Pangdemonium's three scheduled productions in 2026, reimagines Chekhov's Three Sisters....",https://cassette.sphdigital.com.sg/image/businesstimes/9eff99f580377cdfd900cfafa0831d7eafba2ce112fbaf9c7df74934c53e9564?w=1200&f=webp,Singapore,Entertainment
Private organisations still using NRIC numbers for authentication may face sanctions from 2027,The Business Times,https://www.businesstimes.com.sg/singapore/private-organisations-still-using-nric-numbers-authentication-may-face-sanctions-2027,2026-02-02,Experts says replacing NRIC with more secure authentication is a sensible approach in this digital age Organisations that do not comply could face financial penalties. ST SINGAPORE - Private organisations that have not phased out the use of NRIC numbers for authentication will risk breaching the...,https://cassette.sphdigital.com.sg/image/businesstimes/2c4df605b6db899aa929598dfc57667b850bd95163e7a23548c13e150dac6e3e?w=1200&f=webp,Singapore,Politics
"CAAS, EDB ink pact with GE Aerospace to co-develop AI and propulsion technologies",The Business Times,https://www.businesstimes.com.sg/companies-markets/transport-logistics/caas-edb-ink-pact-ge-aerospace-co-develop-ai-and-propulsion-technologies,2026-02-02,"GE Aerospace will expand its Singapore presence beyond maintenance, repair and overhaul under a new R&D partnership GE Aerospace currently focuses on MRO operations in Singapore, such as for its GEnx engine (pictured) used on the Boeing 787 and 747....",https://cassette.sphdigital.com.sg/image/businesstimes/0cea63d2f711c7e1edcd6195ae7cf41703c1963075aa3e00ea1a4e9d1491b451?w=1200&f=webp,Singapore,Technology
"Singapore to trial its sustainable jet fuel procurement with Temasek, Google, DBS, OCBC, Singapore Airlines and others",The Business Times,https://www.businesstimes.com.sg/singapore/singapore-trial-its-green-jet-fuel-procurement-9-firms-including-temasek-google-and-sia,2026-02-02,"It will be an overall test of the Republic’s centralised procurement system, before mandated use of the fuel begins in October The test will begin “soon”, with an open tender to be announced for the first batch of fuel....",https://cassette.sphdigital.com.sg/image/businesstimes/77546b9e102277b7bd43c485383bc5d8a59eb35d5982fd414c566f2abfa9a92c?w=1200&f=webp,Singapore,Crime
Singapore to be the first airport test bed for CFM's advanced open fan aircraft engines,The Business Times,https://www.businesstimes.com.sg/singapore/singapore-be-first-airport-test-bed-cfms-next-generation-open-fan-aircraft-engines,2026-02-02,"This will help develop a framework for the operation of these new engines CFM's next-generation engines, dubbed Rise, may be more fuel-efficient than existing jet engines. CFM [SINGAPORE] The Republic will be the first in the world to establish an airport testing ground for advanced open fan...",https://cassette.sphdigital.com.sg/image/businesstimes/a5ba996677b646db0f40f13ee14d295ae08437c743f893fb97328a7c21623fcc?w=1200&f=webp,Singapore,Entertainment
Singapore establishes national space agency NSAS under MTI,The Business Times,https://www.businesstimes.com.sg/singapore/singapore-establish-national-space-agency-nsas-under-mti,2026-02-02,"The National Space Agency of Singapore will front the Republic’s ambitions to be a leader in space technologies Dr Tan says Singapore will invest strategically in emerging areas, which include climate sustainability technologies....",https://cassette.sphdigital.com.sg/image/businesstimes/1de51fd56fda1c5ddd65eafc5e7eca17ce2067c941eca62f237b15894b86880c?w=1200&f=webp,Singapore,Technology
"CDC vouchers no more? Economists see smaller, targeted relief for Budget 2026",The Business Times,https://www.businesstimes.com.sg/singapore/cdc-vouchers-no-more-economists-see-smaller-targeted-relief-budget-2026,2026-02-02,"With inflation cooling, the popular voucher scheme could be scaled down, with lower payouts of S$400 to S$500, they say Economists say that the conditions that justified broad-based handouts have largely passed, even as cost-of-living concerns remain an issue for many....",https://cassette.sphdigital.com.sg/image/businesstimes/ab1cadf7174d6d515f89e2870a555a53f64e5e05500f81d265ec33bf0e922d0a?w=1200&f=webp,Singapore,Business
Economic Strategy Review: What makes a ‘good job’ today – and why this is harder to create,The Business Times,https://www.businesstimes.com.sg/singapore/economy-policy/economic-strategy-review-what-makes-good-job-today-and-why-harder-create,2026-02-02,"It will be difficult to redefine a good job without addressing wages, says academic in wake of Economic Strategy Review proposals While the idea of a good job has remained broadly consistent, the pathways to achieving one have become less predictable....",https://cassette.sphdigital.com.sg/image/businesstimes/8debfc3b68e5ad373e84d974174197c5ace35113431bdfc57be7e585d6d927ae?w=1200&f=webp,Singapore,Business
"Aid in navigation of digital space, continued monetary support in non-profits’ Budget wish list",The Business Times,https://www.businesstimes.com.sg/lifestyle/aid-navigation-digital-space-continued-monetary-support-non-profits-budget-wish-list,2026-02-02,"Some companies are looking for direction on how the country can further build on its reinforced status as a philanthropic hub SPD’s Ability Walk; the charity hopes that this year's Budget will have sustained support for social service agencies’ capabilities, which include cybersecurity and digital...",https://cassette.sphdigital.com.sg/image/businesstimes/687d6c10c08827a167ef3172d59d0c0631a9da18850097f4d2d4826990e27782?w=1200&f=webp,Singapore,Technology
ICAO Council president sanguine that aviation sector will cut carbon emissions by 5% by 2030,The Business Times,https://www.businesstimes.com.sg/companies-markets/transport-logistics/icao-council-president-sanguine-aviation-sector-will-cut-carbon-emissions-5-2030,2026-02-02,Toshiyuki Onuma notes that there are several possibilities to increase the production of sustainable aviation fuel Toshiyuki Onuma is the senior deputy director-general of Japan’s Civil Aviation Bureau in addition to being ICAO Council president....,https://cassette.sphdigital.com.sg/image/businesstimes/1e58e2b89376eeacbf1e6ee9dab01617061e1a9d77cab1fcfa9e254d07625bda?w=1200&f=webp,Singapore,Politics
listed gold-linked counters lose steam on yellow metal’s decade-worst retreat,The Business Times,https://www.businesstimes.com.sg/companies-markets/sgx-listed-gold-linked-counters-lose-steam-yellow-metals-decade-worst-retreat,2026-02-02,Market watchers expect volatility in the precious metal to continue in the near term Bullion retailers and pawnbrokers whose inventory values are directly tied to spot prices also retreated....,https://cassette.sphdigital.com.sg/image/businesstimes/595cd225abc57766b191b7879a479854db245a553cd72a4be6eccacb9fb2aab6?w=1200&f=webp,Singapore,Business
Thailand election: Economic reform the hard sell,The Business Times,https://www.businesstimes.com.sg/international/asean/thailands-election-awash-giveaways-real-economic-reform-remains-hard-sell,2026-02-02,"No political party is expected to win a majority, which means a coalition government is inevitable The Bhumjaithai Party has focused its campaign on the credentials of its “dream team” of technocrats, led by current Prime Minister Anutin Charnvirakul (top, centre)....",https://cassette.sphdigital.com.sg/image/businesstimes/8fdafadc15ef10f39f54c4025ff396f9f501166c683f49faac45b74faf4ac0da?w=1200&f=webp,Singapore,Politics
"GIC, Mubadala said to be set to join KKR in US$10 billion STT Deal",The Business Times,https://www.businesstimes.com.sg/international/global/gic-mubadala-said-be-set-join-kkr-us10-billion-stt-deal,2026-02-02,"Data centres are attracting a lot of investor interest, not least because of their role in the artificial intelligence boom Based in Singapore, STT GDC is one of Asia’s largest data centre operators with more than 100 such facilities across 20 markets....",https://cassette.sphdigital.com.sg/image/businesstimes/423aed243f399c4e8212eb9d42c15192edb9f3f8736af784cfdc68bfabd7e5ab?w=1200&f=webp,Singapore,Technology
How strong is the Singdollar? These charts show how it is performing against regional currencies,The Business Times,https://www.businesstimes.com.sg/companies-markets/capital-markets-currencies/how-strong-singdollar-these-charts-show-how-it-performing-against-regional-currencies,2026-02-02,"These seven charts track the Singapore dollar against key currencies over the last six months The Singdollar remains a bastion of stability, but the currencies around it are on the move. BT FILE [SINGAPORE] The first month of 2026 has seen a broad shift in foreign exchange trends....",https://cassette.sphdigital.com.sg/image/businesstimes/cc1babd3a9b4144675a4d6bff7c8b922a10dd5153f31d10e562a7bf28c1341ce?w=1200&f=webp,Singapore,Entertainment
Singapore Airlines launching direct flights to Riyadh from June,The Business Times,https://www.businesstimes.com.sg/companies-markets/transport-logistics/singapore-airlines-launch-direct-flights-riyadh-june,2026-02-02,"This will be the group’s second destination in Saudi Arabia, complementing Scoot flights to Jeddah SIA's passenger planes will fly between Singapore and Riyadh four times a week. YEN MENG JIIN, BT [SINGAPORE] Singapore Airlines (SIA) will commence non-stop flights between Singapore and Riyadh,...",https://cassette.sphdigital.com.sg/image/businesstimes/202cfb010c46f3c33f9062eb0aa4eafce486c0a4436a47166b6e3923b5bec6ff?w=1200&f=webp,Singapore,Business
What does Kevin Warsh’s nomination mean for the Fed?,The Business Times,https://www.businesstimes.com.sg/international/global/what-does-kevin-warshs-nomination-mean-fed,2026-02-02,"Warsh is a loyalist who has declared his alignment with Trump’s views on monetary policy Kevin Warsh is a veteran of both Wall Street and public service whom Trump nearly picked as Fed chair in 2017 before selecting Powell instead, a choice the president has said he regrets....",https://cassette.sphdigital.com.sg/image/businesstimes/a2a5fd96126943c95b6221faacd31ef93d6f47fcd09515a2507eafd4d4c4848e?w=1200&f=webp,Singapore,Politics
"What is tokenised gold, and why is it taking off in Asia?",The Business Times,https://www.businesstimes.com.sg/companies-markets/what-tokenised-gold-and-why-it-taking-asia,2026-02-02,Market watchers note that Singapore’s banks have taken a more measured approach towards tokenised gold offerings for retail investors The tokenisation of gold converts physical gold into digital tokens on a blockchain – a decentralised digital database or ledger....,https://cassette.sphdigital.com.sg/image/businesstimes/ab055758a76784bba8e3ac2856bbd22f05de2e66a7eda6079e12ef7a82114f5e?w=1200&f=webp,Singapore,Business
"Driving growth, creating jobs: What are the Economic Strategy Review’s 7 recommendations?",The Business Times,https://www.businesstimes.com.sg/singapore/driving-growth-creating-jobs-what-are-economic-strategy-reviews-7-recommendations,2026-02-02,"These are crafted from suggestions by businesses and workers over 60 engagements, events and company visits since August The ESR committees focus on global competitiveness, technology, economic restructuring, among others MDDI [SINGAPORE] Ahead of the upcoming Budget speech, the Economic Strategy...",https://cassette.sphdigital.com.sg/image/businesstimes/6e910475de3d5a5221254a761ebc2321ba4770665b1ece7d9ff142ab26ace55c?w=1200&f=webp,Singapore,Business
GuocoLand H1 net profit rises 14% to S$85.4 million despite lower revenue,The Business Times,https://www.businesstimes.com.sg/companies-markets/guocoland-h1-net-profit-rises-14-s85-4-million-despite-lower-revenue,2026-02-02,"EPS rises to S$0.0708 for the six-month period GuocoLand's revenue for H1 FY2026 is 22% lower than that for the same period a year earlier. BT FILE [SINGAPORE] Property developer GuocoLand on Thursday (Jan 29) posted a net profit of S$85.4 million for the six months ended Dec 31, 2025, up 14 per...",https://cassette.sphdigital.com.sg/image/businesstimes/1ca7aefe900cd362108fb98d1f39bf9c689bb4d4c79a68e18d6e9b8a927f53dc?w=1200&f=webp,Singapore,Business
Singapore court blocks ‘fraudulent’ US$2 million bank guarantee call in cross-border power dispute,The Business Times,https://www.businesstimes.com.sg/singapore/singapore-court-blocks-fraudulent-us2-million-bank-guarantee-call-cross-border-power-dispute,2026-02-02,"Call on the guarantee by Bangladeshi power company is ‘opportunistic and unfair’, notes judge The judge says that the reservation fee as per the deal between Swiss firm GE Vernova and Anlima Meghnaghat Power Plant was “expressly agreed by GE and Anlima to be non-refundable and it was not...",https://cassette.sphdigital.com.sg/image/businesstimes/3d4c7b68cc2e95be136ce83338ae65e6cdc954cd32d0c43552f089d0e71f4b9e?w=1200&f=webp,Singapore,Crime
India spooks investors instead of calming them,The Business Times,https://www.businesstimes.com.sg/international/india-spooks-investors-instead-calming-them,2026-02-02,"The Modi government intends to borrow a record 17.2 trillion rupees by selling bonds [NEW DELHI] India’s annual Budget has brought home to markets the unpleasant reality of fiscal dominance, in which the central bank ends up prioritising deficit financing over its primary function of controlling...",https://cassette.sphdigital.com.sg/image/businesstimes/8dda232948ffb1054d16df55d9e74b3ba7d475aba0bcf7503a1901620a5e6636?w=1200&f=webp,Singapore,Politics
Implications of Panama court ruling to quash CK Hutchison port concessions,The Business Times,https://www.businesstimes.com.sg/international/global/implications-panama-court-ruling-quash-ck-hutchison-port-concessions,2026-02-02,"Impact on CK Hutchison’s global ports deal is unclear, but analysts say talks ease without Panama While the two Panama ports account for just 5% of Hutchison Port Holdings’ earnings before interest, tax, depreciation and amortisation (Ebita), their strategic importance is high....",https://cassette.sphdigital.com.sg/image/businesstimes/9a27dce0747400bd1a1a85a0cfc08eee62908aeec14745993711f9b3294d02a0?w=1200&f=webp,Singapore,Crime
"Mizuho reports 14% rise in Q3 profit, expands buyback programme",The Business Times,https://www.businesstimes.com.sg/companies-markets/banking-finance/mizuho-reports-14-rise-q3-profit-expands-buyback-programme,2026-02-02,"Its profit has increased to 329.9 billion yen from 289.2 billion yen in the year-ago period In just three quarters, Mizuho booked more than 90% of its annual profit target of 1.13 trillion yen, which would be a record....",https://cassette.sphdigital.com.sg/image/businesstimes/98085149ac2fffd00c18faaad5007166aac7151dffc6deed83c1f381489e14a3?w=1200&f=webp,Singapore,Business
"Indonesian stocks fall 5% after last week’s dramatic shake-up, US$80 billion rout",The Business Times,https://www.businesstimes.com.sg/companies-markets/capital-markets-currencies/indonesian-stocks-fall-5-after-last-weeks-dramatic-shake-us80-billion-rout,2026-02-02,"Foreigners have sold around US$736 million worth of shares since Wednesday The benchmark Jakarta Composite Index fell over 4 per cent in early trading on Monday after sliding nearly 7 per cent last week, its steepest drop in a year....",https://cassette.sphdigital.com.sg/image/businesstimes/ad951250c5eee5442819443324ee33d775711fac493224ca34cde1c380a51427?w=1200&f=webp,Singapore,Business
New impeachment bids fire up Marcos-Duterte feud in Philippines,The Business Times,https://www.businesstimes.com.sg/international/new-impeachment-bids-fire-marcos-duterte-feud-philippines,2026-02-02,"The top two leaders’ relationship collapses after they ride a joint ticket to electoral success Protesters on Monday (Feb 2) hold signs calling for the impeachment of Philippine President Ferdinand Marcos Jr., and Vice-President Sara Duterte during a rally outside the House of Representatives (HOR)...",https://cassette.sphdigital.com.sg/image/businesstimes/a3dac24ce6cac1b08adbaf42a3e2212d8aed2190c4dbf778e00e4558a52a8761?w=1200&f=webp,Singapore,Politics
"Julius Baer profit drops in 2025 amid write-downs, but beats expectations",The Business Times,https://www.businesstimes.com.sg/companies-markets/banking-finance/julius-baer-profit-drops-2025-amid-write-downs-beats-expectations,2026-02-02,"It has reported a net profit of 764 million Swiss francs, with a net credit loss of 213 million francs Julius Baer CEO Stefan Bollinger says that 2025 was a successful transition year....",https://cassette.sphdigital.com.sg/image/businesstimes/3d76ae2c3844b6d2f9511a22229e3ff7f090ed59325215340fe5b20afa304eb2?w=1200&f=webp,Singapore,Entertainment
Could BYD's best days in Singapore be behind it?,The Business Times,https://www.businesstimes.com.sg/opinion-features/could-byds-best-days-be-behind-it,2026-02-02,"As EV incentives here wind down, insiders know the carmaker can’t stay on top forever BYD has been more successful than anyone else at capitalising on the clean-air incentives and tax breaks that have done so much to buoy EV sales, the writer notes....",https://cassette.sphdigital.com.sg/image/businesstimes/783523f876683d0f29795fdb976f27695a0d6fef1701b4c60df7044e24f3e191?w=1200&f=webp,Singapore,Technology
Why stocks will reward patient bullishness in 2026,The Business Times,https://www.businesstimes.com.sg/opinion-features/why-stocks-will-reward-patient-bullishness-2026,2026-02-02,"Markets should stay positive in 2026, but slower gains and higher volatility lie ahead After a stellar 2025 for global equities and another strong year for the STI, markets may still have room to run in 2026 EPA WITH 2025’s good-to-great gains for global stock markets – and the Straits Times Index...",https://cassette.sphdigital.com.sg/image/businesstimes/a308f55e1c164822bae824c1870c37dfc51e7c86f73e7a39af1c69332d52511d?w=1200&f=webp,Singapore,Health
Brain chips: Enhancing intelligence comes at a price,The Business Times,https://www.businesstimes.com.sg/opinion-features/boosting-your-brain-chip-carries-price,2026-02-02,"The brain is the largest data repository in the world, and the race to enhance it will almost certainly be propelled by a race to mine it IF YOU could safely implant a chip in your brain to enhance your intelligence, would you?...",https://cassette.sphdigital.com.sg/image/businesstimes/040da3efd42b1a4f46ca8859a167927d88248af43cd6a85e3042ef41520432c6?w=1200&f=webp,Singapore,Technology
Local hero: BMW’s first Asian head for Apac sales wants to foster more talent from the region,The Business Times,https://www.businesstimes.com.sg/international/global/bmws-first-asian-head-asia-pacific-sales-wants-foster-more-talent-region,2026-02-02,"Ritu Chandy says staying agile is a key advantage for the German carmaker Ritu Chandy began her career at BMW Australia as an intern in 1998, while completing her degree. BMW [SINGAPORE] Ritu Chandy is the first Asian to take up one of BMW Group’s most significant roles for this part of the world –...",https://cassette.sphdigital.com.sg/image/businesstimes/3a2d3b68b46e60260bf0c5d2efc1c5bebe606b723aa112e21cf03f7c19c90330?w=1200&f=webp,Singapore,Business
Nanyang Optical plans to enter into voluntary liquidation after 65 years; will close 4 of 6 stores,The Business Times,https://www.businesstimes.com.sg/singapore/smes/nanyang-optical-plans-enter-voluntary-liquidation-after-65-years-will-close-4-6-stores,2026-02-02,"The eyecare chain’s remaining two stores, which are under franchise arrangements, will continue operating and are unaffected Nanyang Optical's outlet at The Clementi Mall is one of the brand's two remaining stores that will continue operating....",https://cassette.sphdigital.com.sg/image/businesstimes/f641b641934b97a594f9b857f281fe767af43f470d2447ef6f9aa8526813ba98?w=1200&f=webp,Singapore,Business
Is it better investing in commercial property instead of residential property?,The Business Times,https://www.businesstimes.com.sg/podcasts/it-better-investing-commercial-property-instead-residential-property,2026-02-02,"Residential headlines are still grabbing the spotlight with new condo launches continuing to pull in keen buyers even as prices have outpaced income growth. Yet beneath the buzz, questions linger....",https://cassette.sphdigital.com.sg/image/businesstimes/d08e49db761fc51149fe58ed65b56893ee59080c7538fd852b39e119187232ef?w=1200&f=webp,Singapore,Business
More than romance: The conversation that outlasts Valentine’s Day,The Business Times,https://www.businesstimes.com.sg/podcasts/more-romance-conversation-outlasts-valentines-day,2026-02-02,"Valentine’s Day has a way of nudging couples towards candles, and romantic gestures. But once the flowers wilt and the dinner bill is paid, another question tends to linger quietly in the background: are you actually financially compatible?...",https://cassette.sphdigital.com.sg/image/businesstimes/c572ada93dde266b935d6ecf6c5e90c3de7b61d831ab4bc31caecddb9ff63798?w=1200&f=webp,Singapore,Entertainment
"Japan’s election, Greenland’s takeover and Asia’s market resilience",The Business Times,https://www.businesstimes.com.sg/podcasts/japans-election-greenlands-takeover-and-asias-market-resilience,2026-02-02,"With a snap election coming up on February 8, Japanese long-range bond yields shot up more than 25 basis points this week. ADOBE STOCK Global markets navigated another volatile week, with snap elections in Japan rattling government bonds and fresh geopolitical threats from Washington briefly...",https://cassette.sphdigital.com.sg/image/businesstimes/7211586c37a77c9dd105863564451082a30f110d9c8a654c5e1b5ef54b3aa0da?w=1200&f=webp,Singapore,Business
Kengo Kuma opens major architecture exhibition in Singapore,The Business Times,https://www.businesstimes.com.sg/lifestyle/arts-design/kengo-kuma-opens-major-architecture-exhibition-singapore,2026-02-02,The Japanese architect makes the case for Asian architectural values in a world in crisis [SINGAPORE] Kengo Kuma has spent much of his career arguing – gently but persistently – that architecture does not need to dominate the world to matter....,https://cassette.sphdigital.com.sg/image/businesstimes/b3f111f7038530809497c1fae99112ba3df3bf77763ba948b8053db8bb72cff5?w=1200&f=webp,Singapore,Entertainment
"Joan Chang: Shaping tradition, from hotels to cheongsams",The Business Times,https://www.businesstimes.com.sg/lifestyle/bt-luxe/joan-chang-shaping-tradition-hotels-cheongsams,2026-02-02,How one entrepreneur imagines heritage for a new generation of Singaporeans JOAN CHANG DIDN’T EXPECT MUCH when she checked into Lloyd’s Inn in 2012 – the budget hotel in River Valley that sat quietly within her family’s property portfolio. But spending a night there was enough....,https://cassette.sphdigital.com.sg/image/businesstimes/61714759c2504a70cac569c68aaab04284f41ffdc24c5fe8abc69ca27983dd60?w=1200&f=webp,Singapore,Business
Aman Nai Lert Bangkok: A luxury hotel of rare calm,The Business Times,https://www.businesstimes.com.sg/lifestyle/bt-luxe/aman-nai-lert-bangkok-luxury-hotel-rare-calm,2026-02-02,The high-end chain brings its legendary stillness into the heart of Bangkok IS IT POSSIBLE TO CREATE an urban sanctuary in Bangkok – a city so dense and kinetic that even its traffic feels stitched into daily life?...,https://cassette.sphdigital.com.sg/image/businesstimes/2fd90d40d653c04570984922fca76f4cd8108c349b6cfaea7a7743e2ceca0081?w=1200&f=webp,Singapore,Business
Issue 180: Sembcorp shareholders vote on Alinta deal; new directorship institute launches,The Business Times,https://www.businesstimes.com.sg/newsletters/esg-insights/issue-180-sembcorp-shareholders-vote-alinta-deal-new-directorship-institute-launches,2026-02-02,This week in ESG: Sembcorp acquisition’s coal exposure raises questions; GDInstitute offers alternative to Singapore Institute of Directors Sembcorp will miss its 2028 emissions intensity targets if it acquires Alinta....,https://cassette.sphdigital.com.sg/image/businesstimes/3655c7d344ffc64fd9fbcfb55120c29dc191ca9e3dc3e8aba7f578d651b410d7?w=1200&f=webp,Singapore,Politics
South-east Asia seeks data centre investments – but must reckon with their thirst,The Business Times,https://www.businesstimes.com.sg/opinion-features/south-east-asia-seeks-data-centre-investments-must-reckon-their-thirst,2026-02-02,"With rapid data centre growth straining the region’s water supply, the race is on for alternative water sources and cooling technologies. Across South-east Asia, many cities seek foreign investment in the form of data centres, but must therefore grapple with the facilities’ insatiable demand for...",https://cassette.sphdigital.com.sg/image/businesstimes/ff603c8731117c55c1405d5fae89212c43fef78e2f2e37d960f860e5078a2fc2?w=1200&f=webp,Singapore,Technology
China’s US$6.8 trillion green finance boom to advance further,The Business Times,https://www.businesstimes.com.sg/esg/chinas-us6-8-trillion-green-finance-boom-advance-further,2026-02-02,"It also supports the nation’s rise to dominance in green manufacturing, including batteries, solar panels and wind turbines In October, the People's Bank of China and China's financial regulators released a new project catalogue to standardise the rules across green finance products....",https://cassette.sphdigital.com.sg/image/businesstimes/be1491b65456be0ea14f56f94be21fe2a87ac08227a1c4b683456c1c59667cf3?w=1200&f=webp,Singapore,Business
"Flood losses set to soar 1,000% in South-east Asia: insurance firm study",The Business Times,https://www.businesstimes.com.sg/esg/flood-losses-set-soar-1000-south-east-asia-insurance-firm-study,2026-02-02,"Scientists and analysts warn that deforestation, weak flood defences and lack of funding for disaster resilience heighten damages The year 2025 ended with three tropical cyclones, unleashing a wave of destruction from Sri Lanka (above) to Indonesia, which caused at least US$20 billion in losses....",https://cassette.sphdigital.com.sg/image/businesstimes/8456e41dd4e30412829d643d6bf0fb64c1f868b84a2169c85df2c2b8db822ad3?w=1200&f=webp,Singapore,Health
China’s four-year energy spree has eclipsed entire US power grid,The Business Times,https://www.businesstimes.com.sg/companies-markets/energy-commodities/chinas-four-year-energy-spree-has-eclipsed-entire-us-power-grid,2026-02-02,"Since 2023, capacity additions have averaged more than 400 gigawatts a year China has been expanding its power system continuously since its industrial awakening in the 1990s. BLOOMBERG CHINA is undertaking an energy-building boom unlike anything the world has ever seen, as Beijing seeks to ensure...",https://cassette.sphdigital.com.sg/image/businesstimes/be68183275bb71893c5e8461ffe1b5d08d4e0f5ed305d04ea337f88b25607098?w=1200&f=webp,Singapore,Politics
"Indonesia’s captive power plants putting energy transition at risk, researchers say",The Business Times,https://www.businesstimes.com.sg/international/asean/indonesias-captive-power-plants-putting-energy-transition-risk-researchers-say,2026-02-02,The country aims to reach net-zero emissions by 2060 Indonesia is one of the world’s biggest greenhouse gas emitters and the top exporter of thermal coal. REUTERS [JAKARTA] Efforts to decarbonise Indonesia’s power sector have been put at risk by a faster than expected increase in the number of...,https://cassette.sphdigital.com.sg/image/businesstimes/9ceb64076cad31bd4b951bb9654d31aacc80092e37659be1306c6d86d1b7f77c?w=1200&f=webp,Singapore,Sports
AVPN launches social outcomes exchange in Asia,The Business Times,https://www.businesstimes.com.sg/esg/avpn-launches-social-outcomes-exchange-connects-funders-verifiable-impacts-first-its-kind-asia,2026-02-02,"Under this model, the funds disbursed are tied to the results of organisations such as non-profits, social enterprises Representatives of AVPN and Tri-Sector Associates with the first cohort of the AVPN ImpactCollab Outcomes Marketplace....",https://cassette.sphdigital.com.sg/image/businesstimes/31b223ab7c8bb92a2804a9313323571849e7d0e2d4e5f9f5aa8fe85bc011a626?w=1200&f=webp,Singapore,Entertainment
Why not investing your CPF savings could be a greater risk,The Business Times,https://www.businesstimes.com.sg/wealth/wealth-investing/why-not-investing-your-cpf-savings-could-be-greater-risk,2026-02-02,The real value of balances in the Ordinary Account has struggled to keep pace with the rising cost of living The reason people struggle to beat the CPF Ordinary Account's 2.5% interest rate is typically because of human emotions and high costs....,https://cassette.sphdigital.com.sg/image/businesstimes/74e6355aa7822dedfd8bb807087cf799d4de3c84892e381780bee9be7ca95643?w=1200&f=webp,Singapore,Business
South Korea’s record-beating stock rally stumbles as risk-off wave hits,The Business Times,https://www.businesstimes.com.sg/wealth/wealth-investing/south-koreas-record-beating-stock-rally-stumbles-risk-wave-hits,2026-02-02,Some investors see the pullback as a correction necessary to power the market’s next leg up Interest-rate policy uncertainty and doubts about the durability of AI-driven spending are weighing heavily on South Korea's technology stocks such as Samsung....,https://cassette.sphdigital.com.sg/image/businesstimes/e68319c05dd6c83f73400073c091ce4ffa85273911ae045c4e09a6927e5c76a1?w=1200&f=webp,Singapore,Politics
What does ‘responsible investing’ even mean anymore?,The Business Times,https://www.businesstimes.com.sg/wealth/what-does-responsible-investing-even-mean-anymore,2026-02-02,An uncertain geopolitical world and increasing instability in the global economic order are complicating matters Mounting debt and the possibility of inflation do pose a serious long-term risk to US bond returns and the dollar....,https://cassette.sphdigital.com.sg/image/businesstimes/a19b5eb4fb8feb3cc98933a0764cad939401989cc2ca17961915751854db0382?w=1200&f=webp,Singapore,Politics
Singapore market: Dips are opportunities,The Business Times,https://www.businesstimes.com.sg/opinion-features/singapore-dips-arent-plunges-theyre-opportunities,2026-02-02,"Now, small and mid-cap stocks and ETFs are generating new momentum Many expected Singapore’s STI to drop 3-5%, instead, from Jan 12 to 20, the STI rose 2.2%. TAY CHU YI, BT ALL traders know that headlines can trigger huge market reactions....",https://cassette.sphdigital.com.sg/image/businesstimes/7ccb0a8bcffa8319220ec6bb523eddc4160efb3df727b4e6097a7872c0a9f959?w=1200&f=webp,Singapore,Business
Tether is shaking up the gold market with massive metal hoard,The Business Times,https://www.businesstimes.com.sg/wealth/crypto-alternative-assets/tether-shaking-gold-market-massive-metal-hoard,2026-02-02,"The company makes money from its dollar stablecoin that is the giant of the sector, with US$186 billion in circulation The company holds around 140 tonnes of gold, according to Ardoino, most of which are its own reserves, along with the bullion backing its own gold token....",https://cassette.sphdigital.com.sg/image/businesstimes/613f953997e8ffe28123b2ee7ec81b818ba35f02917f8d30a85be58264f72d62?w=1200&f=webp,Singapore,Business
Tether returns to US market with launch of USAT stablecoin,The Business Times,https://www.businesstimes.com.sg/wealth/crypto-alternative-assets/tether-returns-us-market-launch-usat-stablecoin,2026-02-02,"Stablecoins are cryptocurrencies meant to maintain a steady value, typically pegged to the US dollar through reserves of cash or other asset The move marks the return of Tether to the US market, having stated that it stopped allowing US customers to buy or redeem its tokens directly with the issuer...",https://cassette.sphdigital.com.sg/image/businesstimes/8250dd5fb711fefe9d2baaac33915fbe1dd2d2df7de691e81203aad21e673d9b?w=1200&f=webp,Singapore,Business
"UK house prices rebound at start of year, Nationwide Building Society says",The Business Times,https://www.businesstimes.com.sg/property/uk-house-prices-rebound-start-year-nationwide-building-society-says,2026-02-02,"The average price of a property has increased by 0.3% in January to £270,873 Economists have predicted a stronger year for the UK property market, after the patchy performance and small price gains seen in 2025....",https://cassette.sphdigital.com.sg/image/businesstimes/259ee7549ff83583c73128597cc2abfb3952f8c65c5f288fef278c5afe42e562?w=1200&f=webp,Singapore,Business
"Hopeful signs in China’s property market? Not really, say developers",The Business Times,https://www.businesstimes.com.sg/property/hopeful-signs-chinas-property-market-not-really-say-developers,2026-02-02,Continued declining home sales point to a market that hasn’t stabilised The run of upbeat news has helped lift shares in the sector with the CSI 300 Real Estate Index climbing 5% for the year to date....,https://cassette.sphdigital.com.sg/image/businesstimes/58d0a18468bc341e704a4cfe2ebb78488eb8955083fad271e4ec723f0a4d8f88?w=1200&f=webp,Singapore,Business
Ex-JTC chief Tan Boon Khai named Therme Group Singapore CEO,The Business Times,https://www.businesstimes.com.sg/property/ex-jtc-chief-tan-boon-khai-named-therme-group-singapore-ceo,2026-02-02,"The veteran will lead the development of ‘Asia’s first next-generation urban well-being destination at Marina South’ Tan says: “Singapore is uniquely positioned to become a leading hub for urban well-being in Asia."" THERME GROUP [SINGAPORE] Former chief executive officer of JTC Corporation Tan Boon...",https://cassette.sphdigital.com.sg/image/businesstimes/4de50877cb89dacd889e65ed3ce40ccbe1f50e34002afbadbf3edd50c04049fa?w=1200&f=webp,Singapore,Business
"With T-bill yields falling to lows, which assets bring higher returns?",The Business Times,https://www.businesstimes.com.sg/wealth/wealth-investing/t-bill-yields-falling-lows-which-assets-bring-higher-returns,2026-02-02,"Current rates are far from competitive, for those hoping to retrieve returns worth their while Investment experts are mixed on whether money market funds are best for investors to park their cash for higher yields....",https://cassette.sphdigital.com.sg/image/businesstimes/7be62fe775557a156241e8ed07475e9a26badfe9805ffa4b1c09d1f2ebb7c40c?w=1200&f=webp,Singapore,Politics
BYD leads Chinese automaker sell-off on weakening sales,The Business Times,https://www.businesstimes.com.sg/international/global/byd-leads-chinese-automaker-sell-weakening-sales,2026-02-02,"The sell-off highlights rising investor concern that China’s carmakers face a prolonged slowdown BYD’s Hong Kong-listed shares dropped 7.8 per cent to HK$90.10, the lowest level since Feb 3, 2025....",https://cassette.sphdigital.com.sg/image/businesstimes/b5d0c1c9679ca918f1d92721b8466cfb2a5bbab4c8c60bb4590bb525ba9f314d?w=1200&f=webp,Singapore,Business
Chinese New Year travel rush kicks off in China ahead of an extra-long holiday,The Business Times,https://www.businesstimes.com.sg/international/chinese-new-year-travel-rush-kicks-china-ahead-extra-long-holiday,2026-02-02,"It is hoped a longer holiday might prompt Chinese consumers to boost consumption Performers in ethnic costumes dance at the Guangzhou Baiyun International Airport, as the Spring Festival travel rush begins on Monday (Feb 2) ahead of the Chinese New Year....",https://cassette.sphdigital.com.sg/image/businesstimes/cac8aab679751337ee90ab186144a7caaf034b1abef419c519fa0ef79c64c36d?w=1200&f=webp,Singapore,Politics
Kevin Warsh and the Fed: Impact on gold & silver,The Business Times,https://www.businesstimes.com.sg/opinion-features/why-trumps-new-pick-fed-chair-hit-gold-and-silver-markets,2026-02-02,"With Kevin Warsh’s nomination, investors appear to expect lower inflation and greater financial stability Kevin Warsh appears more independent and brings a reputation as an inflation “hawk” – a central banker who prioritises fighting inflation, compared to a “dove” who prioritises growth and jobs....",https://cassette.sphdigital.com.sg/image/businesstimes/15335dbe9ebcca3c1012f410b274142c5b207c4753069ba330117f7ed846edc4?w=1200&f=webp,Singapore,Business
Disney is close to picking parks chief D’Amaro as next CEO,The Business Times,https://www.businesstimes.com.sg/companies-markets/disney-close-picking-parks-chief-damaro-next-ceo,2026-02-02,"He is now leading a US$60 billion investment in expanding the company’s resorts and nearly doubling its fleet of cruise ships Josh D'Amaro, chairman of the company’s experiences division, was promoted primarily through the company’s theme-park ranks....",https://cassette.sphdigital.com.sg/image/businesstimes/e5f06e94efd1d72683916e7fdfa7949a3c5118279de5d62b49075786b825e70d?w=1200&f=webp,Singapore,Entertainment
India considering 49% foreign ownership in state-run banks,The Business Times,https://www.businesstimes.com.sg/companies-markets/banking-finance/india-considering-49-foreign-ownership-state-run-banks,2026-02-02,"Foreign ownership in State Bank of India (SBI) – the country’s largest lender – and 11 other state-owned banks is capped at 20 per cent, a legacy restriction rooted in the government’s desire to retain strategic control of the financial system....",https://cassette.sphdigital.com.sg/image/businesstimes/211e8563cf07a7ea5f9c63e7728a757cd3c9ee6ad2652fc99b46c5e72aa906ba?w=1200&f=webp,Singapore,Business
BOJ summary suggests emerging urgency around timely rate hikes,The Business Times,https://www.businesstimes.com.sg/companies-markets/banking-finance/boj-summary-suggests-emerging-urgency-around-timely-rate-hikes,2026-02-02,Japanese Prime Minister Sanae Takaichi is widely seen as having backed down from attempting to dissuage officials from hiking in December in light of the risk of the currency driving up inflation....,https://cassette.sphdigital.com.sg/image/businesstimes/fce0c8ab593e0406491f74439786311f0e0b0b11165e3941196a374097d4e09f?w=1200&f=webp,Singapore,Politics
Bad Bunny wins top Grammy prize for Spanish-language album,The Business Times,https://www.businesstimes.com.sg/lifestyle/bad-bunny-wins-top-grammy-prize-spanish-language-album,2026-02-02,"Opposition to Trump’s deportation drive surfaces throughout show Bad Bunny accepts the award for Album of the Year for ""Debi Tirar Mas Fotos"" during the 68th Annual Grammy Awards in Los Angele on Sunday (Feb 1)....",https://cassette.sphdigital.com.sg/image/businesstimes/76126b04d9d4799583c0b84377352740468ccbba6d81778231b46f70eee56287?w=1200&f=webp,Singapore,Entertainment
"Temasek, LIC plan share sales in NSE’s India IPO: source",The Business Times,https://www.businesstimes.com.sg/companies-markets/capital-markets-currencies/temasek-lic-plan-share-sales-nses-india-ipo-source,2026-02-02,All shareholders of NSE will be given the option to participate in the secondary sale as part of the IPO NSE’s board is likely to form a committee comprising its top executives and the representatives of major shareholders including LIC and SBI in a few days to oversee the IPO process....,https://cassette.sphdigital.com.sg/image/businesstimes/c55b8860940764ce4ee4a38593acf3d2a5f71b4206523ed437f8698353c16abe?w=1200&f=webp,Singapore,Business
Alibaba to spend three billion yuan for Chinese New Year AI push as chatbot war heats up,The Business Times,https://www.businesstimes.com.sg/companies-markets/telcos-media-tech/alibaba-spend-three-billion-yuan-chinese-new-year-ai-push-chatbot-war-heats,2026-02-02,"The public holiday period this year begins on Feb 15 and is nine days long, longer than in most previous years Competition in China’s AI sector has accelerated since DeepSeek’s R1 model launch in January last year rattled global AI markets....",https://cassette.sphdigital.com.sg/image/businesstimes/3c68f5c43fbc1c5f9730a67b0923e471aef92b79be9e8383e0b1804116be0bb3?w=1200&f=webp,Singapore,Business
Hyundai Motor did not exercise option to buy back Russian auto factory,The Business Times,https://www.businesstimes.com.sg/companies-markets/transport-logistics/hyundai-motor-did-not-exercise-option-buy-back-russian-auto-factory,2026-02-02,"Chinese brands have gained significant market share over the past four years Along with its affiliate Kia, Hyundai was once the biggest foreign carmaker in Russia. REUTERS [SEOUL] South Korean automaker Hyundai Motor did not exercise a buyback option for its former manufacturing plant in Russia,...",https://cassette.sphdigital.com.sg/image/businesstimes/aee7124cef77e315b534a7f7a043db2b88315a7f876df362184be75cf6e44e16?w=1200&f=webp,Singapore,Business
Aviation leaders tackle industrial and geopolitical headwinds,The Business Times,https://www.businesstimes.com.sg/companies-markets/transport-logistics/aviation-leaders-tackle-industrial-and-geopolitical-headwinds,2026-02-02,Asia-Pacific is the world’s fastest-growing region for air travel Air cargo shipments between Asia and North America slipped 0.8 per cent last year in the first such decline for some time....,https://cassette.sphdigital.com.sg/image/businesstimes/c2924b997cb0dba5e5e40ce26d8b31f8839d8f9ef6fbf28300a26b57b0385233?w=1200&f=webp,Singapore,Sports
India to spend 100 billion rupees to make biopharma production hub,The Business Times,https://www.businesstimes.com.sg/companies-markets/consumer-healthcare/india-spend-100-billion-rupees-make-biopharma-production-hub,2026-02-02,"The funding will be directed towards the research and production of biologics and biosimilar medicines The nation faces the second-highest burden of diabetes globally, after China, according to Lancet....",https://cassette.sphdigital.com.sg/image/businesstimes/94d477389e98ee81ec3c333a33e2fa5b779dc66bba8ba625d1a377a2d35b12c6?w=1200&f=webp,Singapore,Business
Metals traders lose at least one billion yuan as ‘Hat’ flees China,The Business Times,https://www.businesstimes.com.sg/international/metals-traders-lose-least-one-billion-yuan-hat-flees-china,2026-02-02,Chinese metals markets have seen more than their fair share of scandal in recent years The Chinese government has taken a dim view in recent years of companies it believes are engaging in any risky commercial practices that threaten the orderly functioning of markets....,https://cassette.sphdigital.com.sg/image/businesstimes/29c5e8703c82f8af60a4490298f8a0e4ce01af8fd294a0971e495ab98e2c2efb?w=1200&f=webp,Singapore,Politics
"‘Beat estimates’: RHB upgrades CDL Hospitality Trusts to ‘buy’ on improved earnings, bright sector outlook",The Business Times,https://www.businesstimes.com.sg/companies-markets/beat-estimates-rhb-upgrades-cdl-hospitality-trusts-buy-improved-earnings-bright-sector-outlook,2026-02-02,"The bank’s research team is lifting its target price for the trust to S$1.00, up 13.6% from S$0.88 CDLHT on Friday reported a 3.5% year-on-year increase in net property income to S$71.1 million for the second half of the year ended Dec 31, 2025....",https://cassette.sphdigital.com.sg/image/businesstimes/9a38039ac9899338570a41907319bafccf8258682ec86e122ac2b5e6b36f17bd?w=1200&f=webp,Singapore,Business
China Vanke’s record loss leaves developer at mercy of state backer,The Business Times,https://www.businesstimes.com.sg/property/china-vankes-record-loss-leaves-developer-mercy-state-backer,2026-02-02,"The company has been wrestling with a liquidity crunch for more than two year Once China’s largest developer, Vanke is now at the epicentre of the nation’s years-long property crisis....",https://cassette.sphdigital.com.sg/image/businesstimes/f2a04f5092b99b27bd72730cd9b570683e4a5aff8e24bc159de4afbe7ba63a25?w=1200&f=webp,Singapore,Business
‘Shop in China’ travel boom risks complicating PBOC’s yuan math,The Business Times,https://www.businesstimes.com.sg/international/shop-china-travel-boom-risks-complicating-pbocs-yuan-math,2026-02-02,Foreign visitors to the capital city of Beijing spent an unprecedented 50.6 billion yuan in 2025 Top tourism hubs have each seen a jump of about 40% in overseas visitors last year. BLOOMBERG A SURGE in foreign travellers strolling in Beijing’s Summer Palace and binging on Shanghai’s soup dumplings...,https://cassette.sphdigital.com.sg/image/businesstimes/3d851cbadfd6697dc67fbc4bc20d710319a30552bff526fb2146645e76c432fa?w=1200&f=webp,Singapore,Politics
"China’s factory activity expansion accelerates in January, private PMI shows",The Business Times,https://www.businesstimes.com.sg/international/global/chinas-factory-activity-expansion-accelerates-january-private-pmi-shows,2026-02-02,"Its economy grew 5.0 per cent last year New export orders swung back to expansion after contracting in December, with firms citing stronger demand from South-east Asia in particular....",https://cassette.sphdigital.com.sg/image/businesstimes/03e9254383b1347bf7f8455f7da1c04efcac0ebfee62ff8d0b536fd0655117f8?w=1200&f=webp,Singapore,Politics
"Gold falls 1.5% on firm US dollar, silver recovers from over three-week low",The Business Times,https://www.businesstimes.com.sg/companies-markets/energy-commodities/gold-falls-1-5-firm-us-dollar-silver-recovers-over-three-week-low,2026-02-02,"Non-yielding bullion tends to perform better in low-interest-rate environments A stronger US dollar makes greenback-priced gold less affordable for holders of other currencies. REUTERS [BENGALURU] Gold extended falls on Monday (Feb 2), pressured by a firm US dollar, as investors gauged US President...",https://cassette.sphdigital.com.sg/image/businesstimes/4405f2679f5d9be092dc59f565e08f13440514921c073f8c97c6dc9029c89df1?w=1200&f=webp,Singapore,Business
ST Engineering to design and develop new satellites in Singapore,The Business Times,https://www.businesstimes.com.sg/companies-markets/st-engineering-design-and-develop-new-satellites-singapore,2026-02-02,"These will improve high-speed data transfer, disaster response planning and environmental monitoring ST Engineering has also unveiled new platforms to manage congestion in orbit and verify carbon credit projects....",https://cassette.sphdigital.com.sg/image/businesstimes/bae18d1fa4912b8a904fbdd9ca96aa55863364472d127d7d484860e71501d07f?w=1200&f=webp,Singapore,Technology
Oil prices fall by 3% on US-Iran de-escalation,The Business Times,https://www.businesstimes.com.sg/companies-markets/energy-commodities/oil-prices-fall-3-us-iran-de-escalation,2026-02-02,"Brent crude futures were down US$2, or 2.9 per cent, to US$67.28 per barrel at 0100 GMT on Monday. REUTERS [TOKYO] Oil prices fell 3 per cent on Monday as US President Donald Trump said over the weekend Iran was “seriously talking” with Washington, signalling de-escalation with an Opec member after...",https://cassette.sphdigital.com.sg/image/businesstimes/50b3c57205e6d056541dbb87600bfd81869704e92bf1a28ff69e17139d36be6b?w=1200&f=webp,Singapore,Politics
Oracle says it plans to raise up to $50 billion in debt and equity this year,The Business Times,https://www.businesstimes.com.sg/companies-markets/telcos-media-tech/oracle-says-it-plans-raise-50-billion-debt-and-equity-year,2026-02-02,"The software company wants to expand its cloud infrastructure Oracle said it plans to achieve its funding objectives by using a combination of debt and equity financing. REUTERS ORACLE expects to raise US$45 billion to US$50 billion in 2026 to build additional capacity for its cloud infrastructure,...",https://cassette.sphdigital.com.sg/image/businesstimes/70781a0dad90e038516d13ae5d4273a67d389f7dcc5f4bc474ff757a95ad2444?w=1200&f=webp,Singapore,Business
Australia set for U-turn to rate hike in break from global trend,The Business Times,https://www.businesstimes.com.sg/companies-markets/banking-finance/australia-set-u-turn-rate-hike-break-global-trend,2026-02-02,"The turnaround has been driven by stubborn price pressures buttressed by a surprise drop in unemployment [SYDNEY] Australia’s central bank faces the uncomfortable prospect of going against the global grain and switching back to raising interest rates this week to douse resurgent inflation, less...",https://cassette.sphdigital.com.sg/image/businesstimes/0376d6d1416497ccd5e0e91ee403e62677b9523e5842a001a26f690d2a16ed96?w=1200&f=webp,Singapore,Business
South Korea’s factory activity expands at strongest pace in nearly 1-1/2 years: PMI,The Business Times,https://www.businesstimes.com.sg/international/south-koreas-factory-activity-expands-strongest-pace-nearly-1-12-years-pmi,2026-02-02,"The South Korean government has raised its growth forecast for this year to 2.0 per cent from 1.8 per cent The PMI for manufacturers in South Korea, published by S&P Global, rose to 51.2 in January, from 50.1 in December, marking the highest reading since August 2024....",https://cassette.sphdigital.com.sg/image/businesstimes/c50a80cd5d465ed2cc3f87e4ac703dbaa4cfabf6ea7d958219dc46e8709e8870?w=1200&f=webp,Singapore,Politics
CapitaLand India Trust H2 DPU rises 22% to S$0.039,The Business Times,https://www.businesstimes.com.sg/companies-markets/capitaland-india-trust-h2-dpu-rises-22-s0-039,2026-02-02,"Net property income is 9% higher at S$111.3 million Clint's total property income is up 2% year on year at S$145.1 million, from S$141.8 million for H2 FY2024. BT FILE [SINGAPORE] CapitaLand India Trust (Clint) recorded a distribution per unit (DPU) of S$0.039 for its second half ended Dec 31,...",https://cassette.sphdigital.com.sg/image/businesstimes/e047533d67fecfb4b0798e6726d480e516eb73f91256e8fb28c4744b17ad3e70?w=1200&f=webp,Singapore,Business
MoneyMax expects ‘significant improvement’ in H2 net profit,The Business Times,https://www.businesstimes.com.sg/companies-markets/moneymax-expects-significant-improvement-h2-net-profit,2026-02-02,It also expects a similar improvement in the full-year net profit MoneyMax will share its second-half and full-year financial statements on Mar 1. BT FILE [SINGAPORE] Pawnbroker and gold retailer MoneyMax on Monday (Feb 2) said that it expects a “significant improvement” in its second-half and...,https://cassette.sphdigital.com.sg/image/businesstimes/1c35c7ceaa2c29e30378a894ac93bcc64f048a7842c27641825f297de15ac146?w=1200&f=webp,Singapore,Business
Fatal accidents shake Thailand’s faith in once-dominant builder,The Business Times,https://www.businesstimes.com.sg/international/asean/fatal-accidents-shake-thailands-faith-once-dominant-builder,2026-02-02,"Italian-Thai Development’s financial problems were getting progressively worse prior to the accidents A train derailed when a construction crane collapsed and fell onto its carriages, causing several casualties in Sikhio district, Nakhon Ratchasima province, Thailand, Jan 14, 2026....",https://cassette.sphdigital.com.sg/image/businesstimes/5facda02d653be66a609ceca48db6755cd545ad46e3857887c5965f8b02b1392?w=1200&f=webp,Singapore,Business
Danantara to continue investing in Indonesian stocks after rout,The Business Times,https://www.businesstimes.com.sg/international/asean/danantara-continue-investing-indonesian-stocks-after-rout,2026-02-02,Many of the country’s largest companies are thinly traded and controlled by a small number of wealthy individuals The involvement of the sovereign wealth fund has been a major escalation by the Indonesian government after its stock market suffered its largest two-day plunge in nearly three decades....,https://cassette.sphdigital.com.sg/image/businesstimes/1700101d89ef3b9cc8531d484731a93b75d296e5c8e8aeb5ae63a56b716a7ff3?w=1200&f=webp,Singapore,Business
Johor-Singapore SEZ to fast-track aviation parts,The Business Times,https://www.businesstimes.com.sg/international/asean/malaysian-agency-eyes-pilot-scheme-fast-track-clearance-aviation-parts-js-sez,2026-02-02,"This is part of efforts to prevent execution delays of projects in the economic zone Mohd Noorazam Osman, CEO of the Iskandar Regional Development Authority, says that the JS-SEZ should not be seen as a Johor-only play. There is broader opportunity to build a corridor effect....",https://cassette.sphdigital.com.sg/image/businesstimes/ee563dcd0a9b13a3c665f9728725a9af93dec7862d47558132778af6d322993c?w=1200&f=webp,Singapore,Crime
Abu Dhabi royal invested in Trump crypto venture: report,The Business Times,https://www.businesstimes.com.sg/companies-markets/banking-finance/abu-dhabi-royal-invested-trump-crypto-venture-report,2026-02-02,"A White House spokesperson says that the US president’s assets are in a trust managed by his children Tahnoon is the United Arab Emirates national security adviser, a deputy ruler of the emirate and was handed charge in 2023 of the US$1 trillion Abu Dhabi Investment Authority....",https://cassette.sphdigital.com.sg/image/businesstimes/65ab86cdc3569a0b75647c5149da9c0faea4e150888b207bf6b897d061ad09c7?w=1200&f=webp,Singapore,Business
Japan PM talks up weak yen even as her government works to counter currency decline,The Business Times,https://www.businesstimes.com.sg/international/global/japan-pm-talks-weak-yen-even-her-government-works-counter-currency-decline,2026-02-02,"Takaichi said the government is monitoring financial markets The yen has hovered at 18-month lows against the US dollar, contributing to inflation that has raised the prospect of interest rate hikes by the central bank....",https://cassette.sphdigital.com.sg/image/businesstimes/5b66a454a1f503f1972c6b6dda5856b135706c02dfebf4b501120795fa7984ac?w=1200&f=webp,Singapore,Politics
Waymo seeking about US$16 billion near US$110 billion valuation,The Business Times,https://www.businesstimes.com.sg/companies-markets/transport-logistics/waymo-seeking-about-us16-billion-near-us110-billion-valuation,2026-02-02,"The startup plans to aggressively expand the commercial service this year to many more American cities, as well as to the UK Waymo operates fully autonomous ride-hailing, without a human safety monitor, and charges a fare for passengers in half a dozen US cities....",https://cassette.sphdigital.com.sg/image/businesstimes/0b8963e38b2c925f5dfe57bc778ca87e82ed2e6005ae0be3b253c06cbd34bac9?w=1200&f=webp,Singapore,Business
US FDA launches programme to boost domestic drug manufacturing,The Business Times,https://www.businesstimes.com.sg/international/us-fda-launches-programme-boost-domestic-drug-manufacturing,2026-02-02,"It’s in line with President Donald Trump’s executive order in May to shift manufacturing of drugs to the US The FDA PreCheck programme, first announced in August, aims to streamline review of domestic pharmaceutical plants and eliminate unnecessary regulatory requirements....",https://cassette.sphdigital.com.sg/image/businesstimes/a7cb303bd3fe4b1c9bc7640700596b01a0ae20cb82ea7bca12046a378482c3c3?w=1200&f=webp,Singapore,Politics
Amazon’s ‘Melania’ documentary opens to US$7 million in theatres,The Business Times,https://www.businesstimes.com.sg/lifestyle/amazons-melania-documentary-opens-us7-million-theatres,2026-02-02,"The movie focuses on Melania Trump during the 20 days before Donald Trump’s return to the presidency last year 'Melania' faces the same obstacles as all documentaries in the streaming era, when many viewers opt to skip theatrical releases for non-fiction movies altogether....",https://cassette.sphdigital.com.sg/image/businesstimes/6454301c31a8112e4edaf6dacb890958ae794e86a0d34c4587b96f48846d6983?w=1200&f=webp,Singapore,Entertainment
"X back up after brief outage hits US users, Downdetector shows",The Business Times,https://www.businesstimes.com.sg/companies-markets/telcos-media-tech/x-back-after-brief-outage-hits-us-users-downdetector-shows,2026-02-02,"The outage lasted about 45 minutes and was largely resolved by 12.04 pm ET, tracking website Downdetector.com said. REUTERS ELON Musk’s social media platform X was back up after a brief outage affected more than 19,000 US users on Sunday, according to outage tracking website Downdetector.com....",https://cassette.sphdigital.com.sg/image/businesstimes/d6f1e2a95dfecd2b2e512f9d6ef5797cf96aaed3e82efe935d19974f33a960b1?w=1200&f=webp,Singapore,Technology
Texas Democrat’s win a ‘wake-up call’ for Republicans ahead of 2026 elections,The Business Times,https://www.businesstimes.com.sg/international/texas-democrats-win-wake-call-republicans-ahead-2026-elections,2026-02-02,"Democrats have won several local and state elections since Trump started his second term last year Democrat Taylor Rehmet won on Saturday in the conservative area in Tarrant County near Dallas by more than 14 percentage points, unnerving Republicans in Texas and beyond....",https://cassette.sphdigital.com.sg/image/businesstimes/8c7251cce72c15b6215bce003e512762de899117f36ced44aa4db482c3e410e1?w=1200&f=webp,Singapore,Politics
Opec+ agrees to keep oil output unchanged as Iran tensions boost prices,The Business Times,https://www.businesstimes.com.sg/companies-markets/energy-commodities/opec-agrees-keep-oil-output-unchanged-iran-tensions-boost-prices,2026-02-02,"They will raise production quotas by about 2.9 million barrels per day from April till December 2025, roughly 3% of global demand. The meeting of eight Opec+ members took place as Brent crude closed near US$70 a barrel on Friday, close to the six-month high of US$71.89 it hit on Thursday....",https://cassette.sphdigital.com.sg/image/businesstimes/6c9e349d2c9edee05176f0773f946596ad778db21f8910637a21d2ee5c07571f?w=1200&f=webp,Singapore,Politics
"Heavy earnings week, jobs data to test US stocks after Microsoft swoon",The Business Times,https://www.businesstimes.com.sg/companies-markets/heavy-earnings-week-jobs-data-test-us-stocks-after-microsoft-swoon,2026-02-02,"Results are due from about one-quarter of S&P 500 companies including Alphabet, Amazon, Lilly S&P 500 companies overall are expected to increase earnings by 15 per cent in 2026, putting their financial outlooks under the microscope....",https://cassette.sphdigital.com.sg/image/businesstimes/e3a5f15f1ccde6404396f9b54a4e4c50fc2431e9f455eb4c3b99ff48e41bb28e?w=1200&f=webp,Singapore,Sports
Nio’s January deliveries jump over 96%; cumulative deliveries top 1 million,The Business Times,https://www.businesstimes.com.sg/companies-markets/nios-january-deliveries-jump-over-96-cumulative-deliveries-top-1-million,2026-02-02,"But last month’s deliveries were 43.5% lower than December’s 48,135 vehicles Of the deliveries made in January, 20,894 were from its premium smart EV brand Nio. REUTERS [SINGAPORE] Chinese electric vehicle (EV) maker Nio delivered 27,182 vehicles in January, marking a 96.1 per cent increase year on...",https://cassette.sphdigital.com.sg/image/businesstimes/fc13d93c2ed5ee425e56d497c08b3f036ac9b1bea19dcc1e32c0fcd7d81e88ef?w=1200&f=webp,Singapore,Business
Singapore bank lending hits fastest monthly growth since Dec 2024; full-year lending at multi-year high,The Business Times,https://www.businesstimes.com.sg/companies-markets/singapore-bank-lending-hits-fastest-monthly-growth-dec-2024-full-year-lending-multi-year-high,2026-02-02,"For the whole of 2025, bank lending up 5.8% at S$10.26 trillion, MAS data indicates Loans and advances – including bills financing – from commercial banks to residents rose 1.5% to S$886.1 billion, from S$873.1 billion in November....",https://cassette.sphdigital.com.sg/image/businesstimes/d723c455626758525b015cf4c82c7439b1a9581157b686013222b0a8bb96dd8d?w=1200&f=webp,Singapore,Business
China’s BYD vehicle sales fall for fifth month in a row,The Business Times,https://www.businesstimes.com.sg/companies-markets/chinas-byd-vehicle-sales-fall-fifth-month-row,2026-02-02,"It has narrowly met its slashed global sales target of 4.6 million units in 2025, and has not announced this year’s target BYD sold 210,051 vehicles globally in January. The export volume of new energy vehicle was at 100,482 units for the month....",https://cassette.sphdigital.com.sg/image/businesstimes/69eb2aadb2c2d8c4a60c5ad7fe30e7ce85e30557aace9ac4f7e63cd29641c01a?w=1200&f=webp,Singapore,Politics
Sell America is the new trade on Wall Street,The Business Times,https://www.businesstimes.com.sg/companies-markets/sell-america-new-trade-wall-street,2026-02-02,"After a relentless rally, the US stock market has plateaued since the start of the year and started to slide when measured in other currencies. REUTERS A NEW investment thesis has spread through global markets at the start of 2026, as trading strategies long built on the primacy of the United...",https://cassette.sphdigital.com.sg/image/businesstimes/aabf4147a1fcbc0c394c0db09929992e2d2f83a8f549c122d86bb006b8b173ca?w=1200&f=webp,Singapore,Business
Fu Yu appoints Victor Lim as managing director after board dispute,The Business Times,https://www.businesstimes.com.sg/companies-markets/fu-yu-appoints-victor-lim-managing-director-after-board-dispute,2026-02-02,"Lim’s appointment comes after a month-long review Victor Lim's appointment comes slightly over a month after he was reinstated as Fu Yu’s director of strategy, a role he held for four years before leaving the company in March last year....",https://cassette.sphdigital.com.sg/image/businesstimes/c46bea2a12647fc705b8c47debd1282e74ec32e48e27ad450b71b7ab00021131?w=1200&f=webp,Singapore,Entertainment
ST Engineering unveils largest cargo drone at Singapore Airshow 2026,The Business Times,https://www.businesstimes.com.sg/companies-markets/st-engineering-debuts-its-largest-cargo-drone-singapore-airshow-2026,2026-02-02,"The unmanned aircraft can carry up to 100 kg and is planned to begin operation in 2028 The DrN-600 is powered by lithium polymer batteries and has a range of 70 to 100 km. DERRYN WONG, BT [SINGAPORE] Singapore Technologies Engineering (ST Engineering) launched its largest unmanned cargo aircraft to...",https://cassette.sphdigital.com.sg/image/businesstimes/bfec549c43ded826e40960cbecadff2900ef300076098d57f5eb6b2adb239be4?w=1200&f=webp,Singapore,Technology
Nvidia CEO says new OpenAI investment may be largest yet,The Business Times,https://www.businesstimes.com.sg/companies-markets/nvidia-ceo-says-new-openai-investment-may-be-largest-yet,2026-02-02,Jensen Huang calls the artificial intelligence research organisation “one of the most consequential companies of our time” Nvidia's Jensen Huang speaking at a dinner event with the company’s Taiwanese suppliers in Taipei on Saturday....,https://cassette.sphdigital.com.sg/image/businesstimes/07eae9f72027db99cf5292788f4a338f504b2cbc37818b4a0bb046d0e9428526?w=1200&f=webp,Singapore,Business
Chinese travel giant Trip.com bets on Apac growth as it looks beyond home market,The Business Times,https://www.businesstimes.com.sg/companies-markets/chinese-travel-giant-trip-com-bets-apac-growth-it-looks-beyond-home-market,2026-02-02,"It will strengthen its branding and continue to develop specialised products for the newer audience Jane Sun, CEO of Trip.com Group, says: ""As long as people are travelling, we should be okay....",https://cassette.sphdigital.com.sg/image/businesstimes/bc8ceebb6853f5b55f7b8360e3e16bd2c60b90d4470390a8ec392e4b42656b85?w=1200&f=webp,Singapore,Business
"US fans are so obsessed with KPop Demon Hunters, they are learning Korean",The Business Times,https://www.businesstimes.com.sg/lifestyle/fans-are-so-obsessed-kpop-demon-hunters-they-are-learning-korean,2026-02-02,"Demand is so high that universities from California to Arkansas are expanding their courses in Korean language and culture. NYTIMES TO PROPERLY sing along to Golden, the inescapable hit song from the movie KPop Demon Hunters, it helps to know Korean, which is sprinkled into the lyrics....",https://cassette.sphdigital.com.sg/image/businesstimes/2958f63305c768ef7855581a8a501faa9a03acd1cca133c6c1f97bf837e7595e?w=1200&f=webp,Singapore,Entertainment
Covid-19: German Chancellor Angela Merkel quarantined,Mothership,https://mothership.sg/2020/03/angela-merkel-quarantined,2026-02-02,"German Chancellor, Angela Merkel, is in isolation after her doctor was found infected with Covid-19. The doctor had given the 65-year-old German leader a precautionary vaccine against pneumococcal infection on March 20....",https://static.mothership.sg/1/2020/03/angela-merkel-covid-19.jpg,Singapore,Health
"Either you stay at home or stay with us, M'sia funeral parlour says in Covid-19 advisory",Mothership,https://mothership.sg/2020/03/malaysia-funeral-parlour-covid-19,2026-02-02,"A funeral parlour in Malaysia has gone viral for their tongue-in-cheek advisory on the Covid-19 situation. In a Facebook post on Mar. 19, Nirvana Asia said, ""Stay at home or stay at Nirvana."" ""Nirvana"" here likely refers to the burial plots and columbariums that the company owns....",https://static.mothership.sg/1/2020/03/funeral-parlour-featured.png,Singapore,Entertainment
Education Minister Ong Ye Kung explains why schools are not closed in 675-word Facebook post,Mothership,https://mothership.sg/2020/03/singapore-no-schools-closure-covid,2026-02-02,"The March school holiday comes to an end on Mar. 23, after a one-week break. With the rise in Covid-19 cases globally, Singapore has also seen a spike in the number of confirmed cases over the past few days, with many of them being imported cases....",https://static.mothership.sg/1/2020/03/close-down-school-oyk.jpg,Singapore,Politics
Police & POFMA reports filed over misleading Facebook posts on couple with smashed eggs,Mothership,https://mothership.sg/2020/03/singapore-couple-egg-police-report,2026-02-02,"Photos of a couple spilling several trays of eggs onto a pavement in Singapore has made its rounds online. The viral photos have since attracted some vitriol, with netizens accusing the couple of hoarding and stockpiling the eggs, in light of Malaysia's lockdown announcement....",https://static.mothership.sg/1/2020/03/egg-broken-pofma.png,Singapore,Entertainment
"Covid-19: 23 new cases in S'pore on Mar. 22, 18 are imported cases",Mothership,https://mothership.sg/2020/03/covid-19-update-march-22,2026-02-02,"The Ministry of Health has announced 23 new cases of the Covid-19 infection on Mar. 22, 2020. This bring the total number of cases in Singapore to 455. 18 of the new cases are imported, while five are local cases....",https://static.mothership.sg/1/2020/03/NCID-wiki.jpg,Singapore,Health
Phua Chu Kang makes 2nd comeback in official Covid-19 rap music video,Mothership,https://mothership.sg/2020/03/phua-chu-kang-covid-19-music-video,2026-02-02,"One of Phua Chu Kang's most memorable moments was his appearance in the ""SAR-vivor Rap"" music video. This, aside from his eponymous TV show which ran for eight seasons. After all, the rap video had some pretty iconic lines like, ""SARS is the virus, that I just want to minus""....",https://static.mothership.sg/1/2020/03/phua-chu-kang.png,Singapore,Health
WP chief Pritam Singh: S'poreans can be united despite safe distancing & asking hard questions freely,Mothership,https://mothership.sg/2020/03/workers-party-social-distancing,2026-02-02,"It's Covid-19 infections season, and Singapore general election is threatening to appear around the corner, and that means the opposition Workers' Party members of parliament are still out and about to meet with residents....",https://static.mothership.sg/1/2020/03/workers-party-covid-19.jpg,Singapore,Health
"Gym staff, 27, gets 2 months' jail for stealing 2 luxury watches worth S$173,000 from Tanjong Pagar gym lockers",Mothership,https://mothership.sg/2026/02/gym-staff-locker-steal-watches,2026-02-02,"He had used the master key to the gym's lockers to steal the Rolex Submariner Hulk and Patek Philippe watches. A gym assistant was sentenced to two months' jail for stealing two luxury watches worth about S$173,000 on two separate occasions....",https://static.mothership.sg/1/2023/06/gym-virgin-wallich.jpg,Singapore,Crime
"S'porean actress Joanne Peh, 42, gets hit by snowboarder while skiing, injures knees",Mothership,https://mothership.sg/2026/02/joanne-peh-injures-knee-skiing,2026-02-02,She has been told to restrict her movements for a month. What was supposed to be a happy skiing trip overseas with her husband turned into a stressful and painful one for local actress Joanne Peh....,https://static.mothership.sg/1/2026/02/Article-Cover-Pic-2000-x-1050-31.jpg,Singapore,Entertainment
"Repeat offender, 38, who bribed prison officer to smuggle painkillers into Changi Prison, gets another 8 weeks' jail",Mothership,https://mothership.sg/2026/02/repeat-offender-bribe-prison-officer-smuggle-drugs,2026-02-02,"The then-prison officer was sentenced to 10 months' jail in October 2025. A repeat offender, who was earlier released from prison, was sentenced to eight weeks' jail after helping to facilitate a bribe to a prison officer to smuggle drugs into Changi Prison....",https://static.mothership.sg/1/2026/02/inmate-bribe-pills.png,Singapore,Crime
"Man, 61, found dead at foot of Serangoon HDB block",Mothership,https://mothership.sg/2026/02/man-found-dead-serangoon-block,2026-02-02,The police do not suspect foul play. A 61-year-old man was found dead at the foot of Block 231 Serangoon Avenue 3 on Feb. 2. The police confirmed with Mothership that they received a call for assistance at the block at about 8am....,https://static.mothership.sg/1/2026/02/Article-Cover-Pic-2000-x-1050-30.jpg,Singapore,Crime
M'sian policewoman 'Inspector Sheila' arrested over Thaipusam ruckus at Batu Caves,Mothership,https://mothership.sg/2026/02/inspector-shelia,2026-02-02,"She ended her tirade by saying, 'Thank you for arresting me on this holy day, Thaipusam"". A Malaysian policewoman known online as ""Inspector Sheila"", was arrested for allegedly disturbing public order at the Batu Caves. On Feb....",https://static.mothership.sg/1/2026/02/Shelia-Cover.png,Singapore,Crime
"SAS Cineplex replaces Cathay at Causeway Point, offers screening of Bollywood films",Mothership,https://mothership.sg/2026/02/sas-cineplex-causeway-point,2026-02-02,"A new cinema, SAS Cineplex, is now up and running at Cathay Cineplex's old space at Causeway Point. This comes after Cathay shut all its outlets in September 2025 after entering voluntary liquidation....",https://static.mothership.sg/1/2026/02/new-cinema-causeway-point.png,Singapore,Entertainment
"M'sian man, 36, allegedly collected over S$12,000 cash & valuables in govt official impersonation scam",Mothership,https://mothership.sg/2026/02/malaysian-man-government-official-impersonation-scam,2026-02-02,"A 36-year-old Malaysian man, Yeap Chong Siah, was charged in court on Jan. 28 for his suspected involvement in multiple cases of government official impersonation scams. On Feb. 2, he was brought to 44 Beo Crescent, where he allegedly previously collected cash and valuables from one of the victims,...",https://static.mothership.sg/1/2026/02/SuspectBeoHee.png,Singapore,Crime
"S'pore PR, 46, gets 11 years' jail after drunk-driving & fatally hitting pedestrian, severing body into 3 parts",Mothership,https://mothership.sg/2026/02/man-drink-driving-sever-pedestrian-body,2026-02-02,"The man was described as ""lethargic"" and had also taken an antihistamine that morning. A man, who drove under the influence of alcohol with his two young children in his vehicle and fatally struck a pedestrian at high speed was sentenced to 11 years' jail on Feb. 2....",https://static.mothership.sg/1/2026/02/bmw-body-sever.png,Singapore,Crime
'Golden' from KPop Demon Hunters wins first Grammy for K-pop act,Mothership,https://mothership.sg/2026/02/golden-kpop-demon-hunters-first-grammy,2026-02-02,"They're goin' up, up, up, it's their moment. Hit animated film ""KPop Demon Hunters"" has earned K-pop its first-ever Grammy Award on Feb. 1 (U.S. time). “Golden”, one of the standout tracks from the film’s soundtrack, took home the award for ""Best Song Written for Visual Media""....",https://static.mothership.sg/1/2026/02/Article-Cover-Pic-2000-x-1050-32.jpg,Singapore,Entertainment
"Private organisations in S'pore to stop using NRIC numbers for authentication by Dec. 31, 2026",Mothership,https://mothership.sg/2026/02/nric-authentication-stop-dec31-2026,2026-02-02,"Private organisations in Singapore will have until Dec. 31, 2026 to phase out the use of NRIC numbers for authentication, said the Personal Data Protection Commission (PDPC) in a media release....",https://static.mothership.sg/1/2026/02/nric-not-for-authentication.jpg,Singapore,Technology
Affected customers of Nanyang Optical can seek assistance from Capitol Optical & Lenskart,Mothership,https://mothership.sg/2026/02/nanyang-optical-capitol-optical-lenskart,2026-02-02,"The companies will review the situation on a case-by-case basis. In the wake of Nanyang Optical's voluntary liquidation on Jan. 26, several eyewear retailers have reached out to offer assistance to affected customers....",https://static.mothership.sg/1/2026/01/Nanyang-Optical-Cover-1.png,Singapore,Business
"Iranian woman, 18, killed after being dragged by Sudanese man onto train tracks in Germany",Mothership,https://mothership.sg/2026/02/woman-dies-train-tracks-germany,2026-02-02,"Both were killed at the scene. An 18-year-old woman was killed after being pushed onto subway tracks in Hamburg, Germany on Jan. 29, with the man who allegedly shoved her also dying at the scene....",https://static.mothership.sg/1/2026/02/photo_2026-02-02-12.17.20.jpeg,Singapore,Crime
S'pore to set up National Space Agency on Apr. 1 to develop advanced space tech & contribute to global space ecosystem,Mothership,https://mothership.sg/2026/02/sg-national-space-agency,2026-02-02,"The agency is set up to lead Singapore’s national space efforts. Singapore will establish its first National Space Agency of Singapore (NSAS) from Apr. 1, Minister for Manpower and Minister-in-charge of Energy and Science & Technology in the Ministry of Trade and Industry Tan See Leng announced on...",https://static.mothership.sg/1/2026/02/nsas-singapore.png,Singapore,Technology
"Woman, 66, found dead at foot of Woodlands HDB block",Mothership,https://mothership.sg/2026/02/woman-dead-woodlands,2026-02-02,The police do not suspect foul play. A 66-year-old woman was found dead at the foot of a Housing and Development Board block in Woodlands on Feb. 1. The police confirmed with Mothership that they were alerted to a case of unnatural death at Block 302A Woodlands Street 31 at about 12:55pm....,https://static.mothership.sg/1/2026/02/Article-Cover-Pic-2000-x-1050-29.jpg,Singapore,Crime
"Boy, 8, in China, wakes from 55-day coma after hearing classmates' videos",Mothership,https://mothership.sg/2026/02/boy-8-in-china-wakes-from-55-day-coma-after-hearing-classmates-videos,2026-02-02,"An eight-year-old boy in China fell into a coma after getting into a car accident in November 2025. According to South China Morning Post, Liu Chuxi suffered severe brain damage and lung injuries, and doctors informed his family that his chances of regaining consciousness were slim....",https://static.mothership.sg/1/2026/02/Cover-Photos-11.png,Singapore,Politics
S'pore to hold scam exercise where people get calls simulating scammers impersonating govt officials,Mothership,https://mothership.sg/2026/02/new-scam-exercise-singapore,2026-02-02,"The public will get to experience how scams work and learn to protect themselves in the first National Simulated Scams Exercise. Open to volunteers, this new initiative was announced by Josephine Teo, the Minister for Digital Development and Information, at the Exercise SG Ready and Total Defence...",https://static.mothership.sg/1/2026/02/Cover-Photos-10-1.png,Singapore,Crime
"S'porean man, 40, found guilty of dragging ICA officer with car after not stopping for fuel tank check",Mothership,https://mothership.sg/2026/02/singaporean-man-drag-ica-officer,2026-02-02,"He will be sentenced in March 2026. A Singaporean man, who drove off and dragged an Immigration and Checkpoints Authority (ICA) officer after refusing to stop for a fuel tank check, has been found guilty. Steve Ling Wei Liang was convicted of a rash act endangering human life on Jan....",https://static.mothership.sg/1/2026/02/Cover-Photos-9.png,Singapore,Crime
"S'porean man, 41, fined S$580 in M'sia for punching man who allegedly flirted with his wife",Mothership,https://mothership.sg/2026/02/singaporean-man-punch-flirt-wife,2026-02-02,"A Singaporean man was fined RM1,800 (S$580) by a Malaysia court on Jan. 28 after he punched another man for allegedly hitting on his wife. Romeo Seah Yan Sheng, a 41-year-old father of four, was charged with intentionally causing injury to the 33-year-old victim in the Johor town of Taman Setia...",https://static.mothership.sg/1/2026/01/punch_coverimage.png,Singapore,Health
British tourists in Thailand allegedly using S'pore as 'transit point' to smuggle cannabis to UK: Thai media,Mothership,https://mothership.sg/2026/02/singapore-transit-cannabis,2026-02-02,"The drug couriers were paid between S$1,800 to S$3,400 per successful trip. Tourists in Thailand, mostly British, have allegedly been using Singapore as a ""transit point"" to traffic cannabis to the United Kingdom. According to Bangkok Post, authorities in Koh Samui said on Jan....",https://static.mothership.sg/1/2026/01/thailand-singapore-cannabis-transit-point.jpg,Singapore,Health
Trump says federal government won’t step into protests in Democratic-led cities ‘until they ask us for help’,Yahoo News Singapore,https://sg.news.yahoo.com/news/articles/trump-says-federal-government-won-213646489.html,2026-02-02,"President Donald Trump said he has instructed Homeland Security Secretary Kristi Noem not to intervene in protests or unrest in Democratic-led cities unless local officials formally request assistance, amid criticism over heavy-handed immigration enforcement tactics....",https://s.yimg.com/os/en/cnn_articles_875/745a75a76d066d290ebbed9685c649ee,Singapore,Politics
Indian shares open little changed ahead of union budget,Yahoo News Singapore,https://sg.news.yahoo.com/finance/news/indian-shares-open-little-changed-035146732.html,2026-02-02,Feb 1 (Reuters) - Indian shares were little changed at ​the open in ‌a special trading session ahead of ‌the federal budget on Sunday as investors expect support for growth from government ⁠capital spending ‌and relief for export-oriented sectors hit by U.S. ‍tariffs....,https://s.yimg.com/os/en/reuters.com/735b3ed5ccf48e31abe0e573baf31c81,Singapore,Business
24 people to be charged with scam-related money mule activities involving over $3.1m in losses,Yahoo News Singapore,https://sg.news.yahoo.com/24-people-charged-scam-related-034500026.html,2026-02-02,"Sixteen men and eight women have been arrested for their suspected involvement in various scams amounting to more than $3.1 million in losses. The individuals, aged between 16 and 51, will be charged from Feb 2 to 6 with offences connected to scam-related money mule activities....",https://s.yimg.com/ny/api/res/1.2/FgiqOKATamP9nRrUE2MM9w--/YXBwaWQ9aGlnaGxhbmRlcjt3PTEyMDA7aD04MDA7Y2Y9d2VicA--/https://media.zenfs.com/en/straits_times_442/bc484fa944ffba2e95fb11ae6104b45e,Singapore,Crime
"Mired in economic trouble, Bangladesh pins hopes on election boost",Yahoo News Singapore,https://sg.news.yahoo.com/finance/news/mired-economic-trouble-bangladesh-pins-033644038.html,2026-02-02,"Bangladesh has endured political turmoil and also biting economic pain in the past 18 months, with many hoping for a rebound under new leadership after elections on February 12 (Munir UZ ZAMAN) · Munir UZ ZAMAN/AFP/AFP Textile worker Sabina Khatun is in limbo after losing her job during sweeping...",https://s.yimg.com/os/en/afp.com.sg/3b390725edd953ba83cf85b37cebf7c2,Singapore,Politics
What 3 million new documents tell us about Trump’s ties to Jeffrey Epstein,Yahoo News Singapore,https://sg.news.yahoo.com/news/articles/3-million-documents-tell-us-150738520.html,2026-02-02,"President Donald Trump is mentioned more than 1,000 times in the 3 million Jeffrey Epstein documents released Friday, after the president initially resisted the effort. While some of the references are benign, others include newly disclosed unverified sexual assault claims against Trump as well as...",https://s.yimg.com/os/en/cnn_articles_875/59e992f301b99d661e79b29bfc1de21d,Singapore,Politics
"Trump says India will buy oil from Venezuela, not Iran",Yahoo News Singapore,https://sg.news.yahoo.com/finance/news/trump-says-india-buy-oil-030510319.html,2026-02-02,"Jan 31 (Reuters) - U.S. President Donald Trump on Saturday said ​India will buy Venezuelan oil, as ‌opposed to purchasing oil from Iran. ""We've already made that ‌deal, the concept of the deal,"" Trump told reporters while on Air Force One, en route to Florida from Washington, D.C....",https://s.yimg.com/os/en/reuters.com/b74ccd06b3533c37e743ffc7cce0df2f,Singapore,Politics
Chinese cash in jewellery at automated gold recyclers as prices soar,Yahoo News Singapore,https://sg.news.yahoo.com/chinese-cash-jewellery-automated-gold-030450070.html,2026-02-02,"Dozens of people crowded around an automated gold recycling machine at a Shanghai mall, hoping to melt down family heirlooms for cash as prices of the precious metal hit record highs....",https://s.yimg.com/os/en/afp.com.sg/c81b00c396990be9e3357ef4d7c8d058,Singapore,Environment
More anti-ICE protests underway nationwide after judge declines to immediately halt Operation Metro Surge in Minnesota,Yahoo News Singapore,https://sg.news.yahoo.com/news/articles/anti-ice-protests-touch-every-050146810.html,2026-02-02,Massive crowds of protesters are marching across the nation to protest the Trump administration’s immigration crackdown Saturday — the same day a judge handed the federal government a win by denying a request to halt an operation that has seen thousands of agents dispatched to Minnesota’s Twin...,https://s.yimg.com/os/en/cnn_articles_875/2fe7724a5cd36ca29f13886447790dbc,Singapore,Politics
Deportation raids drive Minneapolis immigrant family into hiding,Yahoo News Singapore,https://sg.news.yahoo.com/deportation-raids-drive-minneapolis-immigrant-025648692.html,2026-02-02,"For the two months that federal agents have been conducting immigration raids in Minneapolis, Ana, Carlos and their son Luis have locked themselves in at home, feeling trapped behind their own deadbolt....",https://s.yimg.com/os/en/afp.com.sg/1f58a46b4869f33495ca29d3daba6a19,Singapore,Politics
Nvidia boss insists 'huge' investment in OpenAI on track,Yahoo News Singapore,https://sg.news.yahoo.com/finance/news/nvidia-boss-insists-huge-investment-024708794.html,2026-02-02,"Nvidia CEO Jensen Huang insists the US tech giant is going to make 'a huge investment in OpenAI' (Patrick T. Fallon) · Patrick T. Fallon/AFP/AFP Nvidia chief executive Jensen Huang has insisted the US tech giant will make a ""huge"" investment in OpenAI and dismissed as ""nonsense"" reports that he is...",https://s.yimg.com/os/en/afp.com.sg/3169c20a4cc18d2541ac5a960000ae21,Singapore,Business
Italians furious over deployment of ICE agents to bolster US security at Winter Olympics,Yahoo News Singapore,https://sg.news.yahoo.com/news/articles/italians-furious-over-deployment-ice-133410358.html,2026-02-02,Outrage is growing in Italy over the deployment of Immigration and Customs Enforcement (ICE) agents to assist US security operations at the Winter Olympics next month – something US officials say has been common practice at previous Olympics....,https://s.yimg.com/os/en/cnn_articles_875/4682837a95839817e408ac1cd3496b82,Singapore,Sports
"With Trump mum, last US-Russia nuclear pact set to end",Yahoo News Singapore,https://sg.news.yahoo.com/trump-mum-last-us-russia-013938070.html,2026-02-02,"Come Thursday, barring a last-minute change, the final treaty in the world that restricted nuclear weapon deployment will be over. New START, the last nuclear treaty between Washington and Moscow after decades of agreements dating to the Cold War, is set to expire, and with it restrictions on the...",https://s.yimg.com/os/en/afp.com.sg/cc4b7672603d9b70ff946d7586d76b83,Singapore,Politics
Shutdown expected to last until at least Tuesday as Jeffries says Democrats won’t help pass funding bill,Yahoo News Singapore,https://sg.news.yahoo.com/news/articles/house-minority-leader-says-republicans-221106632.html,2026-02-02,"The federal government likely won’t reopen until at least Tuesday, when the House is expected to hold critical votes on a must-pass funding package, as Minority Leader Hakeem Jeffries warns Republicans they can’t rely on Democrats....",https://s.yimg.com/os/en/cnn_articles_875/1945ac2c656932f0a30082ad096c38ea,Singapore,Politics
First reported crocodile sighting around Sentosa waters; water activities suspended at 3 beaches,Yahoo News Singapore,https://sg.news.yahoo.com/water-activities-suspended-3-sentosa-005900709.html,2026-02-02,"Water activities such as swimming and kayaking have been suspended at Siloso, Palawan and Tanjong beaches at Sentosa after a crocodile was spotted, in the first such reported sighting around the island’s waters to date....",https://s.yimg.com/ny/api/res/1.2/_F2gG9Kql_5g1ARyUgmPCg--/YXBwaWQ9aGlnaGxhbmRlcjt3PTEyMDA7aD03OTk7Y2Y9d2VicA--/https://media.zenfs.com/en/straits_times_442/5a00ea2d5ea77c9067517155ef5e7a73,Singapore,Environment
"Factbox-India's budget - what is expected on debt, military, infrastructure?",Yahoo News Singapore,https://sg.news.yahoo.com/finance/news/factbox-indias-budget-expected-debt-003341141.html,2026-02-02,"NEW DELHI, Feb 1 (Reuters) - India announces its annual budget on Sunday, with the Defence Ministry seeking higher military spending, industry urging cuts in tax rates ​on market transactions and customs duties, and the government planning to ease foreign investment ‌rules....",https://s.yimg.com/os/en/reuters.com/bf62bf805f0bdee507fbd0bde8f0f40c,Singapore,Politics
S’pore to face AI challenge sooner than many other countries: President Tharman,Yahoo News Singapore,https://sg.news.yahoo.com/pore-face-ai-challenge-sooner-000000572.html,2026-02-02,"The Republic will face the challenge of artificial intelligence (AI) sooner than many countries because it is small, open, and relies on technology as a source of its competitiveness, said President Tharman Shanmugaratnam....",https://s.yimg.com/ny/api/res/1.2/FNqmiWIL3FenpKggc13TdA--/YXBwaWQ9aGlnaGxhbmRlcjt3PTEyMDA7aD04MDA7Y2Y9d2VicA--/https://media.zenfs.com/en/straits_times_442/3bf94b897629d6eb3156e02333ca7044,Singapore,Politics
Iran says progress made towards US talks despite attack jitters,Yahoo News Singapore,https://sg.news.yahoo.com/iran-says-progress-made-towards-185702242.html,2026-02-02,"Iran's top security official said Saturday that progress had been made towards negotiations with the United States, even as the Islamic republic's army chief warned Washington against launching military strikes....",https://s.yimg.com/os/en/afp.com.sg/fa5f28332de9d0b1976fee1d6b51b81a,Singapore,Crime
Justice Department's Misconduct Complaint Against Judge Boasberg Gets Tossed,Yahoo News Singapore,https://sg.news.yahoo.com/news/articles/justice-departments-misconduct-complaint-against-234006087.html,2026-02-02,Jan 31 (Reuters) - A federal appeals court judge has dismissed a judicial misconduct complaint by U.S. Justice Department against a judge who clashed with President Donald Trump’s administration over its move to deport several Venezuelans to El Salvador. U.S....,https://s.yimg.com/os/en/the_huffington_post_584/2099cf22d4e8c20e2417a4385c3bde36,Singapore,Politics
District judge’s scathing opinion ordering release of 5-year-old Liam Ramos and father,Yahoo News Singapore,https://sg.news.yahoo.com/news/articles/read-district-judge-scathing-opinion-233220232.html,2026-02-02,"US District Judge Fred Biery has ordered the release of 5-year-old Liam Conejo Ramos and his father from immigration detention in Dilley, Texas. In the fiery opinion, Biery admonished the Trump administration’s “ignorance” of the Declaration of Independence, saying Americans today are hearing...",https://s.yimg.com/os/en/cnn_articles_875/f9b6643dbdb0002497a235ce2044e2bc,Singapore,Politics
"Separatist attacks in Pakistan kill 33, dozens of militants dead",Yahoo News Singapore,https://sg.news.yahoo.com/ten-security-officials-37-militants-092829546.html,2026-02-02,"Separatists launched ""coordinated"" attacks across Pakistan's Balochistan province on Saturday, killing at least 15 security personnel and 18 civilians, the military said -- the latest violence in the insurgency-hit southwestern region....",https://s.yimg.com/os/en/afp.com.sg/fa35adc6a6cfb3ef361856802f6c3d2a,Singapore,Crime
New US envoy to Venezuela arrives in Caracas as administration aims to reopen embassy,Yahoo News Singapore,https://sg.news.yahoo.com/news/articles/us-envoy-venezuela-arrives-caracas-224603442.html,2026-02-02,"Laura F. Dogu, the United States’ new top envoy to Venezuela, arrived in Caracas on Saturday as the Trump administration aims to reopen an embassy there for the first time in nearly seven years. “I just arrived in Venezuela. My team and I are ready to work,” Dogu said in a social media post....",https://s.yimg.com/os/en/cnn_articles_875/e913f68790c252e902c0658416ea047d,Singapore,Politics
Trump Orders DHS To Stay Away From Protests In Democratic-Led Cities Unless They Seek Federal Help,Yahoo News Singapore,https://sg.news.yahoo.com/news/articles/trump-orders-dhs-stay-away-222110185.html,2026-02-02,"WASHINGTON, Jan 31 (Reuters) - U.S. President Donald Trump said on Saturday that he has ordered the Department of Homeland Security to “under no circumstances” get involved with protests in Democratic-led cities unless they ask for federal help or federal property is threatened....",https://s.yimg.com/os/en/the_huffington_post_584/54fe42db55d582d8396d637aba00b075,Singapore,Politics
New head of US mission in Venezuela arrives as ties warm,Yahoo News Singapore,https://sg.news.yahoo.com/head-us-mission-venezuela-arrives-220722854.html,2026-02-02,"The new head of the US diplomatic mission to Venezuela arrived in the country on Saturday and was welcomed by the South American country's foreign minister, as relations gradually warm after the ouster of Nicolas Maduro in a US military raid. ""I just arrived in Venezuela....",https://s.yimg.com/os/en/afp.com.sg/91e3c2e9436da9e7fc41432aae14bb52,Singapore,Politics
Chicago mayor signs executive order calling on police to investigate federal immigration agents accused of misconduct,Yahoo News Singapore,https://sg.news.yahoo.com/news/articles/chicago-mayor-signs-executive-order-215325613.html,2026-02-02,Chicago Mayor Brandon Johnson on Saturday signed an executive order directing city police to investigate and document alleged misconduct by federal immigration officers with an eye toward prosecution. “We are putting ICE on notice in our city....,https://s.yimg.com/os/en/cnn_articles_875/fbaf833bd50c2d8dac721a1b32b61b42,Singapore,Crime
US judge denies Minnesota bid to suspend immigration sweeps,Yahoo News Singapore,https://sg.news.yahoo.com/us-judge-denies-minnesota-bid-184359016.html,2026-02-02,A US judge delivered a blow Saturday to Minnesota's bid to force Immigration and Customs Enforcement to suspend its sweeping detention and deportation operation in the state that has left two US citizens dead and fueled massive protests....,https://s.yimg.com/os/en/afp.com.sg/e7d99a38a8084a9bd5fc332d9086cc49,Singapore,Crime
Latest Epstein file photos appear to show former Prince Andrew on floor with female,Yahoo News Singapore,https://sg.news.yahoo.com/news/articles/latest-epstein-file-photos-appear-175551758.html,2026-02-02,"Photographs appearing to show former Prince Andrew on all fours, leaning over a woman or girl lying on the floor, emerged in the latest release of Epstein files from the US Department of Justice on Friday....",https://s.yimg.com/os/en/cnn_articles_875/2bb37f9a3046329fd2af39bda7765492,Singapore,Sports
Gaza civil defence says Israeli strikes kill 32,Yahoo News Singapore,https://sg.news.yahoo.com/gaza-civil-defence-says-israeli-142838156.html,2026-02-02,"Israeli air strikes killed 32 people including children in Gaza on Saturday, according to the Palestinian territory's civil defence agency, as the military said it had attacked in response to a Hamas ceasefire violation....",https://s.yimg.com/os/en/afp.com.sg/a943ddbe966b05e684355e97c85976f4,Singapore,Crime
Judge Orders Release Of 5-Year-Old Liam Conejo Ramos From ICE Detention,Yahoo News Singapore,https://sg.news.yahoo.com/news/articles/judge-orders-release-5-old-203344321.html,2026-02-02,"A federal judge in San Antonio has ordered the release of Liam Conejo Ramos, 5, and his father from an ICE detention center in Texas after they were taken into custody in a Minneapolis suburb last week. U.S....",https://s.yimg.com/os/en/the_huffington_post_584/25ebab6157b6a6cd1d7fdd8c3f4078ba,Singapore,Crime
"Lured by a deepfake video, retiree lost over $4,000 in an investment scheme",Yahoo News Singapore,https://sg.news.yahoo.com/lured-deepfake-video-retiree-lost-200000024.html,2026-02-02,"It looked like a rare opportunity to make money. A Singapore minister, speaking to the camera, was shown endorsing a cryptocurrency investment scheme promising high returns. So Mr Victor, 75, thought it carried a stamp of credibility. He wanted to stretch his retirement funds....",https://s.yimg.com/ny/api/res/1.2/WdMbvuZliNs9dy0cnL4FFA--/YXBwaWQ9aGlnaGxhbmRlcjt3PTEyMDA7aD04MTQ7Y2Y9d2VicA--/https://media.zenfs.com/en/straits_times_442/0ba8e3fc686a677f54318f852071e343,Singapore,Business
"Waymo seeking about $16 billion near $110 billion valuation, Bloomberg News reports",Yahoo News Singapore,https://sg.news.yahoo.com/finance/news/waymo-seeking-16-billion-near-193940929.html,2026-02-02,"Jan 31 (Reuters) - Alphabet unit ​Waymo ‌is aiming to ‌raise about $16 billion in a ⁠financing ‌round that would ‍value it at nearly $110 billion, ​Bloomberg News ‌reported on Saturday, citing people familiar with ⁠the matter. Reuters ​could ​not immediately verify the ‍report....",https://s.yimg.com/os/en/reuters.com/5b9d36fb56d21695f80c26cf5ccc6bf4,Singapore,Business
How Lego got swept up in US-Mexico trade frictions,Yahoo News Singapore,https://sg.news.yahoo.com/lego-got-swept-us-mexico-191140730.html,2026-02-02,"Manufacturing a Barbie or a Lego brick requires large quantities of plastic, much of which comes from China, the world's largest producer of the material. So when Mexico hiked tariffs on the Asian giant at the start of 2026, its toy manufacturers, including local factories of Lego and Barbie-maker...",https://s.yimg.com/os/en/afp.com.sg/86ef18927c40f220b6e06e467eea9242,Singapore,Business
Ukraine hit by mass power outages after 'technical malfunction',Yahoo News Singapore,https://sg.news.yahoo.com/ukraine-sees-mass-power-outages-161327728.html,2026-02-02,"Ukraine's power grid experienced mass outages for several hours on Saturday after a ""technical malfunction"" caused electrical lines between Moldova, Romania and Ukraine to fail, Ukraine's energy minister said....",https://s.yimg.com/os/en/afp.com.sg/3633871ab03361777d490ff15f1d0bd9,Singapore,Politics
What’s inside the latest Epstein files released by the Justice Department,Yahoo News Singapore,https://sg.news.yahoo.com/news/articles/inside-latest-epstein-files-released-050046088.html,2026-02-02,"The Justice Department on Friday released more than 3 million pages of files related to the investigation into convicted sex offender Jeffrey Epstein, after Congress passed a law last year forcing the Trump administration to do so....",https://s.yimg.com/os/en/cnn_articles_875/7386e271c002b05366ca478b5665e2a2,Singapore,Politics
'It wasn't working': Canada province ends drug decriminalization,Yahoo News Singapore,https://sg.news.yahoo.com/wasnt-working-canada-province-ends-175506637.html,2026-02-02,"Over 35 years as a drug user, Vancouver resident Garth Mullins said he's had ""hundreds and hundreds"" of interactions with police, and long believed drug decriminalization was smart policy....",https://s.yimg.com/os/en/afp.com.sg/f14c943b70062a3296497a56befd859c,Singapore,Health
"ICE Agents To Stay in Minnesota For Now, Judge Says",Yahoo News Singapore,https://sg.news.yahoo.com/news/articles/ice-agents-stay-minnesota-now-174759527.html,2026-02-02,"Despite the fatal shootings of two Americans by federal agents in Minnesota, the Trump administration’s surge of immigration officers into the Twin Cities will not be halted for now, a federal judge ruled Saturday. The order, written by U.S....",https://s.yimg.com/os/en/the_huffington_post_584/f9e01ac695c309552d5c1a1f320436f8,Singapore,Politics
SpaceX seeks FCC nod for solar-powered satellite data centers for AI,Yahoo News Singapore,https://sg.news.yahoo.com/spacex-seeks-fcc-nod-solar-171430131.html,2026-02-02,"WASHINGTON, Jan 31 - Elon Musk's SpaceX wants to launch a constellation of 1 million satellites that will orbit Earth and harness ​the sun to power AI data centers, according to a filing at the ‌Federal Communications Commission....",https://s.yimg.com/os/en/reuters.com/2fbdb19a57a61528299f1b7ebf4b93ea,Singapore,Technology
Trump Claims Critics Are Attacking Kristi Noem 'Because She's A Woman' In Friday Night Rant,Yahoo News Singapore,https://sg.news.yahoo.com/news/articles/trump-claims-critics-attacking-kristi-170642557.html,2026-02-02,"President Donald Trump floated a theory as to why Secretary of Homeland Security Kristi Noem has come under so much fire the past week, and it’s not because of her department’s disastrous immigration crackdown in Minneapolis....",https://s.yimg.com/os/en/the_huffington_post_584/2260ca577c265c9ab1824102eaa477b0,Singapore,Politics
Italy investigates church painting of angel restored to look like Meloni,Yahoo News Singapore,https://sg.news.yahoo.com/news/articles/italy-investigates-church-painting-angel-164601472.html,2026-02-02,"ROME, Jan 31 (Reuters) - An angel in a church in central Rome has been restored to look like Italian ​Prime Minister Giorgia Meloni, a national newspaper reported on ‌Saturday, prompting the culture ministry to investigate and Meloni to laugh off the affair....",https://s.yimg.com/os/en/reuters.com/4c2e13fbc7793839d5bdc2e3644661c8,Singapore,Entertainment
"Blast rips through building in Iranian port city of Bandar Abbas, state media says",Yahoo News Singapore,https://sg.news.yahoo.com/news/articles/blast-rips-building-iranian-port-150951049.html,2026-02-02,"A blast caused by a gas leak ripped through a building in the Iranian southern port city of Bandar Abbas on Saturday, state media reported, as tensions remain high in the region due to US President Donald Trump repeatedly warning of possible military action against Iran....",https://s.yimg.com/os/en/cnn_articles_875/3950da531d58fd9564ea9882f7230d77,Singapore,Politics
5 early takeaways from DOJ’s big Epstein files drop,Yahoo News Singapore,https://sg.news.yahoo.com/news/articles/5-early-takeaways-doj-big-005345393.html,2026-02-02,"The Justice Department on Friday announced the long-awaited release of an enormous tranche of Jeffrey Epstein files, spanning more than 3 million pages, which it said fulfilled its obligations under transparency legislation passed last year by Congress....",https://s.yimg.com/os/en/cnn_articles_875/c90bb1e8281d8d66c6ef3e601b67c2ea,Singapore,Politics
"Israeli strikes kill over 30 in Gaza, health ministry says, in deadliest day in months",Yahoo News Singapore,https://sg.news.yahoo.com/news/articles/israeli-strikes-kill-least-26-130345516.html,2026-02-02,"Israeli strikes across Gaza killed at least 31 people on Saturday, according to the Palestinian Ministry of Health, the highest day’s death toll in over two months. The reported toll includes six children, the ministry said, while a further 30 people have been injured, including some in critical...",https://s.yimg.com/os/en/cnn_articles_875/ba26aed7146a7c72750f64b171acc2b5,Singapore,Crime
‘It’s not because we have bigger guns’: Minneapolis’ poet laureate tells why ICE found itself in trouble,Yahoo News Singapore,https://sg.news.yahoo.com/news/articles/not-because-bigger-guns-minneapolis-140047909.html,2026-02-02,"In January 2025, Junauda Petrus warned, in her inaugural poem as poet laureate of Minneapolis, of residents “getting snatched in the night,” and celebrated a city of “neighbors who traded plates of food….so we could all taste where each other was from.” The poem, “Ritual on How to Love Minneapolis...",https://s.yimg.com/os/en/cnn_articles_875/8a84009de455403bd7ef258220ec823d,Singapore,Politics
"Traffic jam on PIE after accident involving motorcycle, 2 cars; man taken to hospital",Yahoo News Singapore,https://sg.news.yahoo.com/traffic-jam-pie-accident-involving-134500060.html,2026-02-02,"A motorcyclist was taken to hospital on Jan 31 after he was involved in an accident with two cars, which led to a traffic jam on the PIE. The police and Singapore Civil Defence Force said they were alerted to the accident on the PIE towards Tuas before the Whitley Road exit at 3.55pm....",https://s.yimg.com/ny/api/res/1.2/Fl3ANxZLXxNjFYAprf6.2A--/YXBwaWQ9aGlnaGxhbmRlcjt3PTEyMDA7aD03OTk7Y2Y9d2VicA--/https://media.zenfs.com/en/straits_times_442/700a3f6d1a5f86771ff5f7528ccdf7c7,Singapore,Health
"Cancellations, resignations follow Trump's move to reshape the Kennedy Center",Yahoo News Singapore,https://www.yahoo.com/news/finance_data.html,2026-02-02,Powered by Yahoo Scout. Yahoo is using AI to generate key points from this article. This means the info may not always match what’s in the article. Reporting mistakes helps us improve the experience. Key takeaways Powered by Yahoo Scout. Yahoo is using AI to generate key points from this article....,https://s.yimg.com/ny/api/res/1.2/_nTnZ96Yi8GrxTeLRqHC0w--/YXBwaWQ9aGlnaGxhbmRlcjt3PTEyMDA7aD04MDA7Y2Y9d2VicA--/https://s.yimg.com/os/creatr-uploaded-images/2025-02/2e9b88c0-ea6b-11ef-beee-3d32431ca4e2,Singapore,Technology
UK ex-ambassador quits Labour over new reports of Epstein links,Yahoo News Singapore,https://sg.news.yahoo.com/uk-ex-ambassador-quits-labour-001123645.html,2026-02-02,"Former British ambassador to Washington Peter Mandelson quit the Labour Party Sunday, seeking to avoid causing it ""further embarrassment"" after newly released US documents revived scrutiny of his connection to late sex offender Jeffrey Epstein....",https://s.yimg.com/os/en/afp.com.sg/fe8d4fb2429e12d399c31cdb71e4b697,Singapore,Politics
Trump says closing Kennedy Center arts complex for two years,Yahoo News Singapore,https://sg.news.yahoo.com/trump-says-closing-kennedy-center-000548038.html,2026-02-02,"US President Donald Trump announced Sunday he is closing the Kennedy Center arts complex in Washington for two years, beginning on July 4 -- the nation's 250th anniversary -- for a thorough renovation....",https://s.yimg.com/os/en/afp.com.sg/b8f6796506095e0cd3912c38dbf02fd2,Singapore,Politics
Trump’s threatened tariffs over oil to Cuba put Mexico in a bind,Yahoo News Singapore,https://sg.news.yahoo.com/news/articles/trump-threatened-tariffs-over-oil-002339760.html,2026-02-02,"Mexico has found itself walking a diplomatic tightrope after US President Donald Trump threatened to impose tariffs on countries that send oil to Cuba. As both a key trading partner of the US and a crucial supplier of oil to Cuba, Mexico could be hit hard by the levies should it continue its...",https://s.yimg.com/os/en/cnn_articles_875/4563a42aba761a3f19c548f00abf7d0f,Singapore,Politics
"Venezuelan activist ends '1,675 days' of suffering in prison",Yahoo News Singapore,https://sg.news.yahoo.com/prominent-venezuelan-activist-released-over-195659653.html,2026-02-02,"A renowned Venezuelan human rights activist was freed Sunday after more than four years in a notorious Caracas prison, saying he endured 1,675 days behind bars that were ""too much pain for a human being."" ""The message remains the same: four years and seven months in prison did not silence the...",https://s.yimg.com/os/en/afp.com.sg/63fc947d343539b6a8c47224c5e7c445,Singapore,Crime
Trump Claims Latest Release Of Epstein Files ‘Absolves’ Him,Yahoo News Singapore,https://sg.news.yahoo.com/news/articles/trump-claims-latest-release-epstein-222829815.html,2026-02-02,"President Donald Trump claimed to reporters Saturday that the release of several millions of pages of files linked to convicted *** offender Jeffrey Epstein “absolves him.” Breaking his silence on the latest release of the files while aboard Air Force One during a flight from Washington, D.C., to...",https://s.yimg.com/os/en/the_huffington_post_584/720383cc45eebf67d6dfbe0aac032285,Singapore,Politics
Two CBP Agents Identified in Alex Pretti Shooting,Yahoo News Singapore,https://sg.news.yahoo.com/news/articles/two-cbp-agents-identified-alex-213345135.html,2026-02-02,A screenshot from a video shows the moments before Alex Pretti was shot by federal immigration agents in Minneapolis on Jan. 24. Screenshot by ProPublica via Facebook This story was originally published by ProPublica....,https://s.yimg.com/os/en/the_huffington_post_584/d8668e1435d4f5a099645a65112743fe,Singapore,Crime
"Millions Of Newly Released Epstein Files 'Not Good Enough,' Says Lawmaker Who Pushed To Unearth Them",Yahoo News Singapore,https://sg.news.yahoo.com/news/articles/millions-newly-released-epstein-files-201922586.html,2026-02-02,Rep. Ro Khanna (D-Calif.) ripped the Department of Justice’s release of several millions of pages of files related to the investigation into late convicted *** offender Jeffrey Epstein on Friday as “not good enough.” The DOJ released the documents after Congress passed a law last year that legally...,https://s.yimg.com/os/en/the_huffington_post_584/cc098500abfef8964aa6efa02d53e975,Singapore,Health
Czechs rally to back president locking horns with government,Yahoo News Singapore,https://sg.news.yahoo.com/czechs-rally-back-president-locking-200324761.html,2026-02-02,"Tens of thousands of Czechs rallied in Prague on Sunday to support the country's pro-Ukrainian president, who is locked in a dispute with the government's nationalist billionaire leader Andrej Babis....",https://s.yimg.com/os/en/afp.com.sg/f364529b0c0827d792840350e9b7da77,Singapore,Politics
Why Democrats’ upset in a Texas state Senate race is a big deal,Yahoo News Singapore,https://sg.news.yahoo.com/news/articles/why-democrats-upset-texas-state-190834930.html,2026-02-02,"The hits keep coming for Republicans ahead of the 2026 midterm election. But even amid a series of panic-inspiring results for the GOP, a new outcome in Texas stands out. Democrat Taylor Rehmet pulled an upset in a Fort Worth-area district, beating Republican Leigh Wambsganss 57%-43% in a runoff...",https://s.yimg.com/os/en/cnn_articles_875/79f4d73c30932959ce84f9fa3dfca591,Singapore,Politics
Democrat Taylor Rehmet flips a Texas state Senate seat in district Trump won by 17 points,Yahoo News Singapore,https://sg.news.yahoo.com/news/articles/democrat-taylor-rehmet-flips-texas-050912646.html,2026-02-02,"Democrats notched another victory Saturday in special elections during President Donald Trump’s second term, flipping a seat in the Texas Senate in a district Trump won by 17 points in 2024....",https://s.yimg.com/os/en/cnn_articles_875/8433604901291589d99d2837c34ae0b9,Singapore,Politics
"As Susan Collins awaits, a generational divide splits Maine Democrats in pivotal Senate race",Yahoo News Singapore,https://sg.news.yahoo.com/news/articles/susan-collins-awaits-generational-divide-120046592.html,2026-02-02,Gov. Janet Mills was laying out her case against Sen. Susan Collins to several dozen supporters recently when one attendee raised a question on the minds of many voters in Maine. “How are you and your campaign going to push back against the argument that you are too old?” the voter asked....,https://s.yimg.com/os/en/cnn_articles_875/195c3d4348d283f0d254a8f933d815bb,Singapore,Politics
Trump jokes about suing his Federal Reserve nominee Warsh over interest rates at elite Washington dinner,Yahoo News Singapore,https://sg.news.yahoo.com/news/articles/trump-jokes-suing-federal-nominee-040051764.html,2026-02-02,"President Donald Trump joked that he might sue his newly selected Federal Reserve chair nominee, Kevin Warsh, over lowering interest rates in a speech to an elite group of Washington’s power set on Saturday night, according to a person who attended the dinner....",https://s.yimg.com/os/en/cnn_articles_875/ce85ae610338648d683619334b74701b,Singapore,Politics
"Democrat Christian Menefee wins special US House runoff in Texas, shrinking GOP majority even further",Yahoo News Singapore,https://sg.news.yahoo.com/news/articles/us-house-special-election-texas-100047856.html,2026-02-02,"Democrat Christian Menefee, a former Harris County Attorney, won the special election runoff in Texas’ 18th Congressional District, ending a long vacancy and narrowing Speaker Mike Johnson’s razor-thin majority in the US House....",https://s.yimg.com/os/en/cnn_articles_875/a0e7df4c14aeecf0aeed68accfd7c2f9,Singapore,Politics
Israel says partially reopening Gaza's Rafah crossing,Yahoo News Singapore,https://sg.news.yahoo.com/israel-partially-reopen-gazas-rafah-030136643.html,2026-02-02,"Israel partially reopened the Rafah crossing between the devastated Gaza Strip and Egypt on Sunday, following months of appeals from aid groups, though access is limited to pedestrians....",https://s.yimg.com/os/en/afp.com.sg/41a6358721598d2587f4b9eba617d461,Singapore,Politics
Gaza’s Rafah crossing partially reopens after nearly 2 years of closure,Yahoo News Singapore,https://sg.news.yahoo.com/news/articles/gaza-rafah-crossing-partially-reopens-091549588.html,2026-02-02,The Rafah crossing between Gaza and Egypt began a trial phase on Sunday ahead of its planned reopening that will allow a limited number of Palestinians to leave the war-torn enclave and completes the first phase of the US-brokered ceasefire plan....,https://s.yimg.com/os/en/cnn_articles_875/1d8c87526ec4903a0c1a6aa66c164f3a,Singapore,Politics
Leftist and liberal gun groups are seeing a rush of new members,Yahoo News Singapore,https://sg.news.yahoo.com/news/articles/leftist-liberal-gun-groups-seeing-133923388.html,2026-02-02,"Several niche, left-leaning gun advocacy groups said that since the killing of Alex Pretti by federal agents in Minneapolis, they can hardly keep up with the surging demand for firearms training....",https://s.yimg.com/os/en/cnn_articles_875/cb3232f7f9d90e66fcd0450dd1ec9b39,Singapore,Crime
Musk says steps to stop Russia from using Starlink seem to have worked,Yahoo News Singapore,https://sg.news.yahoo.com/news/articles/musk-says-steps-stop-russia-081825222.html,2026-02-02,"Feb 1 (Reuters) - Elon Musk said on Sunday that moves by his SpaceX company to stop the 'unauthorized' use by ​Russia of its internet system Starlink seemed to have worked, ‌while Kyiv's defence chief said officials were working on ways to prevent any ‌future use by Moscow....",https://s.yimg.com/os/en/reuters.com/30c6aa6b18e3975d7c39dd9b7ed28bf9,Singapore,Politics
"Ukraine war talks delayed to Wednesday, Zelensky says",Yahoo News Singapore,https://sg.news.yahoo.com/ukraine-war-talks-delayed-wednesday-125427721.html,2026-02-02,"A second round of talks between Russian, Ukrainian and US officials on a US-drafted plan to end the nearly four-year Ukraine war will begin on Wednesday, instead of on Sunday, President Volodymyr Zelensky said. Zelensky did not give a reason for the delay....",https://s.yimg.com/os/en/afp.com.sg/b4fd5731d76d6b9d221eebb954ef4530,Singapore,Politics
*** Workers Already Predicted There's A Recession Coming — Here's How They Know,Yahoo News Singapore,https://sg.news.yahoo.com/finance/news/workers-already-predicted-theres-recession-120019062.html,2026-02-02,"While some people anxiously watch the stock market for signs of a recession, others look for more subtle cues that the economy is in trouble. One of them is Catherine De Noire, a manager of a legal brothel, a Ph.D. candidate in organizational psychology and an influencer....",https://s.yimg.com/os/en/the_huffington_post_584/d3725300a634ba131e20a8782c77d4c5,Singapore,Business
"India cuts tariffs to support local manufacturing, boost US-hit exports",Yahoo News Singapore,https://sg.news.yahoo.com/india-cuts-tariffs-support-local-113253459.html,2026-02-02,"and Manoj Kumar NEW DELHI, Feb 1 (Reuters) - India on Sunday cut a range of tariffs on capital goods and raw materials in a push ​to cut its dependence on China for products essential to the energy transition ‌and to reduce costs for exporters hit by U.S. trade policies....",https://s.yimg.com/os/en/reuters.com/4d53d0096683ead312235177d35a36d9,Singapore,Business
India hands Apple a win by letting foreign firms fund equipment without tax risk,Yahoo News Singapore,https://sg.news.yahoo.com/finance/news/india-hands-apple-win-letting-095404264.html,2026-02-02,"and Aditya Kalra NEW DELHI, Feb 1 (Reuters) - India's government on Sunday handed a major win to Apple by allowing foreign companies to provide machines to their contract manufacturers in certain areas for five years ​without any tax risk....",https://s.yimg.com/os/en/reuters.com/163bb68ed4ba1217e51aeded25c2a710,Singapore,Technology
"India budget walks tightrope between revenue strain, spending needs",Yahoo News Singapore,https://sg.news.yahoo.com/finance/news/india-budget-walks-tightrope-between-112747340.html,2026-02-02,", Vineet Sachdev and Kripa Jayaram MUMBAI, Feb 1 (Reuters) - India's federal government kept a tight leash on spending in its annual budget for 2026-27, as income and consumption ​tax cuts announced in the past year weighed on revenues....",https://s.yimg.com/os/en/reuters.com/3b78da4c65e3bb73fdc4eb3d070034cd,Singapore,Business
A ‘bizarro world’: How Trump’s words have scrambled America’s gun politics,Yahoo News Singapore,https://sg.news.yahoo.com/news/articles/bizarro-world-trump-words-scrambled-110046610.html,2026-02-02,"In the wake of a horrific shooting that shocked the nation, President Donald Trump starkly broke with pro-gun groups in off-the-cuff remarks: “Take the guns first, go through due process second,” Trump said during a televised meeting with lawmakers....",https://s.yimg.com/os/en/cnn_articles_875/9b963b5e4824fe97be209337519ec89f,Singapore,Politics
French IT giant Capgemini to sell US subsidiary after row over ICE links,Yahoo News Singapore,https://sg.news.yahoo.com/french-giant-capgemini-sell-us-104953781.html,2026-02-02,French IT giant Capgemini said Sunday it was selling a subsidiary working for the US Immigration and Customs Enforcement (ICE) agency amid international controversy over the deaths of two people in ICE operations....,https://s.yimg.com/os/en/afp.com.sg/c457749d35d87ca686e9196fa29a4f89,Singapore,Politics
"With contempt vote looming, here’s what Epstein documents say about the Clintons",Yahoo News Singapore,https://sg.news.yahoo.com/news/articles/contempt-vote-looming-epstein-documents-100046476.html,2026-02-02,"The Justice Department’s latest release of the Epstein files offers fresh insights into how former President Bill Clinton’s staff communicated with Jeffrey Epstein and his longtime associate Ghislaine Maxwell, including sometimes-lewd email exchanges....",https://s.yimg.com/os/en/cnn_articles_875/0f145b75a82e157b5a4e191d2388cc0c,Singapore,Politics
India retains states' share in federal taxes at 41%,Yahoo News Singapore,https://sg.news.yahoo.com/finance/news/india-retains-states-share-federal-085329270.html,2026-02-02,"and Saurabh Sharma NEW DELHI, Feb 1 (Reuters) - India's federal government has decided to retain the share of states in a common pool ​of taxes for the 2026-31 period at 41% the finance minister said on ‌Sunday, a move that drew criticism from some opposition leaders....",https://s.yimg.com/os/en/reuters.com/b46d2f21d7b0b7966b611262b9c10cc1,Singapore,Politics
French tech company Capgemini says selling US subsidiary,Yahoo News Singapore,https://sg.news.yahoo.com/news/articles/french-tech-company-capgemini-says-084933940.html,2026-02-02,"PARIS, Feb 1 (Reuters) - French tech company Capgemini said ​on Sunday it was ‌selling its U.S. subsidiary Capgemini Government ‌Solutions. Capgemini has been under pressure in recent days to explain a contract it signed ⁠with U.S ‌immigration enforcement agency ICE, amid growing criticism of ‍ICE...",https://s.yimg.com/os/en/reuters.com/947703b08df42ea7a37c9798d076609c,Singapore,Business
India's federal government ramps up long-term loans to states for 2026-27,Yahoo News Singapore,https://sg.news.yahoo.com/finance/news/indias-federal-government-ramps-long-084715697.html,2026-02-02,"MUMBAI, Feb 1 (Reuters) - India's federal government will raise the amount of ​long-term interest-free loans it provides to ‌states, according to annual budget documents released on ‌Sunday....",https://s.yimg.com/os/en/reuters.com/74d37f351ee631063802d94038490f63,Singapore,Politics
"Indonesia lets Elon Musk's Grok resume, lifting ban over sexualised images",Yahoo News Singapore,https://sg.news.yahoo.com/news/articles/indonesia-lets-elon-musks-grok-074122021.html,2026-02-02,"JAKARTA, Feb 1 (Reuters) - Indonesia has allowed Elon Musk's Grok chatbot to resume services, lifting a ​ban over sexualised images on the app, after ‌X Corp committed to improving compliance with the country's laws, according ‌to a government statement....",https://s.yimg.com/os/en/reuters.com/41cbbe0be8d33d0f8f148078927ccac7,Singapore,Technology
India budget increases transaction taxes on derivatives trading,Yahoo News Singapore,https://sg.news.yahoo.com/finance/news/india-budget-increases-transaction-taxes-074013210.html,2026-02-02,"MUMBAI, Feb 1 (Reuters) - The Indian government raised transaction taxes on equity derivatives in its federal budget presentation on Sunday ​in a bid to cool down derivatives markets, sending stock ‌indexes down on concerns over trading higher costs....",https://s.yimg.com/os/en/reuters.com/2e8df80ff638265a0023d15dc2d196b6,Singapore,Politics
India's budget aims to ramp up domestic manufacturing in a volatile environment,Yahoo News Singapore,https://sg.news.yahoo.com/indias-budget-aims-ramp-domestic-070429202.html,2026-02-02,"By Adds new details NEW DELHI, Feb 1 (Reuters) - India's Finance Minister Nirmala Sitharaman presented the 2026/2027 budget to parliament on Sunday aiming to lift manufacturing and ​generate jobs in the world's most populous country....",https://s.yimg.com/os/en/reuters.com/4a7cd04d03ea51b4e95b78da657c0a0f,Singapore,Business
India budget makes fresh bet on manufacturing as it seeks to sustain growth,Yahoo News Singapore,https://sg.news.yahoo.com/india-budget-promote-reforms-room-003224457.html,2026-02-02,"NEW DELHI, Feb 1 (Reuters) - India's annual budget made a fresh bet on the country's manufacturing sector as Finance Minister Nirmala Sitharaman laid out priorities for Asia's third-biggest economy and pledged to accelerate growth amid a volatile global environment....",https://s.yimg.com/os/en/reuters.com/b9b370eedb143d5d2cec6ab794cc4476,Singapore,Business
Instant View: India budget makes fresh bet on manufacturing as it seeks to sustain growth,Yahoo News Singapore,https://sg.news.yahoo.com/finance/news/india-budget-makes-fresh-bet-061101102.html,2026-02-02,"Feb 1 (Reuters) - India's annual budget made a fresh bet on the country's manufacturing sector as it sought to accelerate and sustain strong economic growth, amid a volatile global environment, Finance ​Minister Nirmala Sitharaman said as she laid out priorities for Asia's third-biggest economy....",https://s.yimg.com/os/en/reuters.com/3af628942de063b7266c9e84a01c2bb2,Singapore,Business
"Democrat Taylor Rehmet flips a Texas state Senate seat Trump won by 17 points, CNN projects",Yahoo News Singapore,https://sg.news.yahoo.com/news/articles/democrat-taylor-rehmet-flips-texas-050912399.html,2026-02-02,"Democrats notched another victory Saturday in special elections during President Donald Trump’s second term, flipping a seat in the Texas Senate that Trump won by 17 points in 2024....",https://s.yimg.com/os/en/cnn_articles_875/8433604901291589d99d2837c34ae0b9,Singapore,Politics
Exiled Tibetans choose leaders for lost homeland,Yahoo News Singapore,https://sg.news.yahoo.com/exiled-tibetans-choose-leaders-lost-050411300.html,2026-02-02,"Exiled Tibetans began a unique global election on Sunday for a government representing a homeland many have never seen, as part of a democratic exercise voters say carries great weight....",https://s.yimg.com/os/en/afp.com.sg/6a3ac580f3b1550f3a58bddd0f3805d7,Singapore,Politics
Chappell Roan Shocks the Grammys With Topless Dress on Red Carpet,Yahoo News Singapore,https://sg.news.yahoo.com/chappell-roan-shocks-grammys-topless-003047761.html,2026-02-02,"Chappell Roan brought a daring look to the 2026 Grammys red carpet, with a topless outfit that had to be covered up while doing interviews with TV networks. The “Pink Pony Club” singer, who is nominated for two Grammys this year for her song “The Subway,” and won best new artist last year, showed...",https://s.yimg.com/os/en/variety.com/b081823ee2456207308c91504723c9ee,Singapore,Entertainment
"Goose hunter, 23, dies trying to save his dog after it fell through ice",Yahoo News Singapore,https://sg.news.yahoo.com/goose-hunter-23-dies-trying-204840451.html,2026-02-02,A 23-year-old goose hunter was found dead in Illinois after he fell through the ice of a frozen pond while trying to save his dog. The New Baden Fire Department responded to a report that a man fell through the ice of a frozen pond shortly after 3 p.m. Monday....,https://s.yimg.com/os/en/the_independent_577/00827a2347c02f758160be91c663b591,Singapore,Politics
"Disgruntled with Western pork, China wants to go back to black pigs",Yahoo News Singapore,https://sg.news.yahoo.com/finance/news/disgruntled-western-pork-china-wants-011021933.html,2026-02-02,", Go Nakamura and Xihao Jiang TAIZHOU, China Feb 2 (Reuters) - Gao Xianghua is a happy mom this year because she knows her teenage kids will eagerly finish the pork belly she is braising for the Lunar New Year feast. Her secret? Chinese black pork....",https://s.yimg.com/os/en/reuters.com/4e48402706caac18ca46da5aead95855,Singapore,Politics
Trendforce sees chip prices surging 90-95% in Q1 from previous quarter,Yahoo News Singapore,https://sg.news.yahoo.com/news/articles/trendforce-sees-chip-prices-surging-100028014.html,2026-02-02,"SEOUL, Feb 2 (Reuters) - Market ​researcher ‌TrendForce said on ‌Monday that it has raised its ⁠price ‌forecasts for conventional ‍memory chips and expects conventional ​DRAM contract ‌prices to jump by 90% to 95% in ⁠the January ​to ​March period of this ‍year, ⁠from the final three ⁠months of...",https://s.yimg.com/os/en/reuters.com/c45d9f7035976c6ccbf11cde54223fe1,Singapore,Business
Trump says US talking deal with 'highest people' in Cuba,Yahoo News Singapore,https://sg.news.yahoo.com/trump-says-us-talking-deal-095024395.html,2026-02-02,"US President Donald Trump said Sunday that Washington was negotiating with Havana's leadership to strike a deal, days after he threatened Cuba's reeling economy with a virtual oil blockade....",https://s.yimg.com/os/en/afp.com.sg/2c800ca31e94dede95b666f0406ffe61,Singapore,Politics
Trump says Kennedy Center will close in July for two-year renovation,Yahoo News Singapore,https://sg.news.yahoo.com/news/articles/trump-says-kennedy-center-close-000049955.html,2026-02-02,"The Kennedy Center for the Performing Arts will close for roughly two years to allow for extensive renovations, President Donald Trump said Sunday, a move that comes as the nation’s preeminent arts institution contends with a flood of cancellations....",https://s.yimg.com/os/en/cnn_articles_875/8554f94dca78b29082dbb11f4280a776,Singapore,Politics
MAGA 'Was All A Lie': Marjorie Taylor Greene Torches Trump In Scathing New Interview,Yahoo News Singapore,https://sg.news.yahoo.com/news/articles/maga-lie-marjorie-taylor-greene-093816311.html,2026-02-02,"Former Rep. Marjorie Taylor Greene (R-Ga.) called out one-time ally President Donald Trump for abandoning the core promises behind his “Make America Great Again” movement. “MAGA is, I think people are realizing, it was all a lie,” she told YouTube host Kim Iversen....",https://s.yimg.com/os/en/the_huffington_post_584/4ffb40c746b88f6ccc1d26c626e13521,Singapore,Politics
Reported Size Of Trump's New ‘Folly’ Draws Backlash Amid Cost-Of-Living Crisis,Yahoo News Singapore,https://sg.news.yahoo.com/news/articles/reported-size-trumps-folly-draws-092516189.html,2026-02-02,"Donald Trump drew mockery and criticism in equal measure on social media following a new report on the sheer scale of his proposed arch for Washington, D.C. The president was asked to comment on the monument that will reportedly stand 250 feet tall....",https://s.yimg.com/os/en/the_huffington_post_584/342a9a88047cda30d2996b194f5ff636,Singapore,Politics
Singapore to launch space agency in response to global investment surge,Yahoo News Singapore,https://sg.news.yahoo.com/news/articles/singapore-launch-space-agency-response-092432266.html,2026-02-02,"SINGAPORE, Feb 2 (Reuters) - Singapore will launch its own space agency on April 1 ​as it bids to ""fully harness the ‌value and opportunities of the growing global space economy"", ‌the country's trade ministry announced on Monday....",https://s.yimg.com/os/en/reuters.com/c7fbf92c3ed5e58dbcbcc93c9d9c12c9,Singapore,Technology
Hyundai India's quarterly profit misses view on higher costs,Yahoo News Singapore,https://sg.news.yahoo.com/finance/news/hyundai-indias-quarterly-profit-misses-091953473.html,2026-02-02,"Feb 2 (Reuters) - Hyundai Motor India ​reported a smaller-than-expected ‌quarterly profit on Monday, ‌weighed down by weak domestic sales and a spike ⁠in ‌raw material costs. The company, a ‍unit of South Korea's Hyundai Motor, reported ​a 6.4% profit ‌rise to 12.34 billion rupees ($134.8 million)...",https://s.yimg.com/os/en/reuters.com/2b392778c62ec5f0515db3dcb6906524,Singapore,Business
"New CPF ‘safety switch’, trusted contact notification service rolled out to curb scams",Yahoo News Singapore,https://sg.news.yahoo.com/cpf-safety-switch-trusted-contact-091639328.html,2026-02-02,Two new anti-scam measures have been rolled out to help CPF members safeguard their savings as scam tactics become more sophisticated. The Central Provident Fund (CPF) Board on Feb 2 announced the launch of a Safety Switch and Trusted Contact notification service as an extra layer of security for...,https://s.yimg.com/ny/api/res/1.2/XhHG1SVNF12qqxlMVUOceQ--/YXBwaWQ9aGlnaGxhbmRlcjt3PTEyMDA7aD04MDA7Y2Y9d2VicA--/https://media.zenfs.com/en/straits_times_442/122a9738c1a89573a3d053a0e314e739,Singapore,Crime
A prosecutor’s 18-year-old child was there when Charlie Kirk was shot. Is that a conflict of interest?,Yahoo News Singapore,https://sg.news.yahoo.com/news/articles/prosecutor-18-old-child-charlie-090046573.html,2026-02-02,"Tyler Robinson, the 22-year-old man charged with the murder of conservative political activist Charlie Kirk, will appear in a Provo, Utah, courtroom Tuesday as his attorneys resume their questioning of Utah County Attorney Jeffrey Gray, whose office is prosecuting the case....",https://s.yimg.com/os/en/cnn_articles_875/9a746bac38a9a0c6c32d06a9ec7d1c71,Singapore,Crime
Singtel Singapore CEO flying the national flag high after bidding goodbye to corporate America,Yahoo News Singapore,https://sg.news.yahoo.com/singtel-singapore-ceo-flying-national-090000173.html,2026-02-02,"Mr Ng Tian Chong had called American tech firm Hewlett Packard (HP) home and, over the course of 33 years, he built a career that spanned multiple geographies. But when the globe-trotting veteran, whose last role at HP was senior vice-president and managing director of Greater Asia, decided to call...",https://s.yimg.com/ny/api/res/1.2/SaMqBMsltY_LwsGc1LAoeg--/YXBwaWQ9aGlnaGxhbmRlcjt3PTEyMDA7aD04MDA7Y2Y9d2VicA--/https://media.zenfs.com/en/straits_times_442/47d82dc141032bafd753099afa0ad838,Singapore,Business
"Stocks, oil, precious metals plunge on volatile start to the week",Yahoo News Singapore,https://sg.news.yahoo.com/finance/news/oil-tumbles-iran-hopes-precious-025957120.html,2026-02-02,"Oil prices plunged on hopes for a US-Iran deal to avert a conflict (Frederic J. BROWN) · Frederic J. BROWN/AFP/AFP Equities, oil and precious metals plunged Monday to extend the volatility that struck markets at the end of last week, with concerns about elevated tech valuations once again casting a...",https://s.yimg.com/os/en/afp.com.sg/1feeb91a1e1be43ce29810da4432c0f6,Singapore,Politics
These young brothers sacrifice normal teenage life to be full-time ICE watchers in Minneapolis — and say they won’t regret it,Yahoo News Singapore,https://sg.news.yahoo.com/news/articles/young-brothers-sacrifice-normal-teenage-080046826.html,2026-02-02,"The teenagers’ names are Sam and Ben, but to the federal immigration agents they interact with daily, the two boys wielding cell phones and taking down plate numbers are a duo known as “the brothers.” The 16- and 17-year-old Chicago siblings said they have earned an array of nicknames since...",https://s.yimg.com/os/en/cnn_articles_875/d5050d05821d3a023ea04c1f24565406,Singapore,Politics
Right-wing populist Laura Fernández claims victory in Costa Rica’s elections. Here’s what to know.,Yahoo News Singapore,https://sg.news.yahoo.com/news/articles/rising-crime-inequality-disenchantment-stake-170102710.html,2026-02-02,"Lee el artículo en español Conservative populist Laura Fernández claimed victory in Costa Rica’s presidential race, with early results also pointing to her ruling party securing a majority in an election overshadowed by crime and political apathy....",https://s.yimg.com/os/en/cnn_articles_875/d44be6e4edcd44ae443cf308eceb3256,Singapore,Politics
"Indian carmaker Maruti Suzuki's production constraints to last a few more months, exec says",Yahoo News Singapore,https://sg.news.yahoo.com/indian-carmaker-maruti-suzukis-production-075248823.html,2026-02-02,"Feb 2 (Reuters) - India's top carmaker Maruti Suzuki expects ongoing production constraints to persist for ""a few more months,"" an executive ​said on Monday, following the company's report of flat domestic sales ‌alongside higher exports for January....",https://s.yimg.com/os/en/reuters.com/61811e578d1466725bf891d22ee27ca7,Singapore,Business
Trump threatens legal action against Grammy host over Epstein comment,Yahoo News Singapore,https://sg.news.yahoo.com/trump-threatens-legal-action-against-075050212.html,2026-02-02,Donald Trump threatened legal action on Monday against the host of the 68th Grammy Awards over the comedian's comment on the US president and convicted sex offender Jeffrey Epstein....,https://s.yimg.com/os/en/afp.com.sg/aa2823456faae6e9fd1e4eddf040423f,Singapore,Politics
'Crash And Burn': Critics Mock Trump After 'Humiliating' Decision About Key Landmark,Yahoo News Singapore,https://sg.news.yahoo.com/news/articles/crash-burn-critics-mock-trump-074135627.html,2026-02-02,"President Donald Trump’s attempt to rebrand the Kennedy Center with his own name on the building caused some artists to cancel performances there and ticket sales to plunge. Now, with the facility facing a dearth of premier events and dwindling revenue, he said it’s curtains for the place, at least...",https://s.yimg.com/os/en/the_huffington_post_584/5803b6e04f54d2569433ef5a8d7d0d74,Singapore,Politics
Costa Rica elections: Right-wing populist Laura Fernández claims victory,CNN,https://www.cnn.com/2026/02/01/americas/costa-rica-elections-latam-intl,2026-02-01,"Lee el artículo en español San José, Costa Rica — Conservative populist Laura Fernández claimed victory in Costa Rica’s presidential race, with early results also pointing to her ruling party securing a majority in an election overshadowed by crime and political apathy....","https://media.cnn.com/api/v1/images/stellar/prod/ap26025029572950a.JPG?c=16x9&q=w_800,c_fill",United States,Politics
Carlos Alcaraz makes history with Australian Open title after defeating Novak Djokovic in enthralling men’s final,CNN,https://www.cnn.com/2026/02/01/sport/tennis-australian-open-final-djokovic-alcaraz-intl,2026-02-01,"Carlos Alcaraz became the youngest man ever to complete a career grand slam on Sunday, adding the Australian Open title to his trophy cabinet after defeating Novak Djokovic in an enthralling men’s final....","https://media.cnn.com/api/v1/images/stellar/prod/gettyimages-2259370867.jpg?c=16x9&q=w_800,c_fill",United States,Sports
"Gaza-Egypt border reopens nearly two years after Israel closed it, official says",CNN,https://www.cnn.com/2026/02/02/middleeast/israel-authorizes-reopening-of-rafah-intl,2026-02-02,"Jerusalem — Gaza’s only border crossing with Egypt reopened partially on Monday morning after Israel closed it nearly two years ago, according to an Israeli security official, allowing a small number of Palestinians to enter and leave the war-torn enclave....","https://media.cnn.com/api/v1/images/stellar/prod/gettyimages-2258982356.jpg?c=16x9&q=w_800,c_fill",United States,Politics
Trump says Kennedy Center will close in July for two-year renovation,CNN,https://www.cnn.com/2026/02/01/politics/kennedy-center-trump-close,2026-02-01,"The Kennedy Center for the Performing Arts will close for roughly two years to allow for extensive renovations, President Donald Trump said Sunday, a move that comes as the nation’s preeminent arts institution contends with a flood of cancellations....","https://media.cnn.com/api/v1/images/stellar/prod/gettyimages-2205590626.jpg?c=16x9&q=w_800,c_fill",United States,Politics
"With contempt vote looming, here’s what Epstein documents say about the Clintons",CNN,https://www.cnn.com/2026/02/01/politics/epstein-files-clintons,2026-02-01,"The Justice Department’s latest release of the Epstein files offers fresh insights into how former President Bill Clinton’s staff communicated with Jeffrey Epstein and his longtime associate Ghislaine Maxwell, including sometimes-lewd email exchanges....","https://media.cnn.com/api/v1/images/stellar/prod/ap25020680805891a.JPG?c=16x9&q=w_800,c_fill",United States,Politics
Latest Epstein file photos appear to show former Prince Andrew on floor with female,CNN,https://www.cnn.com/2026/01/31/uk/andrew-mountbatten-windsor-epstein-files-pictures-intl-gbr,2026-01-31,"London — Photographs appearing to show former Prince Andrew on all fours, leaning over a woman or girl lying on the floor, emerged in the latest release of Epstein files from the US Department of Justice on Friday....","https://media.cnn.com/api/v1/images/stellar/prod/andrew-mountbatten-windsor-90-91-92.jpg?c=16x9&q=w_800,c_fill",United States,Sports
What 3 million new documents tell us about Trump’s ties to Jeffrey Epstein,CNN,https://www.cnn.com/2026/01/31/politics/new-documents-trump-epstein,2026-01-31,"President Donald Trump is mentioned more than 1,000 times in the 3 million Jeffrey Epstein documents released Friday, after the president initially resisted the effort. While some of the references are benign, others include newly disclosed unverified sexual assault claims against Trump as well as...","https://media.cnn.com/api/v1/images/stellar/prod/gettyimages-681946574-20260131142805283.jpg?c=16x9&q=w_800,c_fill",United States,Politics
Red carpet looks at the Grammys: See which celebrities are best dressed,CNN,https://www.cnn.com/2026/02/01/style/red-carpet-grammy-looks-dress,2026-02-01,"The music industry’s red carpets are usually bolder, brighter and more adventurous than their Hollywood counterparts. And they don’t get bigger than the Grammys — the awards ceremony that brought you Michael Jackson’s bedazzled military jacket, Pharrell Williams’ oversized hat and that plunging...","https://media.cnn.com/api/v1/images/stellar/prod/gettyimages-2259469387.jpg?c=16x9&q=w_800,c_fill",United States,Entertainment
Bad Bunny’s Grammys speech addresses ICE action,CNN,https://www.cnn.com/2026/02/01/entertainment/bad-bunny-grammys-speech-ice,2026-02-01,"One week before he’s set to headline the Super Bowl LX halftime show and on a night when he made Grammys history, Bad Bunny used his time on stage to deliver a pointed political message that protested the recent actions of Immigration and Customs Enforcement....","https://media.cnn.com/api/v1/images/stellar/prod/gettyimages-2259486677.jpg?c=16x9&q=w_800,c_fill",United States,Entertainment
Grammy Awards winners list: See which nominees are taking home golden gramophones,CNN,https://www.cnn.com/2026/02/01/entertainment/grammy-awards-winners-list-live,2026-02-01,"It was a history-making night at the Grammy Awards. This year’s Super Bowl halftime performer Bad Bunny took home album of the year for “Debí Tirar Más Fotos (I Should Have Taken More Photos),” which became the first-ever Spanish-language album to nab the top prize....","https://media.cnn.com/api/v1/images/stellar/prod/gettyimages-2259480890.jpg?c=16x9&q=w_800,c_fill",United States,Entertainment
"linked firm bought major stake in Trump family crypto company, Wall Street Journal reports",CNN,https://www.cnn.com/2026/02/01/politics/trump-family-crypto-world-liberty-financial-uae,2026-02-01,"An investment firm tied to the United Arab Emirates acquired nearly half of the Trump family’s cryptocurrency company, a $500 million stake, four days before President Donald Trump’s second inauguration, according to a report Sunday by The Wall Street Journal....","https://media.cnn.com/api/v1/images/stellar/prod/gettyimages-2212128715a.JPG?c=16x9&q=w_800,c_fill",United States,Business
A prosecutor’s adult child was there when Charlie Kirk was shot. Is that a conflict of interest?,CNN,https://www.cnn.com/2026/02/02/us/tyler-robinson-charlie-kirk-conflict-of-interest,2026-02-02,"Tyler Robinson, the 22-year-old man charged with the murder of conservative political activist Charlie Kirk, will appear in a Provo, Utah, courtroom Tuesday as his attorneys resume their questioning of Utah County Attorney Jeffrey Gray, whose office is prosecuting the case....","https://media.cnn.com/api/v1/images/stellar/prod/2026-01-17t032650z-2043117440-rc2m2javk6a6-rtrmadp-3-usa-shooting-kirk.jpg?c=16x9&q=w_800,c_fill",United States,Crime
Chicago brothers sacrifice normal teenage life to be full-time ICE watchers in Minneapolis,CNN,https://www.cnn.com/2026/02/02/us/teenage-brothers-ice-watchers-minneapolis,2026-02-02,"The teenagers’ names are Sam and Ben, but to the federal immigration agents they interact with daily, the two boys wielding cell phones and taking down plate numbers are a duo known as “the brothers.” The 16- and 17-year-old Chicago siblings said they have earned an array of nicknames since...","https://media.cnn.com/api/v1/images/stellar/prod/luhmann-brothers.jpg?c=16x9&q=w_800,c_fill",United States,Politics
‘Golden’ wins K-pop’s first Grammy. Is this a breakthrough moment?,CNN,https://www.cnn.com/2026/02/02/entertainment/kpop-demon-hunters-golden-grammy-intl-hnk,2026-02-02,"Seoul — “We’re goin’ up, up, up, it’s our moment,” proclaim virtual girl band Huntr/x in their hit song “Golden.” And the lyrics couldn’t have been more apt as the song from Netflix megahit “Kpop Demon Hunters” made history on Sunday by claiming K-Pop’s first-ever Grammy....","https://media.cnn.com/api/v1/images/stellar/prod/gettyimages-2259474124.jpg?c=16x9&q=w_800,c_fill",United States,Entertainment
"Iranian protester Erfan Soltani released on bail following fears of execution, reports say",CNN,https://www.cnn.com/2026/02/01/world/iran-protests-erfan-soltani-intl-hnk,2026-02-01,"An Iranian man who was detained in connection to anti-government protests and reportedly sentenced to death has been released on bail, according to a rights group and Iranian state media....","https://media.cnn.com/api/v1/images/stellar/prod/g-eiqnewoaa51cx.JPG?c=16x9&q=w_800,c_fill",United States,Entertainment
"‘They ruined that for me’: How sports gambling addiction and recovery affects men’s bonds with friends, family and fandom",CNN,https://www.cnn.com/2026/02/01/sport/gambling-addiction-impact-recovery,2026-02-01,"It was Easter Sunday 2022, and Shane was supposed to be at his dad’s house in Westchester, New York. The family would sit down to eat at 1 p.m. — the exact same time as first pitch in a low-stakes, early-season game between the New York Mets and the Arizona Diamondbacks....","https://media.cnn.com/api/v1/images/stellar/prod/20260130-sports-gambling.jpg?c=16x9&q=w_800,c_fill",United States,Entertainment
Why Democrats’ upset in a Texas state Senate race is a big deal,CNN,https://www.cnn.com/2026/02/01/politics/texas-state-senate-9-special-election-rehmet,2026-02-01,"The hits keep coming for Republicans ahead of the 2026 midterm election. But even amid a series of panic-inspiring results for the GOP, a new outcome in Texas stands out. Democrat Taylor Rehmet pulled an upset in a Fort Worth-area district, beating Republican Leigh Wambsganss 57%-43% in a runoff...","https://media.cnn.com/api/v1/images/stellar/prod/01-split-leigh-wambsganss-taylor-rehmet.jpg?c=16x9&q=w_800,c_fill",United States,Politics
A ‘bizarro world’: How Trump’s words have scrambled America’s gun politics,CNN,https://www.cnn.com/2026/02/01/politics/gun-politics-trump-second-amendment,2026-02-01,"In the wake of a horrific shooting that shocked the nation, President Donald Trump starkly broke with pro-gun groups in off-the-cuff remarks: “Take the guns first, go through due process second,” Trump said during a televised meeting with lawmakers....","https://media.cnn.com/api/v1/images/stellar/prod/ap22148014227135a.JPG?c=16x9&q=w_800,c_fill",United States,Politics
Jake Tapper on Trump’s $10 billion lawsuit against the government,CNN,https://www.cnn.com/2026/02/01/politics/video/trump-files-10b-lawsuit-against-irs-and-treasury-dept-digvid-vrtc,2026-02-01,"Bash presses Deputy Atty Gen. Todd Blanche over White House celebrating Don Lemon arrest CNN’s Dana Bash presses Deputy Attorney General Todd Blanche over the arrest of journalist and former CNN anchor Don Lemon, who, along with independent journalist Georgia Fort, was live streaming as dozens of...","https://media.cnn.com/api/v1/images/stellar/prod/tapper-trump-lawsuit-thumb.jpg?c=16x9&q=w_800,c_fill",United States,Politics
"Amazon touts ‘Melania’ box office success, though film well short of turning a profit",CNN,https://www.cnn.com/2026/02/01/business/melania-box-office-amazon,2026-02-01,"Fans of President Donald Trump and first lady Melania Trump have made “Melania” a breakout hit by box office standards. The documentary is on track to earn about $7 million in its opening weekend, with ticket sales reflecting a familiar red/blue divide in America....","https://media.cnn.com/api/v1/images/stellar/prod/gettyimages-2194904366.jpg?c=16x9&q=w_800,c_fill",United States,Politics
Elder care industry braces for loss of many Haitian immigrant workers,CNN,https://www.cnn.com/2026/02/01/business/haiti-tps-immigrants-status,2026-02-01,"Colin O’Leary recently had the toughest day of his career. The executive director at Laurel Ridge Rehabilitation & Skilled Care Center, O’Leary had to tell 13 of his top staffers — all Haitians with Temporary Protected Status, known as TPS — they were losing their jobs....","https://media.cnn.com/api/v1/images/stellar/prod/gettyimages-1451119452.jpg?c=16x9&q=w_800,c_fill",United States,Business
Amazon’s layoffs are staggering. We’ve seen this before,CNN,https://www.cnn.com/2026/01/31/tech/amazon-layoffs-january-tech-changes,2026-01-31,"Big Tech continues to wrestle with mass layoffs, most recently with Amazon’s announcement to slash 16,000 jobs. It’s a trend that started long before the AI race: organizational change brought by the arrival of new technology....","https://media.cnn.com/api/v1/images/stellar/prod/gettyimages-2258083398.jpg?c=16x9&q=w_800,c_fill",United States,Business
Video: Extreme temperatures freeze one of Europe’s great rivers,CNN,https://www.cnn.com/2026/02/01/weather/video/baltic-sea-vistula-river-freeze-poland-vrtc,2026-02-01,"Iranian FM on Trump negotiations and war Iran is open to participate in a ""fair and equitable"" deal talks with the United States amid rising tensions between the two nations. CNN senior international correspondent Frederik Pleitgen sat down with Iranian Foreign Minister Abbas Araghchi to discuss...","https://media.cnn.com/api/v1/images/stellar/prod/116816-polandriverbalticseafreeze-clean-thumbnail-2-vrtc0.jpg?c=16x9&q=w_800,c_fill",United States,Politics
Italian village restricts access to its Instagram-famous church,CNN,https://www.cnn.com/2026/01/31/travel/santa-maddalena-italian-village-restricts-access-instagram-famous-church,2026-01-31,"For more than a decade, images of Santa Maddalena, a small village church in northern Italy framed by jagged peaks of the Dolomite Mountains, have circulated online. But locals say it was last summer that the steady stream of visitors became a flood....","https://media.cnn.com/api/v1/images/stellar/prod/gettyimages-1412696381.jpg?c=16x9&q=w_800,c_fill",United States,Entertainment
Dua Lipa and a new era of Boom Boom fashion,CNN,https://www.cnn.com/2026/01/29/style/look-of-the-week-dua-lipa-and-a-new-species-of-animal-print,2026-01-29,"EDITOR’S NOTE: Featuring the good, the bad and the ugly, ‘Look of the Week’ is a regular series dedicated to unpacking the most talked about outfit of the last seven days. This week, a pack has been circling....","https://media.cnn.com/api/v1/images/stellar/prod/gettyimages-2258441731.jpg?c=16x9&q=w_800,c_fill",United States,Entertainment
AI on Australian travel company website sends tourists to nonexistent hot springs,CNN,https://www.cnn.com/2026/01/28/travel/ai-tourism-nonexistent-hotsprings-intl-scli,2026-01-28,An AI-generated blog on a tour company’s website has landed tourists in hot water — and not the kind they were looking for — after it emerged the “tranquil” northern Tasmania hot springs it recommended don’t actually exist....,"https://media.cnn.com/api/v1/images/stellar/prod/gettyimages-1176982225.jpg?c=16x9&q=w_800,c_fill",United States,Technology
"Luigi Mangione will not face the death penalty, federal judge rules",CNN,https://www.cnn.com/2026/01/30/us/luigi-mangione-case-rulings-trial,2026-01-30,"New York — Luigi Mangione will not face the death penalty for allegedly killing UnitedHealthcare CEO Brian Thompson in December 2024, a federal district judge ruled Friday, dealing a blow to US prosecutors who were adamant about pursuing the ultimate sentence....","https://media.cnn.com/api/v1/images/stellar/prod/gettyimages-2251890283.jpg?c=16x9&q=w_800,c_fill",United States,Crime
"Iran is open to US talks but won’t be dictated to and won’t negotiate on missiles, foreign minister says",CNN,https://www.cnn.com/2026/01/30/middleeast/us-iran-potential-talks-intl,2026-01-30,"Iran is ready to participate in “fair and just” nuclear talks with the United States amid rising tensions between the two nations, but will not be dictated to, Iranian Foreign Minister Abbas Araghchi said Friday....","https://media.cnn.com/api/v1/images/stellar/prod/gettyimages-2258458616.jpg?c=16x9&q=w_800,c_fill",United States,Politics
"Millions of travelers could skip visiting the US if proposed social media policy is implemented, industry experts warn",CNN,https://www.cnn.com/2026/01/28/travel/social-media-esta-proposal-world-travel,2026-01-28,"Ahead of a proposed rule change that would require social media account information from some foreign travelers to the United States, international travel experts are saying the policy could further deter visitors from coming to the US — a decline that could translate into billions of dollars in...","https://media.cnn.com/api/v1/images/stellar/prod/gettyimages-2257289953.jpg?c=16x9&q=w_800,c_fill",United States,Politics
The iPhone 17 is easing Wall Street’s concerns about Apple’s AI troubles,CNN,https://www.cnn.com/2026/01/29/tech/apple-earnings-iphone-17-sales-ai,2026-01-29,"New York — As Big Tech battles for dominance in artificial intelligence, Apple is flying high on the success of the iPhone. The company reported earnings that blew past Wall Street’s expectations on Thursday, largely driven by the iPhone 17....","https://media.cnn.com/api/v1/images/stellar/prod/gettyimages-2256863144.jpg?c=16x9&q=w_800,c_fill",United States,Technology
Trump says he’s decertifying Canada-made aircraft and threatens 50% tariffs,CNN,https://www.cnn.com/2026/01/29/business/trump-canada-aircraft-tariff,2026-01-29,New York — President Donald Trump said on Thursday that he is decertifying all aircraft made in Canada and threatened a 50% tariff on those planes until American-made Gulfstreams are certified in that country....,"https://media.cnn.com/api/v1/images/stellar/prod/gettyimages-2250162508.jpg?c=16x9&q=w_800,c_fill",United States,Politics
"Deputy attorney general signals no new Epstein charges, defends Gabbard role in Georgia election search",CNN,https://us.cnn.com/2026/02/01/politics/blanche-epstein-gabbard-lemon,2026-02-01,"Deputy Attorney General Todd Blanche defended the Justice Department’s actions on multiple fronts Sunday, signaling that no new charges will be brought in the Jeffrey Epstein investigation, downplaying Director of National Intelligence Tulsi Gabbard’s involvement in a probe into alleged voter fraud...","https://media.cnn.com/api/v1/images/stellar/prod/ap26032807655078a.JPG?c=16x9&q=w_800,c_fill",United States,Politics
Trump jokes about suing his Federal Reserve nominee Warsh at elite Washington dinner,CNN,https://us.cnn.com/2026/01/31/politics/trump-speech-kevin-warsh,2026-01-31,"President Donald Trump joked that he might sue his newly selected Federal Reserve chair nominee, Kevin Warsh, over lowering interest rates in a speech to an elite group of Washington’s power set on Saturday night, according to a person who attended the dinner....","https://media.cnn.com/api/v1/images/stellar/prod/gettyimages-2258493031a.JPG?c=16x9&q=w_800,c_fill",United States,Politics
"Demond Wilson, who played Lamont on ‘Sanford and Son,’ dies at 79",CNN,https://us.cnn.com/2026/02/01/entertainment/demond-wilson-who-played-lamont-on-sanford-and-son-dies-at-79,2026-02-01,"Demond Wilson, who found fame in the 1970s playing Lamont on “Sanford and Son” and went on to become a minister, has died. He was 79. Mark Goldman, a publicist for Wilson, confirmed to The Associated Press that he died following complications from cancer on Friday....","https://media.cnn.com/api/v1/images/stellar/prod/gettyimages-517202562.jpg?c=16x9&q=w_800,c_fill",United States,Health
She wants to self-deport. But this pregnant mom is stuck in a strange subplot of Trump’s immigration enforcement crackdown,CNN,https://us.cnn.com/2026/02/01/us/pregnant-venezuela-immigrant-self-deport,2026-02-01,"EDITOR’S NOTE: CNN is using first names only in this story at the family’s request to protect their privacy. New York — Her 3-year-old in tow, Franyelis stepped out of the repurposed budget hotel, its blue awning faded where the “Days Inn” logo once was....","https://media.cnn.com/api/v1/images/stellar/prod/swart-32.JPG?c=16x9&q=w_800,c_fill",United States,Politics
‘Worst-case scenarios’: How Democratic election officials are preparing for potential Trump intrusion in the midterms,CNN,https://us.cnn.com/2026/01/31/politics/trump-elections-midterms-democrats-secretaries-of-state,2026-01-31,"Washington — Democratic election officials are preparing for potential federal government intrusion in the midterms, as President Donald Trump’s appointees escalate their efforts to find evidence for his long-debunked election fraud claims....","https://media.cnn.com/api/v1/images/stellar/prod/ap26029046844962.jpg?c=16x9&q=w_800,c_fill",United States,Politics
Leftist and liberal gun groups are seeing an influx of new members,CNN,https://us.cnn.com/2026/02/01/us/gun-rights-politics-alex-pretti-killing-cec,2026-02-01,"Several niche, left-leaning gun advocacy groups said that since the killing of Alex Pretti by federal agents in Minneapolis, they can hardly keep up with the surging demand for firearms training....","https://media.cnn.com/api/v1/images/stellar/prod/gettyimages-2257847778.jpg?c=16x9&q=w_800,c_fill",United States,Crime
Pakistan: More than 120 people dead after multiple attacks in southwest of country,CNN,https://us.cnn.com/2026/02/01/asia/pakistan-balochistan-attacks-intl,2026-02-01,"Pakistan’s military said Saturday that multiple suicide and gun attacks by “terrorists” across the restive southwestern province of Balochistan killed 33 people, including civilians, while security forces responding to the violence killed 92 assailants....","https://media.cnn.com/api/v1/images/stellar/prod/ap26032317665446.jpg?c=16x9&q=w_800,c_fill",United States,Politics
Gaza’s Rafah crossing partially reopens after nearly 2 years of closure,CNN,https://us.cnn.com/2026/02/01/middleeast/gaza-rafah-crossing-partially-reopens-intl,2026-02-01,The Rafah crossing between Gaza and Egypt began a trial phase on Sunday ahead of its planned reopening that will allow a limited number of Palestinians to leave the war-torn enclave and completes the first phase of the US-brokered ceasefire plan....,"https://media.cnn.com/api/v1/images/stellar/prod/gettyimages-2258756298.jpg?c=16x9&q=w_800,c_fill",United States,Politics
Trump announces two-year closure of Trump Kennedy Center for major renovations,Fox News,https://www.foxnews.com/politics/trump-announces-two-year-closure-trump-kennedy-center-major-renovations,2026-02-02,"President Donald Trump said Sunday that the Trump Kennedy Center will close later this year for a two-year period to undergo renovations. In a post on Truth Social, Trump said the complex will close on July 4, coinciding with the nation’s 250th anniversary, at which point construction will...",https://static.foxnews.com/foxnews.com/content/uploads/2026/02/trump-kennedy-center.png,United States,Politics
Justin Bieber stuns Grammys by performing in underwear; Trevor Noah jokes about Nicki Minaj in monologue,Fox News,https://www.foxnews.com/entertainment/justin-bieber-stuns-grammys-performing-underwear-trevor-noah-jokes-about-nicki-minaj-monologue,2026-02-02,"Justin Bieber made the Grammy Awards feel just like home Sunday as he paraded around stage wearing just his underwear. Bieber, 31, looped together instrumentals while singing his ""Yukon"" hit from his seventh studio album, ""Swag,"" in a pair of silky blue boxers covered in crystals....",https://static.foxnews.com/foxnews.com/content/uploads/2026/02/grammys-justin-bieber.jpg,United States,Entertainment
"Grammy Awards 2026: Chappell Roan, Lainey Wilson and Heidi Klum turn heads on red carpet",Fox News,https://www.foxnews.com/entertainment/grammy-awards-2026-chappell-roan-lainey-wilson-heidi-klum-turn-heads-red-carpet,2026-02-02,"Music’s biggest names arrived in style at the 2026 Grammy Awards, where the red carpet set the stage for one of the year’s most anticipated nights in entertainment. From established icons to rising stars, musicians showed off an array of glamorous looks ahead of the 68th Annual Grammy Awards...",https://static.foxnews.com/foxnews.com/content/uploads/2026/02/chappell-lainey-heidi-red-carpet-grammys.jpg,United States,Entertainment
"ICE arrests over 650 illegal aliens across West Virginia with state, local police backing",Fox News,https://www.foxnews.com/us/ice-arrests-over-650-illegal-aliens-across-west-virginia-state-local-police-backing,2026-02-02,"Immigration and Customs Enforcement (ICE) officers arrested more than 650 illegal aliens across West Virginia during a two-week statewide operation conducted in coordination with local law enforcement agencies and without protests, federal officials announced....",https://static.foxnews.com/foxnews.com/content/uploads/2026/01/agent-vest-police-ice.jpg,United States,Crime
Portland mayor demands ICE leave city after federal agents use tear gas on protesters 'Sickening decisions',Fox News,https://www.foxnews.com/politics/portland-mayor-demands-ice-leave-city-after-federal-agents-use-tear-gas-protesters-sickening-decisions,2026-02-02,"The mayor of Portland, Oregon, is calling on U.S. Immigration and Customs Enforcement (ICE) to leave his city after federal agents deployed tear gas at a crowd of demonstrators, including young children, outside an ICE facility over the weekend....",https://static.foxnews.com/foxnews.com/content/uploads/2026/02/ice-agent-house-snow-portland-mayor.png,United States,Politics
PALANTIR CTO SHYAM SANKAR: The American people are being lied to about AI,Fox News,https://www.foxnews.com/opinion/palantir-cto-shyam-sankar-american-people-being-lied-ai,2026-02-02,"The American people are being lied to about artificial intelligence (AI). On one hand, we’re offered apocalyptic prophecies of job loss and oppression—even the extinction of the human race....",https://static.foxnews.com/foxnews.com/content/uploads/2026/01/sankar-palantir-cto-split.jpg,United States,Technology
"Shooting in Georgia hotel room leaves 1 officer killed, another seriously wounded: 'Unprovoked attack'",Fox News,https://www.foxnews.com/us/shooting-georgia-hotel-room-leaves-1-officer-killed-another-seriously-wounded-unprovoked-attack,2026-02-02,"A Georgia man shot a pair of police officers who were questioning him at a hotel after he invited them into his room on Sunday, killing one and seriously wounding the other, according to officials....",https://static.foxnews.com/foxnews.com/content/uploads/2026/02/ga-cops-shot-suspect-hotel-room-gbi.png,United States,Crime
Trump considers legal action against Michael Wolff and Epstein estate after latest document release,Fox News,https://www.foxnews.com/politics/trump-considers-legal-action-against-michael-wolff-epstein-estate-latest-document-release,2026-02-02,"President Donald Trump has threatened legal action against author Michael Wolff and the estate of Jeffrey Epstein, insisting a newly released trove of Epstein-related files clears him of wrongdoing....",https://static.foxnews.com/foxnews.com/content/uploads/2026/02/donald-trump-mar-a-lago.jpg,United States,Politics
'Melania' documentary shocks Hollywood press with 'face-saving' debut that 'over-performed' expectations,Fox News,https://www.foxnews.com/media/melania-documentary-shocks-hollywood-press-face-saving-debut-over-performed-expectations,2026-02-02,"""Melania,"" the documentary detailing the 20 days in the first lady’s life before President Donald Trump's second term in office, shocked the Hollywood press with its surprise opening weekend....",https://static.foxnews.com/foxnews.com/content/uploads/2024/07/MelaniaTrump.jpg,United States,Politics
US ambassador to NATO warns the 'ball' is in Iran's 'court' as Trump confirms negotiations taking place,Fox News,https://www.foxnews.com/media/us-ambassador-nato-warns-ball-irans-court-trump-confirms-negotiations-taking-place,2026-02-02,"U.S. Ambassador to NATO Matt Whitaker said President Donald Trump has made clear demands of Iran, and what happens next will be up to Ayatollah Ali Khamenei, as an American naval fleet patrols the region. He added that Trump ""won’t wait forever"" for his ultimatum to be met....",https://static.foxnews.com/foxnews.com/content/uploads/2026/02/trump-khamenei-split-iran-ultimatum-us-armada-fox-news.jpg,United States,Politics
Fox News Flash,Fox News,https://www.foxnews.com/category/media/fox-news-flash,2026-02-02,"This material may not be published, broadcast, rewritten, or redistributed. ©2026 FOX News Network, LLC. All rights reserved. Quotes displayed in real-time or delayed by at least 15 minutes. Market data provided by Factset. Powered and implemented by FactSet Digital Solutions. Legal Statement....",https://static.foxnews.com/static/orion/styles/img/fox-news/og/og-fox-news.png,United States,Technology
"Senate Republicans push for House GOP rebellion against funding package, voter ID legislation",Fox News,https://www.foxnews.com/politics/senate-republicans-push-house-gop-rebellion-against-funding-package-voter-id-legislation,2026-02-02,A pair of Senate Republicans are pushing their House counterparts to reject the Trump-backed shutdown deal unless it includes Homeland Security funding and election integrity legislation. Sens....,https://static.foxnews.com/foxnews.com/content/uploads/2026/01/senator-rick-scott-oil.jpg,United States,Politics
Catherine O'Hara discovered rare medical condition during routine doctor visit with husband over 20 years ago,Fox News,https://www.foxnews.com/entertainment/catherine-ohara-discovered-rare-medical-condition-during-routine-doctor-visit-husband-over-20-years-ago,2026-02-02,"Catherine O'Hara was diagnosed with a rare medical condition before her death. During a Virtual Happy Hour with Kathryn Hall in 2020, O'Hara — who died on Jan. 30 at age 71 — opened up about her dextrocardia situs inversus diagnosis and explained how she discovered the condition much later in...",https://static.foxnews.com/foxnews.com/content/uploads/2026/02/catherine-o-hara.jpg,United States,Health
"Meningitis cases rise in major Midwestern city, prompting public health alert",Fox News,https://www.foxnews.com/health/meningitis-cases-rise-major-midwestern-city-prompting-public-health-alert,2026-02-02,"Chicago health officials are warning residents to be alert for symptoms of meningococcal disease after several recent infections were reported in adults across the city. Seven cases of Neisseria meningitidis infections have been identified since mid-January, according to the Chicago...",https://static.foxnews.com/foxnews.com/content/uploads/2026/02/woman-sick-lying-on-couch.jpg,United States,Health
Musk confirms SpaceX success in preventing Russian military from accessing stolen Starlink units,Fox News,https://www.foxbusiness.com/fox-news-world/musk-confirms-spacex-success-preventing-russian-military-from-accessing-stolen-starlink-units,2026-02-02,"SpaceX CEO Elon Musk says his company appears to have been successful in blocking Russia from making ""unauthorized"" use of Starlink internet systems in Ukraine on Sunday. Starlink units have supported Ukrainian forces throughout the invasion, but Russian forces have also captured many of the units...",https://a57.foxnews.com/static.foxbusiness.com/foxbusiness.com/content/uploads/2023/11/0/0/Musk1.jpg?ve=1&tl=1,United States,Crime
Leavitt accuses Sen Tillis of holding US economy 'hostage’ over Fed nomination dispute,Fox News,https://www.foxnews.com/media/leavitt-accuses-sen-tillis-holding-us-economy-hostage-over-fed-nomination-dispute,2026-02-02,"White House press secretary Karoline Leavitt accused Sen. Thom Tillis, R-N.C., of holding America ""hostage"" for vowing to oppose President Donald Trump’s pick to chair the Federal Reserve until the administration ends its probe of current Fed Chair Jerome Powell....",https://static.foxnews.com/foxnews.com/content/uploads/2026/02/sen-thom-tillis-kevin-warsh-fed-powell-probe-fox-news-001.jpg,United States,Politics
Livvy Dunne faces boyfriend Paul Skenes in 'ultimate test of trust' during bullpen session,Fox News,https://www.foxnews.com/sports/livvy-dunne-faces-boyfriend-paul-skenes-ultimate-test-trust-during-bullpen-session,2026-02-02,"For most couples, there’s a trust fall. For Paul Skenes and Livvy Dunne, trust is built elsewhere. The former LSU star gymnast traded a leotard for a bat and helmet, as she helped her Pittsburgh Pirates star pitcher boyfriend get some work in before spring training kicks off....",https://static.foxnews.com/foxnews.com/content/uploads/2025/08/mlb-pirates-olivia-dunne-1-081825.jpg,United States,Sports
California AG sues hospital that ended gender transition treatment for minors to comply with Trump policies,Fox News,https://www.foxnews.com/politics/california-ag-sues-hospital-ended-gender-transition-treatment-minors-comply-trump-policies,2026-02-02,California Attorney General Rob Bonta filed a lawsuit against a San Diego hospital over its move to end gender transition treatment for minors to comply with the Trump administration's demands....,https://static.foxnews.com/foxnews.com/content/uploads/2026/01/rob-bonta-speaking-in-front-of-american-flag.jpg,United States,Politics
American Culture Quiz: Test yourself on tourist tradeoffs and political personalities,Fox News,https://www.foxnews.com/lifestyle/american-culture-quiz-test-yourself-tourist-tradeoffs-political-personalities,2026-02-02,"The American Culture Quiz is a weekly test of our unique national traits, trends, history and people — including current events and the sights and sounds of the United States. This week's quiz highlights tourist tradeoffs, political personalities — and a whole lot more....",https://static.foxnews.com/foxnews.com/content/uploads/2026/01/quiz-collage-feb1.jpg,United States,Sports
IBM exec says Trump's Fed pick will 'overhaul' central bank policies while bringing crisis expertise,Fox News,https://www.foxbusiness.com/politics/ibm-exec-says-trumps-fed-pick-overhaul-central-bank-policies-while-bringing-crisis-expertise,2026-02-02,"IBM Vice Chair Gary Cohn said President Donald Trump’s Federal Reserve nominee Kevin Warsh is uniquely positioned to overhaul the central bank, pointing to Warsh’s hands-on role during the 2008 financial crisis and his plans to return the Fed to traditional monetary and regulatory norms....",https://a57.foxnews.com/static.foxbusiness.com/foxbusiness.com/content/uploads/2026/01/0/0/kevin-warsh-talking-getty.jpg?ve=1&tl=1,United States,Politics
"Lightning players wear full-padded Bucs uniforms, get Baker Mayfield escort before Stadium Series in Tampa",Fox News,https://www.foxnews.com/sports/lightning-players-wear-full-padded-bucs-uniforms-get-baker-mayfield-escort-before-stadium-series-tampa,2026-02-02,"The Boston Bruins were being hosted by the Tampa Bay Lightning not in the usual Amalie Arena way on Sunday night, but rather at Raymond James Stadium — home of the NFL’s Tampa Bay Buccaneers....",https://static.foxnews.com/foxnews.com/content/uploads/2026/02/lightning-buccaneers-1.jpg,United States,Entertainment
"Ex-WWE star, daughter of The Rock, rips Trump administration after departing company",Fox News,https://www.foxnews.com/sports/ex-wwe-star-daughter-rock-rips-trump-administration-after-departing-company,2026-02-02,"Simone Garcia Johnson, the former WWE NXT wrestler known as Ava and the daughter of pro wrestling legend Dwayne ""The Rock"" Johnson, ripped the Trump administration and U.S. Immigration and Customs Enforcement (ICE) in a social media post on Sunday....",https://static.foxnews.com/foxnews.com/content/uploads/2026/02/wwe-ava-020126-2.jpg,United States,Politics
"ICE halts ‘all movement’ due to measles at Texas detention center that held 5-year-old, dad",Fox News,https://www.foxnews.com/us/ice-halts-all-movement-due-measles-texas-detention-center-held-5-year-old-dad,2026-02-02,"Immigration and Customs Enforcement (ICE) has halted ""all movement"" within the Dilley Immigration Processing Center in Texas due to a measles outbreak, officials announced Sunday....",https://static.foxnews.com/foxnews.com/content/uploads/2026/02/dilley-detention-center.jpg,United States,Crime
"Fetterman tells Philadelphia DA to 'lighten up, Francis' after heated ICE remarks",Fox News,https://www.foxnews.com/media/fetterman-tells-philadelphia-da-lighten-up-francis-after-heated-ice-remarks,2026-02-02,"Sen. John Fetterman, D-Pa., told District Attorney of Philadelphia Larry Krasner to ""lighten up"" on Sunday after Krasner came after him during a CNN interview. ""He really ought to lighten up, Francis,"" Fetterman told Fox News host Jacqui Heinrich, in an apparent reference to the 1981 comedy...",https://static.foxnews.com/foxnews.com/content/uploads/2026/02/pa-sen-john-fetterman-philadelphia-da-larry-krasner.jpg,United States,Politics
Tuskegee University basketball coach handcuffed on court during post-game incident at Morehouse College,Fox News,https://www.foxnews.com/sports/tuskegee-university-basketball-coach-handcuffed-court-during-post-game-incident-morehouse-college,2026-02-02,Tuskegee University men’s head basketball coach Benjy Taylor was taken off the court by police in handcuffs following the team’s loss on the road to Morehouse College on Saturday night....,https://static.foxnews.com/foxnews.com/content/uploads/2026/02/benjy-taylor-2.jpg,United States,Crime
Who is Melanie McGuire? What to know about the ‘Suitcase Killer’ convicted of killing her husband,Fox News,https://www.foxnews.com/true-crime/who-melanie-mcguire-what-know-about-suitcase-killer-convicted-killing-her-husband,2026-02-02,A passerby’s horrifying discovery of a blood-soaked suitcase along the Chesapeake Bay cracked open one of the most disturbing murder cases of the early 2000s — a crime now back in the spotlight decades later....,https://static.foxnews.com/foxnews.com/content/uploads/2026/01/suitcase-killer-2.png,United States,Health
Trump backs former critic Sununu in high-stakes swing state Senate race,Fox News,https://www.foxnews.com/politics/trump-backs-former-critic-sununu-high-stakes-swing-state-senate-race,2026-02-02,"President Donald Trump on Sunday endorsed former Sen. John E. Sununu of New Hampshire, a longtime GOP Trump critic, over one of his first-term ambassadors, former Sen. Scott Brown, in a crucial Senate race that's one of a handful that may determine the Senate majority in the midterm...",https://static.foxnews.com/foxnews.com/content/uploads/2025/10/john-e-sununu-rye-new-hampshire-oct.-24-2025.jpg,United States,Politics
Don Lemon quotes the Bible in response to arrest for Minnesota church storming,Fox News,https://www.foxnews.com/us/don-lemon-quotes-bible-response-arrest-minnesota-church-storming,2026-02-02,"Former CNN host Don Lemon cast himself as a persecuted journalist in a Substack post Saturday, quoting the Bible while responding to his arrest last month on federal charges stemming from an anti-ICE protest at a Minnesota church....",https://static.foxnews.com/foxnews.com/content/uploads/2026/01/lemon-church.jpg,United States,Crime
"Trump shares letter from Yankees legend George Steinbrenner, urging him to run for president",Fox News,https://www.foxnews.com/sports/trump-shares-letter-from-yankees-legend-george-steinbrenner-urging-him-run-president,2026-02-02,"President Donald Trump on Sunday shared a letter from the deceased New York Yankees owner George Steinbrenner, urging the real estate mogul to run for office years before his first term. The letter was dated Feb....",https://static.foxnews.com/foxnews.com/content/uploads/2026/02/trump-george-steinbrenner-020126-1.jpg,United States,Politics
"Doc Rivers Defiantly Doubles Down On ICE Comments, Claims NBA Great Could Have Been Rounded Up",Fox News,https://www.outkick.com/sports/doc-rivers-bucks-minnesota-renne-good-ice-murder,2026-02-02,"BOSTON, MA – Milwaukee Bucks head coach Doc Rivers decided to double-down on previous criticism of ICE prior to Sunday's game against the Boston Celtics, standing by his characterization of Renee Good's death as ""murder."" He even implied that NBA legend Hakeem Olajuwon, a legal immigrant from...",https://static.outkick.com/www.outkick.com/content/uploads/2026/02/doc-rivers-ice-bucks-nba-scaled.jpg,United States,Politics
Grocery store edges out Publix as America's favorite,Fox News,https://www.foxbusiness.com/economy/grocery-store-edges-out-publix-americas-favorite,2026-02-02,"Trader Joe's has notched the top spot on the American Customer Satisfaction Index's 2026 supermarket rankings. According to the ""Satisfaction Benchmarks by Company"" list, Trader Joe's earned an 86 compared to second-place Publix's 84. H-E-B came in third with an 83....",https://a57.foxnews.com/static.foxbusiness.com/foxbusiness.com/content/uploads/2026/01/0/0/publix-2024.jpg?ve=1&tl=1,United States,Business
New SNAP work requirements take effect in more states under Trump-backed law,Fox News,https://www.foxbusiness.com/economy/new-snap-work-requirements-take-effect-more-states-under-trump-backed-law,2026-02-02,"New work requirements are expanding across more states Sunday for the Supplemental Nutrition Assistance Program, or SNAP, the nation’s largest federal assistance program. Starting today, adults between the ages of 18 and 64 without dependent children must work, participate in employment and...",https://a57.foxnews.com/static.foxbusiness.com/foxbusiness.com/content/uploads/2026/02/0/0/snap-logo-storefront.jpg?ve=1&tl=1,United States,Politics
Tax season scams surge as filing confusion grows,Fox News,https://www.foxnews.com/tech/tax-season-scams-surge-filing-confusion-grows,2026-02-02,"Tax season already brings stress. In 2026, it brings added confusion. Changes to tax filing programs and the discontinuation of the free government-run filing system have left many taxpayers unsure about what is legitimate....",https://static.foxnews.com/foxnews.com/content/uploads/2024/03/2-Why-you-need-an-Identity-Protection-PIN-this-tax-season.jpg,United States,Entertainment
"Iran stages Khamenei photos to mask cracks in IRGC, opposition groups say",Fox News,https://www.foxnews.com/world/iran-stages-khamenei-photos-mask-cracks-irgc-opposition-groups-say,2026-02-02,"Iran’s regime released staged images of Supreme Leader Ayatollah Ali Khamenei in an attempt to show strength and boost a military under strain, according to opposition groups operating outside the country. The photographs, published by Iranian state media Jan....",https://static.foxnews.com/foxnews.com/content/uploads/2026/02/ali-khamenei-iran.jpg,United States,Politics
"These four common foods may be wrecking your gut health, expert warns",Fox News,https://www.foxnews.com/food-drink/four-common-foods-may-wrecking-your-gut-health-expert-warns,2026-02-02,"Some of the most common foods in your kitchen could be quietly damaging your gut health. As gut health continues to dominate wellness conversations, experts say diet plays a central role in shaping the microbiome....",https://static.foxnews.com/foxnews.com/content/uploads/2026/01/man-picking-bread-from-grocery-store.jpg,United States,Health
Woman's painful reaction to wine leads to life-changing cancer discovery,Fox News,https://www.foxnews.com/health/womans-painful-reaction-wine-leads-life-changing-cancer-discovery,2026-02-02,"One woman’s uncomfortable reaction to alcohol led to a grave discovery. Hollie Thursby, 28, a mother of two from the U.K., told Kennedy News and Media that after giving birth to her second son, Jack, she began experiencing unusual symptoms....",https://static.foxnews.com/foxnews.com/content/uploads/2026/01/hollie-thursby-lymphoma.jpg,United States,Health
Paris Hilton says she would run for office only if she could 'paint the White House pink',Fox News,https://www.foxnews.com/entertainment/paris-hilton-says-she-would-run-office-only-she-could-paint-white-house-pink,2026-02-02,"The Pink House? Paris Hilton said this week that the only way she would run for office is if she could ""paint the White House pink."" The 44-year-old hotel heiress gave the ""Legally Blonde""-esque answer at the end of an interview on "" Today with Jenna & Sheinelle"" after discussing her...",https://static.foxnews.com/foxnews.com/content/uploads/2026/01/split-of-paris-hilton-and-the-white-house.jpg,United States,Politics
Sydney Sweeney sends fans in a frenzy with sultry lingerie snaps for her new brand,Fox News,https://www.foxnews.com/entertainment/sydney-sweeney-sends-fans-frenzy-sultry-lingerie-snaps-her-new-brand,2026-02-02,"Sydney Sweeney continues to take the internet by storm with the launch of her new lingerie line, Syrn. On Thursday, the ""Euphoria"" actress — who dropped her line on Jan. 28 — left fans reeling over her risqué lingerie photos. ""THE TRUE STAR OF HOLLYWOOD!!!!"" one fan commented on Instagram....",https://static.foxnews.com/foxnews.com/content/uploads/2026/01/sydney-sweeney-lace-dress.jpg,United States,Entertainment
Airports launch COVID-style health checks after outbreak of deadly virus,Fox News,https://www.foxnews.com/travel/airports-launch-covid-style-health-checks-outbreak-deadly-virus,2026-02-02,"Asian countries are on high alert after cases of the deadly Nipah virus were detected in West Bengal, India. The zoonotic virus can spread between animals and people, mostly fruit bats and pigs, with mild to severe symptoms from fevers to brain infection and death, according to the Cleveland...",https://static.foxnews.com/foxnews.com/content/uploads/2026/01/deadly-niph-virus-india-thailand.jpg,United States,Health
Famous Comedian Crushes Nasty Celebrities Getting Political With Hilarious Rant: WATCH,Fox News,https://www.outkick.com/culture/tim-dillon-woke-celebrities-politics-rant,2026-02-02,"Tim Dillon, once again, unleashed on woke celebrities who think their political opinions matter. Dillon has become one of the most successful comedians in the country for one very simple reason: The man has no filter and will target anyone....",https://static.outkick.com/www.outkick.com/content/uploads/2026/02/tim-dillon-9.jpg,United States,Health
"Super Bowl Halftime Performer Bad Bunny Goes Off On America, Immigration During Grammys Speech",Fox News,https://www.outkick.com/culture/super-bowl-halftime-performer-goes-off-america-immigration,2026-02-02,"Bad Bunny used the Grammys stage to criticize America and immigration enforcement ahead of Super Bowl weekend. ""ICE out."" Puerto Rican artist and upcoming Super Bowl Halftime Show performer Bad Bunny used his acceptance speech at the Grammys on Sunday to slam federal immigration enforcement,...",https://static.outkick.com/www.outkick.com/content/uploads/2026/02/gettyimages-2259488201-594x594-1.jpg,United States,Entertainment
Ex-OnlyFans creator advocates against ‘extraordinary ability’ visas for adult content stars entering US,Fox News,https://www.foxnews.com/media/ex-onlyfans-creator-advocates-against-extraordinary-ability-visas-adult-content-stars-entering-us,2026-02-02,"From TikTok to OnlyFans, adult content creators are seeking O-1 visas to work in the United States — a move former OnlyFans star Nala Ray told Fox News Digital should not qualify as ""extraordinary ability"" under U.S. immigration law....",https://static.foxnews.com/foxnews.com/content/uploads/2026/01/nala-ray-visas.jpg,United States,Entertainment
How Trump officials’ narrative of a gun-carrying protester in Minneapolis kindled rage in corners of the right,Fox News,https://www.foxnews.com/media/how-trump-officials-narrative-gun-carrying-protester-minneapolis-kindled-rage-corners-right,2026-02-02,"After the Jan. 24 shooting of Alex Pretti in Minneapolis, Second Amendment advocates have pushed back on statements from Trump officials. One of those critics is Cam Edwards, a longtime Second Amendment advocate and editor at BearingArms.com....",https://static.foxnews.com/foxnews.com/content/uploads/2026/01/cam-edwards-noem-patel.jpg,United States,Crime
Kevin Smith details ‘Dogma’ rights battle with Weinstein as he gears up for sequel nearly 30 years later,Fox News,https://www.foxnews.com/media/kevin-smith-details-dogma-rights-battle-weinstein-he-gears-up-sequel-nearly-30-years-later,2026-02-02,"""Dogma"" director Kevin Smith is creating a sequel nearly 30 years after the original premiered after numerous attempts to recover the rights to the movie from disgraced movie mogul Harvey Weinstein....",https://static.foxnews.com/foxnews.com/content/uploads/2026/01/harvey-weinstein-kevin-smith-dogma-rights-split.jpg,United States,Entertainment
State Department issues security alert amid 'heavy gunfire' near US Embassy in Haiti,Fox News,https://www.foxnews.com/world/state-department-issues-security-alert-amid-heavy-gunfire-near-us-embassy-haiti,2026-02-02,"The U.S. Embassy in Port-au-Prince, Haiti on Saturday alerted U.S. citizens of ongoing security operations north and south of the embassy and in Croix-de-Bouquets. Heavy gunfire was reported in the Haitian capital, prompting U.S....",https://static.foxnews.com/foxnews.com/content/uploads/2024/03/Project-Dynamo.jpg,United States,Politics
UN faces severe cash crisis as Trump admin ramps up pressure on world body,Fox News,https://www.foxnews.com/world/un-faces-severe-cash-crisis-trump-admin-ramps-up-pressure-world-body,2026-02-02,"As the Trump administration slashes funding and exits multiple international bodies over criticism that the U.N. has failed to promote U.S. interests, the United Nations is warning it could face a cash crisis by July. In a Jan. 28 letter from U.N....",https://static.foxnews.com/foxnews.com/content/uploads/2026/01/trump-guterres-unga.jpg,United States,Politics
Trump admin labels Israel 'model US ally' ahead of major military aid talks,Fox News,https://www.foxnews.com/world/trump-admin-labels-israel-model-us-ally-ahead-major-military-aid-talks,2026-02-02,"Last week, Secretary of War Pete Hegseth released the 2026 National Defense Strategy (NDS), a Pentagon blueprint that elevates Israel as a ""model ally"" and translates President Donald Trump’s national security doctrine into concrete military policy....",https://static.foxnews.com/foxnews.com/content/uploads/2026/01/us-israel-admiral-cooper.jpg,United States,Politics
Trump warns UK it's 'very dangerous' to do business with China after Starmer's Beijing meeting,Fox News,https://www.foxnews.com/politics/trump-warns-uk-its-very-dangerous-do-business-china-after-starmers-beijing-meeting,2026-02-02,President Donald Trump warned the U.K. Thursday against strengthening ties with China hours after Prime Minister Keir Starmer met President Xi Jinping in Beijing to reset relations after a long period of strain....,https://static.foxnews.com/foxnews.com/content/uploads/2026/01/keir-starmer-xi-jinping-uk-china.jpg,United States,Politics
Noem says DHS can 'always do better' when pressed on agency's 'mistakes' before Homan's deployment,Fox News,https://www.foxnews.com/media/noem-says-dhs-can-always-do-better-when-pressed-agencys-mistakes-before-homans-deployment,2026-02-02,"Homeland Security Secretary Kristi Noem acknowledged her department could ""always do better"" when pressed Sunday on alleged mistakes ahead of border czar Tom Homan’s deployment to Minneapolis....",https://static.foxnews.com/foxnews.com/content/uploads/2026/01/kristi-noem-miami-airport-tsa-2.jpg,United States,Technology
Dems score big in typically red Texas district that Trump easily won in 2024,Fox News,https://www.foxnews.com/politics/dems-score-big-typically-red-texas-district-trump-easily-won-2024,2026-02-02,"Democrats notched another special election upset Saturday after Taylor Rehmet won a Texas state Senate race in a district long dominated by Republicans. Rehmet, a labor union leader and Air Force veteran, defeated Republican Leigh Wambsganss, a conservative activist, in the Fort Worth-area...",https://static.foxnews.com/foxnews.com/content/uploads/2023/09/Texas-state-capitol-building-Feb.-28-2022.jpg,United States,Politics
House GOP's already fragile majority to further shrink after Democrats' ballot box victory,Fox News,https://www.foxnews.com/politics/house-gops-already-fragile-majority-further-shrink-after-democrats-ballot-box-victory,2026-02-02,"Democrat Christian Menefee, a former attorney for Houston's Harris County, has won a special congressional election in a left-leaning district in Texas, which has been vacant for nearly a year....",https://static.foxnews.com/foxnews.com/content/uploads/2025/11/christian-menefee.png,United States,Politics
DeSantis signals reset with Trump as Florida backs ‘Make America Healthy Again’ plan,Fox News,https://www.foxnews.com/politics/desantis-signals-reset-trump-florida-backs-make-america-healthy-again-plan,2026-02-02,"President Donald Trump and Florida Gov. Ron DeSantis, a Republican, appear to have rounded a corner. The president brushed off their previous conflicts in July 2025 that stemmed from their rivalry in the 2024 election, and the two have since publicly appeared to chart a new course for their...",https://static.foxnews.com/foxnews.com/content/uploads/2025/12/donald-trump-ron-desantis-voter-turnout-fox-news.jpg,United States,Politics
"Bondi pushes back on First Amendment claims after Don Lemon, others arrested over church disruption",Fox News,https://www.foxnews.com/media/bondi-pushes-back-first-amendment-claims-after-don-lemon-others-arrested-over-church-disruption,2026-02-02,"Attorney General Pam Bondi pushed back Saturday against First Amendment criticisms after the Trump administration arrested journalist Don Lemon and other anti-ICE agitators accused of storming a Minnesota church, warning that attacks on houses of worship will not be tolerated....",https://static.foxnews.com/foxnews.com/content/uploads/2026/01/attorney-general-pam-bondi-doj.jpg,United States,Politics
"Bill Maher fires back at Dave Chappelle's 'stupid' comments on free speech in US, slams celebrity activism",Fox News,https://www.foxnews.com/media/bill-maher-fires-back-dave-chappelles-stupid-comments-free-speech-us-slams-celebrity-activism,2026-02-02,"Late-night host Bill Maher responded to comedian Dave Chappelle's remarks about him after the ""Real Time"" host called him out for downplaying free speech in America during his performance at the Riyadh Comedy Festival in Saudi Arabia in October....",https://static.foxnews.com/foxnews.com/content/uploads/2025/10/bill-maher-dave-chappelle-split.jpg,United States,Entertainment
Top Kremlin official praises Trump’s push for peace in Ukraine as talks set to resume,Fox News,https://www.foxnews.com/world/top-kremlin-official-praises-trumps-push-peace-ukraine-talks-set-resume,2026-02-02,"A top Kremlin official praised President Donald Trump as an effective leader seeking peace in Ukraine, saying Moscow views renewed talks with Washington as productive. Dmitry Medvedev, deputy chairman of Russia’s Security Council and a former president, said Trump is genuinely trying to end...",https://static.foxnews.com/foxnews.com/content/uploads/2026/02/dmitry-medvedev.jpg,United States,Politics
"Zelenskyy announces next round of talks with US, Russia as Ukraine seeks 'real and dignified end to the war'",Fox News,https://www.foxnews.com/world/zelenskyy-announces-next-round-talks-us-russia-ukraine-aims-real-dignified-end-war,2026-02-02,"Ukrainian President Volodymyr Zelenskyy announced Sunday that a new round of talks involving Ukraine, the United States and Russia will take place this week, as Kyiv presses for progress toward ending the war while Moscow continues strikes across the country....",https://static.foxnews.com/foxnews.com/content/uploads/2026/02/zelenskyy-joint-press-conference-lithuania-president.jpg,United States,Politics
Hollywood keeps making movies families won't watch while 'Lord of the Rings' rerelease rakes in millions,Fox News,https://www.foxnews.com/opinion/best-films-lord-over-worst-because-hollywood-used-make-movies-everyone,2026-02-02,"The profitable rerelease of Peter Jackson’s ""Lord of the Rings"" trilogy reflects more than the staying power of the quarter-century-old J.R.R. Tolkien-based film franchise – it reveals a troubling creative gap in today’s Hollywood....",https://static.foxnews.com/foxnews.com/content/uploads/2024/06/lord-of-the-rings.jpg,United States,Sports
How long you’re contagious with the flu — and when it’s safe to go out,Fox News,https://www.foxnews.com/health/how-long-youre-contagious-flu-when-its-safe-go-out,2026-02-02,"The U.S. is in the thick of flu season, with many states reporting ""moderate to very high activity"" of influenza-like illness, according to the CDC. With influenza A (H3N2), or subclade K, making up a large portion of the circulating viruses, doctors emphasize the importance of getting the...",https://static.foxnews.com/foxnews.com/content/uploads/2026/01/woman-feeling-sick-with-flu.gif,United States,Health
75 Hard fitness challenge draws expert warnings as toned-down versions gain traction,Fox News,https://www.foxnews.com/health/75-hard-challenge-promises-weight-loss-experts-warn-may-too-intense,2026-02-02,"An extreme, all-or-nothing fitness regimen is going viral again as millions seek rapid weight loss and mental toughness through its relentless daily rules. But, as health experts warn the intensity may be unrealistic for many people, lighter versions of the challenge are also picking up...",https://static.foxnews.com/foxnews.com/content/uploads/2026/01/man-outdoor-workout-75-hard.jpg,United States,Entertainment
Early Parkinson’s could be detected decades before symptoms with simple blood test,Fox News,https://www.foxnews.com/health/early-parkinsons-could-detected-decades-before-symptoms-simple-blood-test,2026-02-02,"A new study from Chalmers University of Technology in Sweden, along with Oslo University Hospital in Norway, may have discovered a way to detect biomarkers of Parkinson’s disease in the blood up to decades earlier....",https://static.foxnews.com/foxnews.com/content/uploads/2026/01/man-holding-cane-parkinsons.gif,United States,Sports
Florida Airbnb host arrested after alleged lewd act with vacuum at Disney-area resort community,Fox News,https://www.foxnews.com/us/florida-airbnb-host-arrested-alleged-lewd-act-vacuum-disney-area-resort-community,2026-02-02,A Florida Airbnb host was arrested this week after authorities say he exposed himself and engaged in lewd behavior inside a family-friendly resort community near Walt Disney World....,https://static.foxnews.com/foxnews.com/content/uploads/2026/02/kevin-westerhold-kissimee-florida-crime-1.jpg,United States,Entertainment
"Buddhist monks walking 2,300 miles from Texas to DC go viral with 1M+ social media followers",Fox News,https://www.foxnews.com/faith-values/buddhist-monks-walking-2300-miles-from-texas-dc-go-viral-1m-social-media-followers,2026-02-02,"Buddhist monks have set off on a trek across the country on foot that has drawn national attention as they travel from Fort Worth, Texas, to Washington, D.C., as a part of a monthslong journey they describe as a spiritual practice....",https://static.foxnews.com/foxnews.com/content/uploads/2026/01/buddhist-monks-dog-aloka.jpg,United States,Entertainment
State launches 'America First' license plate as others unveil patriotic America 250 designs,Fox News,https://www.foxnews.com/travel/state-launches-america-first-license-plate-others-unveil-america-250-designs,2026-02-02,"As the United States approaches its 250th birthday, the Peach State isn’t just rolling out commemorative license plates — it’s offering an ""America First"" one, too. The new license plate was first introduced in Senate Bill 291 by state Sen....",https://static.foxnews.com/foxnews.com/content/uploads/2026/01/america-250-georgia-america-first-plate-fox-news.jpg,United States,Politics
US military warns Iran it will not tolerate any 'unsafe' actions ahead of live-fire drills in Strait of Hormuz,Fox News,https://www.foxnews.com/us/us-military-warns-iran-not-tolerate-any-unsafe-actions-ahead-live-fire-drills-strait-hormuz,2026-02-02,"The U.S. military warned Iran it will not tolerate ""any unsafe and unprofessional behavior"" surrounding U.S. forces in the Middle East as Tehran gears up for live-fire naval drills in the Strait of Hormuz....",https://static.foxnews.com/foxnews.com/content/uploads/2026/01/uss-abraham-lincoln-flight-deck.jpg,United States,Politics
"Satellite images reveal activity at Iran nuclear sites bombed by US, Israel",Fox News,https://www.foxnews.com/world/satellite-images-reveal-activity-iran-nuclear-sites-bombed-us-israel,2026-02-02,Fresh satellite images have captured roofs being built over damaged buildings at Iranian nuclear sites that were attacked by the U.S. and Israel last year. The photos from Planet Labs PBC show new coverings over two structures at the Isfahan and Natanz facilities following the June 2025...,https://static.foxnews.com/foxnews.com/content/uploads/2026/01/natanz-iran-nuclear-site-1.jpg,United States,Politics
Iran responds to Trump pressure with warning of retaliation: 'Fingers on the trigger',Fox News,https://www.foxnews.com/world/iran-responds-trump-pressure-warning-retaliation-fingers-trigger,2026-02-02,"As President Donald Trump pressures Iran to strike a nuclear deal, the Islamic Republic's foreign minister warned that the nation's military is ready to retaliate against any possible ""aggression."" ""Our brave Armed Forces are prepared — with their fingers on the trigger — to immediately and...",https://static.foxnews.com/foxnews.com/content/uploads/2026/01/iranian-foreign-minister-seyed-abbas-araghchi-november-2025.jpg,United States,Politics
"2026 MLB Free Agent Signings, Trades: Reds Land One of Baseball's Top Sluggers",Fox News,https://www.foxnews.com/sports/2026-mlb-free-agent-signing-trades-tracker,2026-02-02,"Pitchers and catchers will begin reporting to spring training camp between Feb. 10-12. But before the 2026 MLB season ramps up, and that starts with keeping tabs on all the deals. Here are all the notable free agency signings, trades, and extensions throughout the offseason: Feb....",https://statics.foxsports.com/www.foxsports.com/content/uploads/2025/11/a263dd89-16x9-1.jpg,United States,Sports
"Deputy AG denies 5-year-old, father has asylum claim after family released from ICE detention",Fox News,https://www.foxnews.com/us/deputy-ag-denies-5-year-old-father-has-asylum-claim-after-family-released-from-ice-detention,2026-02-02,"Deputy Attorney General Todd Blanche said Sunday that the 5-year-old boy and his father, who were detained by ICE in Minneapolis last month, did not apply for asylum, as officials announced that the family was released over the weekend....",https://static.foxnews.com/foxnews.com/content/uploads/2026/02/liam-conejo-ramos-adrian-alexander-conejo-arias.jpg,United States,Crime
"Greenland offers tourists ice fjords and hot springs, plus flights from US airports",Fox News,https://www.foxnews.com/travel/greenland-offers-tourists-ice-fjords-hot-springs-flights-us-airports,2026-02-02,"With President Donald Trump’s interest in acquiring Greenland for national defense and security reasons, the country also offers an arctic escape for tourists young and old. While about 80% of the land is covered in ice, Greenland is a hot spot for ice fjords, hot springs, outdoor activities,...",https://static.foxnews.com/foxnews.com/content/uploads/2026/01/frozen-bay-and-mountains-greenland.jpg,United States,Politics
Disney fans say they're outraged after theme park eliminates their beloved snacks,Fox News,https://www.foxnews.com/travel/disney-fans-say-outraged-theme-park-eliminates-beloved-snacks,2026-02-02,"Some Disney fans are saying they're furious after specialty fries were quietly eliminated from Disneyland, vanishing from the popular park in January. The changes have been dubbed a ""french fry apocalypse."" Filmstrip Fries at Award Wieners, the beer-battered fries at Hungry Bear Jamboree, and...",https://static.foxnews.com/foxnews.com/content/uploads/2026/01/woman-eating-at-disney.jpg,United States,Entertainment
Are new cars becoming a luxury item in America?,Fox News,https://www.foxbusiness.com/lifestyle/new-cars-becoming-luxury-item-america,2026-02-02,"Americans are increasingly getting priced out of the new car market as prices remain elevated. The average transaction price for a new car in April 2025 was $48,422, slightly higher than average for the previous 12 months, according to Edmunds data, published June 2025....",https://a57.foxnews.com/static.foxbusiness.com/foxbusiness.com/content/uploads/2020/05/0/0/car-purchase-iStock-001.jpg?ve=1&tl=1,United States,Business
"Trump Accounts hit 1 million sign-ups after Nicki Minaj White House summit appearance, Bessent says",Fox News,https://www.foxbusiness.com/politics/trump-accounts-hit-1-million-sign-ups-after-nicki-minaj-white-house-summit-appearance-bessent-says,2026-02-02,"Treasury Secretary Scott Bessent said the Trump administration’s new Trump Accounts program has surged to roughly 1 million sign-ups, marking a sharp jump in participation after Wednesday's summit that featured President Donald Trump and rapper Nicki Minaj....",https://a57.foxnews.com/static.foxbusiness.com/foxbusiness.com/content/uploads/2026/01/0/0/minaj-touts-1m-trump-accounts.jpg?ve=1&tl=1,United States,Politics
"Middle-income Americans struggling to keep up as living costs weigh on paychecks, survey says",Fox News,https://www.foxbusiness.com/economy/middle-income-americans-struggling-keep-up-living-costs-weigh-paychecks-survey-says,2026-02-02,"Middle-income Americans are continuing to feel financial strain and say their income is being outpaced by the rising cost of living, according to a new nonprobability-based analysis by Primerica. The financial services firm released the latest edition of the Primerica U.S....",https://a57.foxnews.com/static.foxbusiness.com/foxbusiness.com/content/uploads/2025/08/0/0/shopper-dept-store-toys-outdoor.jpg?ve=1&tl=1,United States,Business
Some Social Security beneficiaries to receive payments early for February and March,Fox News,https://www.foxbusiness.com/economy/some-social-security-beneficiaries-receive-payments-early-february-march,2026-02-02,Some Social Security beneficiaries will receive their monthly benefits slightly earlier than usual in February and March due to a quirk in the calendar. The Social Security Administration (SSA) ordinarily disburses payments for Supplemental Security Income (SSI) on the first day of a given month....,https://a57.foxnews.com/static.foxbusiness.com/foxbusiness.com/content/uploads/2025/03/0/0/social-security-office-1.jpg?ve=1&tl=1,United States,Technology
AI wearable helps stroke survivors speak again,Fox News,https://www.foxnews.com/tech/ai-wearable-helps-stroke-survivors-speak-again,2026-02-02,"Losing the ability to speak clearly after a stroke can feel devastating. For many survivors, the words are still there in their minds, but their bodies will not cooperate. Speech becomes slow, unclear or fragmented....",https://static.foxnews.com/foxnews.com/content/uploads/2024/07/MRI-brain-scans.jpg,United States,Health
Major US shipping platform left customer data wide open to hackers,Fox News,https://www.foxnews.com/tech/major-us-shipping-platform-left-customer-data-wide-open-hackers,2026-02-02,"Cargo theft is no longer just about stolen trucks and forged paperwork. Over the past year, security researchers have been warning that hackers are increasingly targeting the technology behind global shipping, quietly manipulating systems that move goods worth millions of dollars....",https://static.foxnews.com/foxnews.com/content/uploads/2025/12/british-cargo-ship-001.jpg,United States,Technology
Amazon Prime settlement could put money back in your pocket,Fox News,https://www.foxnews.com/tech/amazon-prime-settlement-could-put-money-back-your-pocket,2026-02-02,Amazon has agreed to pay $2.5 billion to settle allegations brought by the Federal Trade Commission over how it enrolled customers in Prime and how difficult it made cancellation....,https://static.foxnews.com/foxnews.com/content/uploads/2026/01/amazon-prime-delivery.jpg,United States,Business
Costco issues recall notice for bakery item due to undeclared allergen,Fox News,https://www.foxbusiness.com/economy/costco-issues-recall-notice-bakery-item-due-undeclared-allergen,2026-02-02,"Costco issued a recall notice for mislabeled bakery items that could cause allergic reactions in customers. Costco announced that one of its products, ""Mini Beignets filled with Caramel,"" was ""inadvertently packaged with Mini Beignets filled with Chocolate Hazelnut."" The company said the mislabeled...",https://a57.foxnews.com/static.foxbusiness.com/foxbusiness.com/content/uploads/2025/06/0/0/costco-storefront.jpg?ve=1&tl=1,United States,Health
Hillary Clinton says events in Minneapolis show the ‘moral rot at the heart of Trump’s MAGA movement’,Fox News,https://www.foxnews.com/media/hillary-clinton-says-events-minneapolis-show-moral-rot-heart-trumps-maga-movement,2026-02-02,"Hillary Clinton accused President Donald Trump and his supporters of what she called deep ""moral rot"" within their movement. The former secretary of state wrote an essay for ""The Atlantic"" on Thursday in which she repeatedly called out the MAGA movement, contrasting it with Christian values....",https://static.foxnews.com/foxnews.com/content/uploads/2026/01/hillary-clinton-atlantic-trump-maga-fox-news.jpg,United States,Politics
High-end car hustle crashes as couple accused of flipping luxury rides with bogus titles,Fox News,https://www.foxnews.com/us/high-end-car-hustle-crashes-couple-accused-flipping-luxury-rides-bogus-titles,2026-02-02,A Florida husband and wife are facing a slew of criminal charges stemming from an alleged title fraud scheme involving luxury vehicles being sold by their self-owned car dealership....,https://static.foxnews.com/foxnews.com/content/uploads/2026/01/michael-emily-lucci-florida-mugshot_01.jpg,United States,Crime
"Ex-NASCAR driver sent Jeffrey Epstein Valentine's Day email, forwarded sexually explicit message, files show",Fox News,https://www.foxnews.com/sports/ex-nascar-driver-sent-jeffrey-epstein-valentines-day-email-forwarded-sexually-explicit-message-files-show,2026-02-02,"Former NASCAR driver Brian Vickers was mentioned in numerous documents in the latest Epstein files dropped Friday. Vickers’ ex-wife, Sarah Kellen, was named as an unindicted co-conspirator in Epstein’s 2008 nonprosecution deal and was later described as ""criminally responsible"" by a federal...",https://static.foxnews.com/foxnews.com/content/uploads/2026/01/brian-vickers-13126.jpg,United States,Entertainment
President Trump signs executive order bringing IndyCar race to DC for America250,Fox News,https://www.foxnews.com/sports/president-trump-executive-order-indycar-race-dc-america250,2026-02-02,"President Donald Trump signed an executive order Friday to bring IndyCar to the streets of Washington, D.C. for America250 celebrations. Trump was joined by IndyCar owner and chairperson Roger Penske, U.S. Interior Secretary Doug Burgum, and U.S....",https://static.foxnews.com/foxnews.com/content/uploads/2026/01/trump-indycar-oval-001.jpg,United States,Politics
"Man travels 14,000 miles to share a final beer with dying longtime friend",Fox News,https://www.foxnews.com/travel/man-travels-14000-miles-share-final-beer-dying-longtime-friend,2026-02-02,"A longtime friendship led one man to make a one-day, 14,000-mile journey to say goodbye to his dying pal. Bob Walker traveled from Jakarta, Indonesia, to Arbroath, Scotland, and back again, just to spend a few hours with his friend Peter Gould, 82, who was diagnosed with terminal cancer in...",https://static.foxnews.com/foxnews.com/content/uploads/2026/02/bob-walker-and-peter-gould-final-beer.jpg,United States,Health
Gordon Ramsay has a secret ingredient for scrambled eggs that never overcook,Fox News,https://www.foxnews.com/food-drink/gordon-ramsays-secret-ingredient-scrambled-eggs-never-overcook,2026-02-02,"Gordon Ramsay, TV star and leader of a global restaurant empire, may be known for his fiery and demanding kitchen persona — but his scrambled eggs are all about patience, control and a soft, fluffy finish....",https://static.foxnews.com/foxnews.com/content/uploads/2026/01/scrambled-eggs-toast-breakfast.jpg,United States,Entertainment
"'Produce Pete,' who taught millions to pick perfect fruits and vegetables, dies at 80",Fox News,https://www.foxnews.com/food-drink/produce-pete-dead-80-beloved-tv-star-who-taught-america-how-eat,2026-02-02,"A beloved television personality who spent decades teaching viewers how to pick everything from the perfect pineapple to the juiciest tomatoes, drawing on lessons passed down from his Italian immigrant family, has died, according to reports....",https://static.foxnews.com/foxnews.com/content/uploads/2026/01/produce-pete-napolitano.jpg,United States,Health
Man who claims he took iconic 'Napalm Girl' photo speaks out as AP stands by photographer credited for decades,Fox News,https://www.foxnews.com/media/man-who-claims-he-took-iconic-napalm-girl-photo-speaks-out-ap-stands-photographer-credited-decades,2026-02-02,"The man who claims to have taken the iconic ""Napalm Girl"" photo that helped reshape the Vietnam War is speaking out in a new documentary as The Associated Press stands by the photographer who has been credited for decades....",https://static.foxnews.com/foxnews.com/content/uploads/2025/12/stringer-napalm-girl.jpg,United States,Health
AP stands by photographer as new Netflix doc disputes credit of iconic 'Napalm Girl' photo from Vietnam War,Fox News,https://www.foxnews.com/media/ap-stands-photographer-new-netflix-doc-disputes-credit-iconic-napalm-girl-photo-from-vietnam-war,2026-02-02,"The Associated Press is maintaining the credit for the iconic ""Napalm Girl"" photo taken during the Vietnam War as a new Netflix documentary claims a different photographer took it....",https://static.foxnews.com/foxnews.com/content/uploads/2025/12/nick-ut-photographer.jpg,United States,Entertainment
Former French President Sarkozy begins a 5-year prison sentence for campaign finance conspiracy,Fox News,https://www.foxnews.com/world/former-french-president-sarkozy-begins-5-year-prison-sentence-campaign-finance-conspiracy,2026-02-02,Former French President Nicolas Sarkozy entered a prison in Paris on Tuesday to begin serving a five-year sentence for a criminal conspiracy to finance his 2007 election campaign with funds from Libya — a historic moment that makes him the first ex-leader of modern France to be imprisoned....,https://static.foxnews.com/foxnews.com/content/uploads/2025/09/sarkozy-paris-sentancing.jpg,United States,Crime
CNN defends Don Lemon after arrest over anti-ICE protest coverage at St. Paul church,Fox News,https://www.foxnews.com/media/cnn-defends-don-lemon-after-arrest-over-anti-ice-protest-coverage-st-paul-church,2026-02-02,"CNN issued a statement defending former employee, Don Lemon, after the ex-CNN host was arrested in connection with a viral protest by anti-ICE agitators that disrupted a church service at a St. Paul, Minnesota church....",https://static.foxnews.com/foxnews.com/content/uploads/2026/02/don-lemon-cnn-statement.jpg,United States,Crime
SNL targets ICE with Tom Homan parody sketch of meeting with agents in Minneapolis,Fox News,https://www.foxnews.com/media/snl-targets-ice-tom-homan-parody-sketch-meeting-agents-minneapolis,2026-02-02,"""Saturday Night Live"" took aim at Immigration and Customs Enforcement (ICE) again on Saturday in depicting Border czar Tom Homan conducting a meeting with ICE agents during the cold open. ""My name is Tom Homan....",https://static.foxnews.com/foxnews.com/content/uploads/2026/02/snl-homan-sketch.gif,United States,Politics
Potential Walz successor unleashes on state's sanctuary policies: 'The rule of law matters',Fox News,https://www.foxnews.com/politics/potential-walz-successor-unleashes-states-sanctuary-policies-rule-law-matters,2026-02-02,"Minnesota GOP gubernatorial candidate Patrick Knight slammed Gov. Tim Walz and other leading Democrats, saying the state is ""cratering"" under their leadership as they treat the law like a ""buffet."" In an interview with Fox News Digital, Knight criticized the sanctuary policies in...",https://static.foxnews.com/foxnews.com/content/uploads/2026/01/pat-knight-tim-walz.png,United States,Politics
NASCAR Pushes Back Start of Season Due to Snow,Fox News,https://radio.foxnews.com/2026/02/01/nascar-pushes-back-start-of-season-due-to-snow,2026-02-01,Carlos Alcaraz becomes the youngest to win the Grand Slam at the Australian Open as the start of the NASCAR season is pushed back again. #AustralianOpen #NASCAR Learn more about your ad choices. Visit podcastchoices.com/adchoices,https://static-radio.foxnews.com/radio.foxnews.com/content/uploads/2024/05/fox-sports-update-logo-700x394solidBG.png,United States,Sports
Extra: A Deep Dive into Minnesota’s Rampant Fraud and Beyond,Fox News,https://radio.foxnews.com/2026/02/01/extra-a-deep-dive-into-minnesotas-rampant-fraud-and-beyond,2026-02-01,"Earlier this week, we took a deep dive into systemic fraud with former police officer and Minnesota fraud investigator Scott Dexter. Dexter recently took his findings to Congress, testifying about the rampant misuse of taxpayer funds he uncovered between 2014 and 2019....",https://static-radio.foxnews.com/radio.foxnews.com/content/uploads/2022/04/FOX_NEWS_RUNDOWN_EXTRA_COVER_1G-1.png,United States,Crime
“Melania” Makes Record Box Office Opening Weekend,Fox News,https://radio.foxnews.com/2026/02/01/melania-makes-record-box-office-opening-weekend,2026-02-01,"A father and son return from ICE detention, First Lady Melania’s documentary makes a record opening at the box office, and Clive Davis hosts a star-studded party. Learn more about your ad choices. Visit podcastchoices.com/adchoices",https://static-radio.foxnews.com/radio.foxnews.com/content/uploads/2024/05/TMZ-Minute-3000x3000-1-scaled.jpg,United States,Crime
System requirements for using Slack,Fox News,https://slack.com/help/articles/115002037526-Minimum-requirements-for-using-Slack,2026-02-02,"If you’re curious about the system requirements needed to run Slack, read on to learn which operating systems (OS) and browsers we support. For the best experience, we recommend using the latest versions. Note: Slack updates these system requirements twice per year in May and November....",https://a.slack-edge.com/80588/marketing/img/meta/slack_hash_256.png,United States,Technology
FOX Across America with Jimmy Failla,Fox News,https://radio.foxnews.com/fox-news-talk/fox-across-america-with-jimmy-failla,2026-02-02,"Jimmy on Tour! VIP Add-On experiences available for most shows. Check venue website for info and availability 2026 DATES 1/31/2026 -The Cotillion – Wichita, KS Click here for tickets 2/07/2026 – Capitol Arts Complex Rome, NY Click here for tickets 3/07/2026 – The Victory Theater In Evansville, IN...",https://static-radio.foxnews.com/radio.foxnews.com/content/uploads/2024/02/FOX_ACROSS_AMERICA_SHOW_DUSK_WEEKDAYS.png,United States,Technology
Why A U.S. Strike On Iran Would Not Lead To War,Fox News,https://radio.foxnews.com/2026/02/02/why-a-u-s-strike-on-iran-would-not-lead-to-war,2026-02-02,"‘Life, Liberty & Levin’ explores the fundamental values and principles undergirding American society, culture, politics, and current events, and their relevance to the nation’s future and everyday lives of citizens. Learn more about your ad choices. Visit podcastchoices.com/adchoices",https://static-radio.foxnews.com/radio.foxnews.com/content/uploads/2025/05/LLL_LOGO_FINAL.png,United States,Politics
Joseph: From The Pit To The Palace,Fox News,https://radio.foxnews.com/2026/02/01/joseph-from-the-pit-to-the-palace,2026-02-01,"From the pit to the palace, Joseph’s journey is a reminder that faith can move mountains. In this first episode of the Nothing Is Impossible with God series, Shannon and Senior Pastor of First Baptist Dallas Church, Dr. Robert Jeffress reflect on the life of Joseph in the Bible....",https://static-radio.foxnews.com/radio.foxnews.com/content/uploads/2026/01/FEATURED_IMAGE_LIVIN_THE_BREAM_NEW.png,United States,Entertainment
IndyCars Are Coming to Capitol Hill,Fox News,https://radio.foxnews.com/2026/02/01/indycars-are-coming-to-capitol-hill,2026-02-01,"A major IndyCar event will be taking place in Washington, D.C., in August. Details on that and more in this “Fox Sports Update.” #IndyCar #Sports Learn more about your ad choices. Visit podcastchoices.com/adchoices",https://static-radio.foxnews.com/radio.foxnews.com/content/uploads/2024/05/fox-sports-update-logo-700x394solidBG.png,United States,Politics
Snoop Dogg Mourning the loss of her Grand-Daughter,Fox News,https://radio.foxnews.com/2026/02/01/snoop-dogg-mourning-the-loss-of-her-grand-daughter,2026-02-01,"Snoop Dogg Mourning the loss of her Grand-Daughter, Hall of Fame Pitcher Greg Maddux selling his home, and host of NFL Red Zone confirming no NFL preseason script. Fox’s Matt Murphy has the TMZ minute. Learn more about your ad choices. Visit podcastchoices.com/adchoices",https://static-radio.foxnews.com/radio.foxnews.com/content/uploads/2024/05/TMZ-Minute-3000x3000-1-scaled.jpg,United States,Sports
"Trump plans to close Kennedy Center for about two years, starting in July",The Washington Post,https://www.washingtonpost.com/style/2026/02/01/kennedy-center-trump-closure-construction,2026-02-01,President Donald Trump said Sunday that he plans to close the Kennedy Center for roughly two years for the facility to undergo construction. The proposal comes amid a series of cancellations and internal upheaval since he took over the arts institution and presidential memorial nearly a year ago...,https://www.washingtonpost.com/wp-apps/imrs.php?src=https://arc-anglerfish-washpost-prod-washpost.s3.amazonaws.com/public/XBUCFDSEXFYYX5SE72I54E3F64_size-normalized.jpg&w=1440,United States,Politics
"Trump tries humor, gets some silence at black-tie dinner with ‘people I hate’",The Washington Post,https://www.washingtonpost.com/politics/2026/02/01/trump-alfalfa-club-dinner,2026-02-01,"Over the past week, President Donald Trump’s government has presided over the arrest of a prominent journalist, invoked false claims of fraud to seize ballots in Georgia and defended the shooting death of another protester in Minneapolis by federal agents.",https://www.washingtonpost.com/wp-apps/imrs.php?src=https://arc-anglerfish-washpost-prod-washpost.s3.amazonaws.com/public/MBTHJJCYJ3CX2JNTUFIHCKXIQE_size-normalized.jpg&w=1440,United States,Politics
Inside Musk’s bet to hook users that turned Grok into a porn generator,The Washington Post,https://www.washingtonpost.com/technology/2026/02/02/elon-musk-grok-porn-generator,2026-02-02,"Weeks before Elon Musk officially left his perch in government last spring, employees on the human data team of his artificial intelligence start-up xAI received a startling waiver from their employer, asking them to pledge to work with profane content, including sexual material.",https://www.washingtonpost.com/wp-apps/imrs.php?src=https://arc-anglerfish-washpost-prod-washpost.s3.amazonaws.com/public/RZMMULTR6VEBPOTN3EXM43N6YA.jpg&w=1440,United States,Entertainment
Trump’s chaotic governing style is hurting the value of the U.S. dollar,The Washington Post,https://www.washingtonpost.com/business/2026/02/02/trump-economic-policies-dollar-decline,2026-02-02,"Fallout from the recent Greenland crisis clipped the U.S. dollar, aggravating a year-long decline that has shaved more than 10 percent off the greenback’s value since President Donald Trump returned to the White House.",https://www.washingtonpost.com/wp-apps/imrs.php?src=https://arc-anglerfish-washpost-prod-washpost.s3.amazonaws.com/public/ZWYWUIPJNTRLCZX3DZ3PEMPFPY_size-normalized.jpg&w=1440,United States,Politics
Trump family crypto firm sold major stake to UAE investment firm,The Washington Post,https://www.washingtonpost.com/politics/2026/02/01/trump-uae-crypto-world-liberty-financial,2026-02-01,"A crypto company run by President Donald Trump’s family members sold a large stake to investors tied to the United Arab Emirates just days before Trump’s inauguration, linking a Trump family business to a prominent member of the UAE’s governing elite.",https://www.washingtonpost.com/wp-apps/imrs.php?src=https://arc-anglerfish-washpost-prod-washpost.s3.amazonaws.com/public/EGKGACNKZLMUM7MHLLWYITJ7PM.jpg&w=1440,United States,Business
"Kenyan job seekers were lured to Russia, then sent to die in Ukraine",The Washington Post,https://www.washingtonpost.com/world/2026/02/01/kenya-russia-military-ukraine-war,2026-02-01,"Hundreds of Kenyans have been recruited by the Russian military to serve on the front lines in Ukraine, according to former recruits and their families. Many have never returned. Most men said they were tricked — offered civilian or “safe” security jobs in Russia, only to be handed a weapon and...",https://www.washingtonpost.com/wp-apps/imrs.php?src=https://arc-anglerfish-washpost-prod-washpost.s3.amazonaws.com/public/HTI2NHPZNXAPYHEUIRHVWBKLR4_size-normalized.JPG&w=1440,United States,Politics
"The 2026 Grammys performances, from best to worst",The Washington Post,https://www.washingtonpost.com/entertainment/music/2026/02/02/grammys-performances-ranked,2026-02-02,"The audience at the Grammy Awards erupted on Sunday night when Bad Bunny won album of the year for “Debí Tirar Más Fotos,” the mostly Spanish record that hit No. 1 on the Billboard 200 last year....",https://www.washingtonpost.com/wp-apps/imrs.php?src=https://arc-anglerfish-washpost-prod-washpost.s3.amazonaws.com/public/RXLSBL7LHOOMXGYSQCCNFZQ76A.JPG&w=1440,United States,Entertainment
The best celebrity red carpet looks at the 2026 Grammys,The Washington Post,https://www.washingtonpost.com/style/fashion/2026/02/01/grammys-2026-red-carpet-looks,2026-02-01,"The boldest color choice on Sunday’s Grammys red carpet may have been the carpet itself. Outside Los Angeles’s Crypto.com Arena, black-and-white ensembles ruled the evening, with great supporting performances by earth tones and cozy, sandy neutrals....",https://www.washingtonpost.com/wp-apps/imrs.php?src=https://arc-anglerfish-washpost-prod-washpost.s3.amazonaws.com/public/LPDNPMXIIJLBORHFXEQCQK2S2Q_size-normalized.jpg&w=1440,United States,Entertainment
The list of the top Grammy winners in 2026,The Washington Post,https://www.washingtonpost.com/entertainment/music/2026/02/01/grammy-winners-list-2026,2026-02-01,"Comedian Trevor Noah hosted the 68th annual Grammy Awards on Sunday in Los Angeles, where Bad Bunny took home three awards — including album of the year — ahead of his Super Bowl halftime show performance next weekend. Here are the winners of the top categories at the annual ceremony.",https://www.washingtonpost.com/wp-apps/imrs.php?src=https://arc-anglerfish-washpost-prod-washpost.s3.amazonaws.com/public/6ZAHKHH6FWRSMRPI5K7W4QHIKE.jpg&w=1440,United States,Entertainment
Scientists finally may know why kidney patients die of heart disease,The Washington Post,https://www.washingtonpost.com/health/2026/02/01/chronic-kidney-disease-heart-failure,2026-02-01,"For years, scientists have been working to unravel the mystery of patients with failing kidneys dying from heart-related complications. Researchers now say they’ve uncovered a clue that explains why people with chronic kidney disease have such a high risk of heart failure — and it could have major...",https://www.washingtonpost.com/wp-apps/imrs.php?src=https://arc-anglerfish-washpost-prod-washpost.s3.amazonaws.com/public/EQXKEIKTPJD7LO5MHWMBCOP37Q.jpg&w=1440,United States,Health
Mamdani efficiency effort shows he cannot tax N.Y.C. out of shortfall - The Washington Post,The Washington Post,https://www.washingtonpost.com/opinions/2026/02/01/zohran-mamdani-new-york-city-budget-savings,2026-02-01,How ironic would it be if Zohran Mamdani fared better at cutting government waste than Elon Musk? New York’s new socialist mayor issued an executive order last week mandating that all of his city’s 100-plus agencies appoint a “chief savings officer” to look for efficiencies....,https://www.washingtonpost.com/wp-apps/imrs.php?src=https://arc-anglerfish-washpost-prod-washpost.s3.amazonaws.com/public/YFFLQRFKWBBJAIIVQIQFTHW7ZE.JPG&w=1440,United States,Politics
Trump administration awaits delayed Supreme Court tariffs ruling - The Washington Post,The Washington Post,https://www.washingtonpost.com/opinions/2026/02/01/trump-tariffs-supreme-court-delay,2026-02-01,"On May 12, 1952, the Supreme Court heard oral arguments in what is now probably its most important case on presidential power: Youngstown Sheet & Tube Co. v. Sawyer. With the Korean War raging, President Harry S. Truman had ordered the government to take over U.S. steel mills....",https://www.washingtonpost.com/wp-apps/imrs.php?src=https://arc-anglerfish-washpost-prod-washpost.s3.amazonaws.com/public/JOQDLRR5QDHU2XAU33LY64WG3Y_size-normalized.jpg&w=1440,United States,Politics
Venezuela elections needed for oil investment and long-term stability - The Washington Post,The Washington Post,https://www.washingtonpost.com/opinions/2026/02/01/venezuela-elections-delcy-rodriguez-machado,2026-02-01,"Delcy Rodriguez must not like the color orange, because the Chavista is doing lots to avoid ending up in the same prison garb as her old boss. One month after the successful operation to capture Nicolás Maduro, his vice president continues playing ball with the United States....",https://www.washingtonpost.com/wp-apps/imrs.php?src=https://arc-anglerfish-washpost-prod-washpost.s3.amazonaws.com/public/ET6LKC7MGDTT5LELX4BFSSBUYE_size-normalized.jpg&w=1440,United States,Business
America’s real strategic resource is ideas - The Washington Post,The Washington Post,https://www.washingtonpost.com/opinions/2026/01/27/america-strategic-resource-ideas,2026-01-27,President Donald Trump talks about power and national strength as if it were stored in the ground. Drill more. Mine more. Control more territory. Even the recent talk of acquiring Greenland is sold as “national security.”,https://www.washingtonpost.com/wp-apps/imrs.php?src=https://arc-anglerfish-washpost-prod-washpost.s3.amazonaws.com/public/F35LVBSVRRA2FPG2G3QGPMUCJA.jpg&w=1440,United States,Politics
"Trump’s tariffs aren’t TACO. Look at Greenland, Taiwan and China. - The Washington Post",The Washington Post,https://www.washingtonpost.com/opinions/2026/01/29/trump-tariffs-taco-greenland-taiwan-china,2026-01-29,"George E. Bogden, a senior fellow at Yorktown Institute and a fellow at the Steamboat Institute, served as executive director of the Office of Trade Relations at U.S. Customs and Border Protection in 2025.",https://www.washingtonpost.com/wp-apps/imrs.php?src=https://arc-anglerfish-washpost-prod-washpost.s3.amazonaws.com/public/VQ2VBJMQQLTVA6AC2XB5VI562Q_size-normalized.jpg&w=1440,United States,Politics
A free market return could lead to American prosperity - The Washington Post,The Washington Post,https://www.washingtonpost.com/opinions/2026/01/26/free-market-economy-democrats-republicans,2026-01-26,"Suzanne P. Clark is president and chief executive of the U.S. Chamber of Commerce. In America’s 250th year, the country is teetering between two economic futures. One path involves greater government intervention in the economy, the other a recommitment to free markets....",https://www.washingtonpost.com/wp-apps/imrs.php?src=https://arc-anglerfish-washpost-prod-washpost.s3.amazonaws.com/public/XWUEFTYKTZAGVIN7AOZMIYM54E.jpg&w=1440,United States,Politics
The migration of B6 the bar-tailed godwit is a marvel of nature - The Washington Post,The Washington Post,https://www.washingtonpost.com/opinions/2026/02/01/b6-godwit-sanderling-bird-migration-physics,2026-02-01,Bruce M. Beehler is a naturalist and author. His most recent book is “Flight of the Godwit: Tracking Epic Shorebird Migrations.” Could anything be more humbling to the puffed-up human race than the abilities of a young sandpiper named B6?,https://www.washingtonpost.com/wp-apps/imrs.php?src=https://arc-anglerfish-washpost-prod-washpost.s3.amazonaws.com/public/BCQMWSFNZBDFHF74HED2YJBU4Y_size-normalized.jpg&w=1440,United States,Entertainment
Free HIV drugs save lives. Why one state is restricting access for thousands.,The Washington Post,https://www.washingtonpost.com/health/2026/02/01/florida-hiv-adap-cuts,2026-02-01,"Medications have kept Tori Samuel’s HIV at bay for decades. The part-time worker from Ocala, Florida, has thrived, marrying her husband and giving birth to three children, none of whom have the virus....",https://www.washingtonpost.com/wp-apps/imrs.php?src=https://arc-anglerfish-washpost-prod-washpost.s3.amazonaws.com/public/2VWWGLABKBA33O4PMUSGKQIDTE.jpg&w=1440,United States,Crime
Rafah crossing between Israel and Egypt reopens after nearly two years,The Washington Post,https://www.washingtonpost.com/world/2026/02/02/israel-egypt-gaza-rafah-crossing,2026-02-02,"The Rafah border crossing, Gaza’s main gateway to the world, reopened Monday, allowing a limited number of Palestinians to begin entering and exiting the war-devastated enclave through it for the first time in almost two years, and fulfilling the final major requirement for the first phase of a...",https://www.washingtonpost.com/wp-apps/imrs.php?src=https://arc-anglerfish-washpost-prod-washpost.s3.amazonaws.com/public/CKH6CKB3NRKYFJWTWV6NBDR4UM_size-normalized.jpg&w=1440,United States,Politics
"In Venezuela, change is coming fast. Relief is taking more time.",The Washington Post,https://www.washingtonpost.com/world/2026/02/02/venezuela-us-oil,2026-02-02,"CARACAS, Venezuela — American oil traders are poised to descend on Venezuela’s capital — and may soon be able to fly here direct. The Trump administration is preparing to reopen the U.S. Embassy....",https://www.washingtonpost.com/wp-apps/imrs.php?src=https://arc-anglerfish-washpost-prod-washpost.s3.amazonaws.com/public/MENUIU6VXAIQJWURH4FUYDOO3A_size-normalized.jpg&w=1440,United States,Politics
Olympic ceasefire calls lay bare the scale of global conflict,The Washington Post,https://www.washingtonpost.com/world/2026/02/02/olympics-ceasefire-winter-games-italy-ukraine-gaza-sudan,2026-02-02,"With the Winter Games set to begin this week, the United Nations has called for a 52-day pause on all wars, invoking a centuries-old tradition to ensure the safe passage of athletes and officials attending the events in Italy.",https://www.washingtonpost.com/wp-apps/imrs.php?src=https://arc-anglerfish-washpost-prod-washpost.s3.amazonaws.com/public/RANPXEF6CM674OOMGLHB4EU2BM_size-normalized.jpg&w=1440,United States,Sports
"After a snowy month, what will Punxsutawney Phil predict for the rest of the season?",The Washington Post,https://www.washingtonpost.com/weather/2026/02/02/groundhog-day-punxsutawney-phil-winter-snow-prediction,2026-02-02,"Punxsutawney Phil will make his famed appearance on Monday morning, emerging from his wintertime burrow to forecast the weather in front of a congregating crowd at Pennsylvania’s Gobbler’s Knob — snow still blanketing the ground beneath them....",https://www.washingtonpost.com/wp-apps/imrs.php?src=https://arc-anglerfish-washpost-prod-washpost.s3.amazonaws.com/public/MAOO6IRGIVP32WO5HBWU547DCI.jpg&w=1440,United States,Entertainment
LeBron James makes record 22nd All-Star Game — this time as a reserve,The Washington Post,https://www.washingtonpost.com/sports/2026/02/01/lebron-james-all-star-game-reserves,2026-02-01,"LeBron James makes record 22nd All-Star Game — this time as a reserve The Lakers great is joined by six first-time selections among the 14 players chosen via a vote by the NBA’s coaches for the event Feb. 15 in Los Angeles. February 1, 2026 at 7:26 p.m. EST Today at 7:26 p.m. EST",https://www.washingtonpost.com/wp-apps/imrs.php?src=https://arc-anglerfish-washpost-prod-washpost.s3.amazonaws.com/public/IXHKJ5VMKCPILXHRKN6CRW2CJU_size-normalized.jpg&w=1440,United States,Entertainment
Trump administration fights judge’s ban on green card interview arrests,The Washington Post,https://www.washingtonpost.com/dc-md-va/2026/02/01/ice-marriage-interviews-lawsuit-maryland-doj,2026-02-01,The U.S. Court of Appeals for the 4th Circuit is weighing whether to overturn a lower-court order in Maryland that bars immigration officials from arresting certain people during green card interviews with their U.S....,https://www.washingtonpost.com/wp-apps/imrs.php?src=https://arc-anglerfish-washpost-prod-washpost.s3.amazonaws.com/public/E53TIS5WIAXD5QCEI5NLQRX3KY_size-normalized.jpg&w=1440,United States,Politics
9 movies you absolutely have to see out of Sundance,The Washington Post,https://www.washingtonpost.com/style/2026/02/02/sundance-best-movies,2026-02-02,"PARK CITY, Utah — On the ground at the last-ever Sundance Film Festival in Park City — before the festival moves to Boulder, Colorado — the air has been thick with nostalgia, the end-of-camp vibes out of control.",https://www.washingtonpost.com/wp-apps/imrs.php?src=https://arc-anglerfish-washpost-prod-washpost.s3.amazonaws.com/public/ZA5HQPIGLZHYBCFXLA44KKA77A_size-normalized.jpg&w=1440,United States,Entertainment
"Trump team has $400 million, and 5 other campaign money takeaways",The Washington Post,https://www.washingtonpost.com/politics/2026/02/02/trump-pac-fundraising-midterms,2026-02-02,"President Donald Trump, through an array of allied groups, has stockpiled nearly $400 million, according to the latest campaign finance report, money that he could deploy to boost the campaigns of Republicans in the midterm elections.",https://www.washingtonpost.com/wp-apps/imrs.php?src=https://arc-anglerfish-washpost-prod-washpost.s3.amazonaws.com/public/5AOKKX6GXH7J6ZHAQLRDPNNWHE.JPG&w=1440,United States,Politics
"Coca-Cola, cat food, tampons. The missing goods of military-run Myanmar.",The Washington Post,https://www.washingtonpost.com/world/2026/02/02/myanmar-yangon-economic-crisis,2026-02-02,"YANGON, Myanmar — Few complaints can be aired openly in Yangon. Myanmar’s military generals administer the city watchfully. Informants lurk in teashops and on tuktuks. Chinese-made surveillance cameras scan intersections for unusual activity....",https://www.washingtonpost.com/wp-apps/imrs.php?src=https://arc-anglerfish-washpost-prod-washpost.s3.amazonaws.com/public/WMTSCAWIYFXMQCJEEIA4CMZJJA_size-normalized.jpg&w=1440,United States,Politics
We tried the viral Biscoff ‘cheesecake’ and wish we hadn’t,The Washington Post,https://www.washingtonpost.com/food/2026/02/01/biscoff-cheesecake-yogurt,2026-02-01,"I wanted to believe the hype surrounding the latest food darling of social media. After all, the dessert that some are calling the “Biscoff cheesecake” or “Japanese cheesecake” has so much to recommend it: It’s a two-ingredient, no-bake, high-protein treat that has people swooning and swearing that...",https://www.washingtonpost.com/wp-apps/imrs.php?src=https://arc-anglerfish-washpost-prod-washpost.s3.amazonaws.com/public/NQT55YWF4JBKVGNVOYFC56E7LU.jpg&w=1440,United States,Entertainment
DOJ misconduct complaint against D.C. federal judge dismissed,The Washington Post,https://www.washingtonpost.com/politics/2026/01/31/boasberg-doj-misconduct-complaint-dismissed,2026-01-31,A judicial misconduct complaint against Chief U.S. District Judge James E. Boasberg of D.C. has been dismissed because the Justice Department failed to show that he exhibited bias against the Trump administration.,https://www.washingtonpost.com/wp-apps/imrs.php?src=https://arc-anglerfish-washpost-prod-washpost.s3.amazonaws.com/public/G7XAXAOLGOPSVDZPPLJ3XQDHCY_size-normalized.jpg&w=1440,United States,Politics
"In Texas, Democrats narrow GOP’s U.S. House majority, win upset in state Senate",The Washington Post,https://www.washingtonpost.com/politics/2026/01/31/house-democrats-texas-18th-district,2026-01-31,Democrats narrowed Republicans’ U.S. House majority and flipped a state Senate seat on conservative terrain in a pair of Saturday special election runoffs in Texas with national implications....,https://www.washingtonpost.com/wp-apps/imrs.php?src=https://arc-anglerfish-washpost-prod-washpost.s3.amazonaws.com/public/THWKT7QC2OHXXSAVLQKKH45K7A_size-normalized.jpg&w=1440,United States,Politics
"Judge ordered 5-year-old released, but data shows ICE is detaining more kids",The Washington Post,https://www.washingtonpost.com/immigration/2026/02/01/trump-immigration-children-families-detention,2026-02-01,"The 5-year-old boy, in a blue knit bunny hat and Spider-Man backpack, was returning from preschool when immigration officers detained him late last month in Minneapolis. A few days later, officers there took custody of a 2-year-old girl after breaking her family’s car window.",https://www.washingtonpost.com/wp-apps/imrs.php?src=https://arc-anglerfish-washpost-prod-washpost.s3.amazonaws.com/public/5GSDO6JCZT3TTJUQEDSG4WVU5U_size-normalized.jpg&w=1440,United States,Crime
"Google helped Israeli military contractor with AI, whistleblower alleges",The Washington Post,https://www.washingtonpost.com/technology/2026/02/01/google-ai-israel-military,2026-02-01,"Google breached its own policies that barred use of artificial intelligence for weapons or surveillance in 2024 by helping an Israeli military contractor analyze drone video footage, a former Google employee alleged in a confidential federal whistleblower complaint reviewed by The Washington Post.",https://www.washingtonpost.com/wp-apps/imrs.php?src=https://arc-anglerfish-washpost-prod-washpost.s3.amazonaws.com/public/OSHHFWVVWNHCVCXWJZ6JGH6MLM.jpg&w=1440,United States,Technology
The chairs from that viral photo of the Bidens and Carters? They sold for $11K.,The Washington Post,https://www.washingtonpost.com/lifestyle/2026/02/01/carter-biden-chairs-photo-auction,2026-02-01,"The chairs from that viral photo of the Bidens and Carters? They sold for $11K. A collector just bought them for her home. They became famous from a photo of the former presidents and their wives. February 1, 2026 at 8:05 a.m. EST Today at 8:05 a.m. EST",https://www.washingtonpost.com/wp-apps/imrs.php?src=https://arc-anglerfish-washpost-prod-washpost.s3.amazonaws.com/public/74PF6CFM7YI6XAWBRFVMVFK3XE.jpg&w=1440,United States,Entertainment
The Minneapolis police chief tried to repair his force. Can it survive ICE?,The Washington Post,https://www.washingtonpost.com/nation/2026/02/01/minneapolis-police-ice-killings-reform,2026-02-01,"It was a brisk night last week when Brian O’Hara, the Minneapolis police chief, stood in front of his newest crop of officers and acknowledged the tough assignment ahead. The Minneapolis police force had “faced extraordinary challenges,” O’Hara said....",https://www.washingtonpost.com/wp-apps/imrs.php?src=https://arc-anglerfish-washpost-prod-washpost.s3.amazonaws.com/public/7JBEFFPI36OVZNRM4LW64MNELA.JPG&w=1440,United States,Crime
"Iran’s missiles pose deadly threat, gulf allies warn, as Trump weighs strikes",The Washington Post,https://www.washingtonpost.com/world/2026/02/01/iran-missiles-persian-gulf-trump-military-buildup,2026-02-01,"As the Trump administration pressures Iran with a massive military buildup in the region, Persian Gulf states are warning U.S. officials that Tehran’s missile program remains capable of inflicting significant damage to U.S....",https://www.washingtonpost.com/wp-apps/imrs.php?src=https://arc-anglerfish-washpost-prod-washpost.s3.amazonaws.com/public/55DR2JX4WRPM6NVUFTYF3DQ544_size-normalized.jpg&w=1440,United States,Politics
Why do dead leaves stay on trees during winter?,The Washington Post,https://www.washingtonpost.com/science/interactive/2026/tree-leaves-winter-marcescence,2026-02-02,Scientists are investigating the reasons some plants still wear last season’s tattered clothes. Warning: This graphic requires JavaScript. Please enable JavaScript for the best experience. Not all trees drop their leaves in the fall....,https://www.washingtonpost.com/wp-apps/imrs.php?src=https://arc-anglerfish-washpost-prod-washpost.s3.amazonaws.com/public/YTCJQC2FEZF5XBLWELFKPYEZIU.jpg&w=1200,United States,Entertainment
What South Carolina’s soaring measles outbreak means for the rest of the U.S.,The Washington Post,https://www.washingtonpost.com/health/2026/01/31/south-carolina-measles,2026-01-31,"South Carolina is battling the country’s largest measles outbreak since the disease was eliminated from the United States more than a quarter-century ago, with more than 840 cases overwhelmingly in unvaccinated children and adults....",https://www.washingtonpost.com/wp-apps/imrs.php?src=https://arc-anglerfish-washpost-prod-washpost.s3.amazonaws.com/public/3LDBPAVYOSH55TRAN6U2UNVQNQ.jpg&w=1440,United States,Health
D.C. went three weeks in 2026 without a homicide as violent crime drops,The Washington Post,https://www.washingtonpost.com/dc-md-va/2026/02/01/crime-dc-homicides-january,2026-02-01,"D.C. went three weeks in 2026 without a homicide as violent crime drops The president, police chief and D.C. Council members all say they played a role in reducing crime in the city. The reversal is in line with national trends. February 1, 2026 at 5:00 a.m. EST Today at 5:00 a.m. EST",https://www.washingtonpost.com/wp-apps/imrs.php?src=https://arc-anglerfish-washpost-prod-washpost.s3.amazonaws.com/public/3HNAHD2MIVGKHHMHD4NBO6XA7E.jpg&w=1440,United States,Crime
To Xfinity and beyond: Purdue hands Maryland worst loss ever in arena,The Washington Post,https://www.washingtonpost.com/sports/2026/02/01/maryland-purdue-xfinity-center-loss,2026-02-01,"The Maryland men’s basketball team welcomed a one-week break between games before Sunday’s daunting assignment against 12th-ranked Purdue. But that rest and additional rehabilitation for ailing players didn’t provide much of a reset in another lopsided loss, 93-63, at Xfinity Center.",https://www.washingtonpost.com/wp-apps/imrs.php?src=https://arc-anglerfish-washpost-prod-washpost.s3.amazonaws.com/public/IK2BPJQEHUODHV5PQKASM7LFC4_size-normalized.jpg&w=1440,United States,Business
Asking Eric: Friend wants to ditch friend’s boorish husband,The Washington Post,https://www.washingtonpost.com/advice/2026/02/02/asking-eric-friend-boorish-husband,2026-02-02,"Dear Eric: I’ve been good friends with a woman for about five years now; we live abroad. However, I am not and never have been a huge fan of her new husband. He talks over people or one-ups any statement and simply doesn’t listen. He can’t do turn-taking in conversation....",https://www.washingtonpost.com/wp-apps/imrs.php?src=https://arc-anglerfish-washpost-prod-washpost.s3.amazonaws.com/public/5MQ3UZKPPNC47EOER4GGCXUB7U.jpg&w=1440,United States,Entertainment
Read David Ignatius's Ukraine live chat - The Washington Post,The Washington Post,https://www.washingtonpost.com/opinions/2026/01/26/david-ignatius-ukraine-live-chat,2026-01-26,Why hasn’t the Supreme Court ruled on Trump’s tariffs? I answered your questions. David’s live chat with readers started at 12 p.m. ET on Monday. Read the transcript.,https://www.washingtonpost.com/wp-apps/imrs.php?src=https://arc-anglerfish-washpost-prod-washpost.s3.amazonaws.com/public/VUZKUKUX6NDVDMDTT4BL6LXHJU.png&w=1440,United States,Politics
"‘Melania,’ panned by some film critics, opens with strong ticket sales for a documentary",The Washington Post,https://www.washingtonpost.com/national/2026/02/01/box-office-melania-trump-send-help/97ad9fb2-ff8f-11f0-ad9f-6f689ec6b060_story.html,2026-02-01,"Promoted by President Donald Trump as “a must watch,” the Melania Trump documentary “Melania” debuted with a better-than-expected $7 million in ticket sales, according to studio estimates Sunday.",https://www.washingtonpost.com/wp-apps/imrs.php?src=https://arc-anglerfish-washpost-prod-washpost.s3.amazonaws.com/public/SDXWVVH7R4I7BLM7N5UJ5RVQMA_size-normalized.jpg&w=1440,United States,Politics
"Bad Bunny, Kendrick Lamar, Billie Eilish win top prizes at the Grammys",The Washington Post,https://www.washingtonpost.com/entertainment/music/2026/02/01/grammys-live,2026-02-01,"“Debí Tirar Más Fotos” by Bad Bunny won album of the year at the Grammys, while “Luther” by Kendrick Lamar with SZA won record of the year, “Wildflower” by Billie Eilish and Finneas O’Connell took song of the year and Olivia Dean earned best new artist. See below for our recap of the night.",https://www.washingtonpost.com/wp-apps/imrs.php?src=https://arc-anglerfish-washpost-prod-washpost.s3.amazonaws.com/public/44LW7DGNPJQ2WQI5ZVGOVZJ3JM.jpg&w=1440,United States,Entertainment
Trump says Venezuela safe for Americans; State Dept. warns against travel,The Washington Post,https://www.washingtonpost.com/world/2026/01/30/trump-reopens-venezuela-airspace,2026-01-30,"President Donald Trump says he’s reopening “all commercial airspace over Venezuela,” two months after he warned carriers away amid a U.S. military buildup against the South American nation. U.S. forces captured Venezuelan President Nicolás Maduro on Jan. 3....",https://www.washingtonpost.com/wp-apps/imrs.php?src=https://arc-anglerfish-washpost-prod-washpost.s3.amazonaws.com/public/GAUIAUKAKLNLHOBIUNHXDVDDAU.jpg&w=1440,United States,Politics
"Chicken, bacon and ranch Tater Tots are superior party spuds",The Washington Post,https://www.washingtonpost.com/food/2026/02/01/tater-tot-history-totchos,2026-02-01,What’s your favorite form of potato? There’s the simplicity of baked (or air fried) whole spuds. I love the salty crunch of chips of all sorts. The buttery comfort of mashed potatoes is hard to resist....,https://www.washingtonpost.com/wp-apps/imrs.php?src=https://arc-anglerfish-washpost-prod-washpost.s3.amazonaws.com/public/CKFMZGZZMYZX4577L6XIC6YFYQ.jpg&w=1440,United States,Politics
Watch highlights from the 2026 Grammy Awards in under 4 minutes,NBC News,https://www.nbcnews.com/video/watch-highlights-from-the-2026-grammy-awards-in-under-4-minutes-256987717703,2026-02-02,"Watch highlights from the 68th Grammy Awards, hosted by comedian Trevor Noah in his sixth and final year. Kendrick Lamar set a new record as the most-awarded hip-hop artist in Grammy history. Several artists, including Bad Bunny, Billie Eilish, and Olivia Dean, addressed the U.S....","https://media-cldnry.s-nbcnews.com/image/upload/t_nbcnews-fp-1200-630,f_auto,q_auto:best/mpx/2704722219/2026_02/Grammy-2026-7mbkpc.jpg",United States,Entertainment
Kendrick Lamar becomes most awarded hip-hop artist in Grammy history,NBC News,https://www.nbcnews.com/video/kendrick-lamar-becomes-most-awarded-hip-hop-artist-in-grammy-history-256984133644,2026-02-02,"Kendrick Lamar becomes most awarded hip-hop artist in Grammy history Kendrick Lamar won best rap album for GNX at the 68th annual Grammy Awards. Lamar broke the record for most-awarded hip-hop artist in Grammy history, surpassing Jay Z’s previous record of 25 awards.Feb. 2, 2026","https://media-cldnry.s-nbcnews.com/image/upload/t_nbcnews-fp-1200-630,f_auto,q_auto:best/mpx/2704722219/2026_02/kendrick_site_thumb-2ludrc.jpg",United States,Entertainment
Bad Bunny calls for ‘ICE OUT’ during Grammys,NBC News,https://www.nbcnews.com/video/bad-bunny-calls-out-ice-during-grammys-256986693645,2026-02-02,"Bad Bunny called out ICE during his acceptance speech after winning best música urbana album for ""Debí Tirar Más Fotos.” He joined dozens of artists at the Grammys in criticizing immigration operations across the country.Feb. 2, 2026","https://media-cldnry.s-nbcnews.com/image/upload/t_nbcnews-fp-1200-630,f_auto,q_auto:best/mpx/2704722219/2026_02/badbunnysitethumbnail-omgp4c.jpg",United States,Entertainment
'We don't want them here': Italians in Milan protest ICE's role in Winter Olympics,NBC News,https://www.nbcnews.com/video/italians-in-milan-protest-against-ice-s-role-in-winter-olympics-256955461979,2026-02-02,"'We don't want them here': Italians in Milan protest ICE's role in Winter Olympics The Department of Homeland Security said that Homeland Security Investigations, a unit of ICE, will be in Italy for the 2026 Milan-Cortina Winter Olympics to support U.S. diplomatic security....","https://media-cldnry.s-nbcnews.com/image/upload/t_nbcnews-fp-1200-630,f_auto,q_auto:best/mpx/2704722219/2026_01/f_pkg_claudio_ice_260131-xtz2uv.jpg",United States,Sports
"Grammys 2026 highlights: Kendrick Lamar breaks record; Bad Bunny, Lady Gaga, Billie Eilish, SZA get wins",NBC News,https://www.nbcnews.com/pop-culture/awards/live-blog/grammys-2026-winners-red-carpet-watch-live-updates-rcna256262,2026-02-02,"Bon Iver has a special accessory on his lapel tonight: a bright-orange whistle. ""It's to honor the observers in Minneapolis,"" he explained on the red carpet. Observers blow their whistles when they see ICE agents coming, he explained, noting that they have been doing their work for weeks in subzero...","https://media-cldnry.s-nbcnews.com/image/upload/t_nbcnews-fp-1200-630,f_auto,q_auto:best/rockcms/2024-02/240202-trevor-noah-hosting-grammy-trophy-wm-1135a-b8daae.jpg",United States,Entertainment
"2026 NBA All-Star Game reserves: Anthony Edwards, Donovan Mitchell in, who got snubbed?",NBC News,https://www.nbcsports.com/nba/news/2026-nba-all-star-game-reserves-live-updates-official-announcement-snubs-usa-vs-world?cid=nbcnews,2026-02-01,"The coaches have made the hard choices — and there were a couple of surprises. The fans have had their say for the NBA All-Star Game starters, and while a player might get “snubbed” there — as Minnesota’s Anthony Edwards felt he was after losing on a tiebreaker to Victor Wembanyama — he is still...",https://nbcsports.brightspotcdn.com/dims4/default/709a3ab/2147483647/strip/true/crop/6441x3623+0+335/resize/1440x810!/quality/90/?url=https%3A%2F%2Fnbc-sports-production-nbc-sports.s3.us-east-1.amazonaws.com%2Fbrightspot%2Fe1%2F4b%2Ff1e3f0c840c98d5027ea0fdcb10c%2Fhttps-delivery-gettyimages.com%2Fdownloads%2F2258171630,United States,Entertainment
Clark: WNBA has to 'keep meeting the moment',NBC News,https://www.nbcsports.com/watch/wnba/caitlin-clark-is-confident-in-wnba-bargaining-agreement-negotiations?cid=nbcnews,2026-02-02,Clark: WNBA has to 'keep meeting the moment' Caitlin Clark shares why the WNBA's bargaining agreement is a big moment for all of women's sports and the confidence she has in a deal getting done.,https://nbcsports.brightspotcdn.com/dims4/default/cd5e612/2147483647/strip/true/crop/1920x1080+0+0/resize/1440x810!/quality/90/?url=https%3A%2F%2Fhdliveextra-a.akamaihd.net%2FHD%2Fimage_sports%2FNBCU_Sports_Group_-_nbcsports%2F82%2F259%2Fnbc_nba_wnbatalk_260201.jpg,United States,Business
Clark shares admiration for Luka's game,NBC News,https://www.nbcsports.com/watch/nba/caitlin-clark-shares-admiration-for-how-luka-doncic-plays-his-game?cid=nbcnews,2026-02-02,Clark shares admiration for Luka's game Caitlin Clark shares her admiration for how Luka Doncic can both score and facilitate his teammates while Carmelo Anthony and Reggie Miller share who Clark reminds them...,https://nbcsports.brightspotcdn.com/dims4/default/675a495/2147483647/strip/true/crop/1920x1080+0+0/resize/1440x810!/quality/90/?url=https%3A%2F%2Fhdliveextra-a.akamaihd.net%2FHD%2Fimage_sports%2FNBCU_Sports_Group_-_nbcsports%2F81%2F283%2Fnbc_nba_clarkadmiration_260201.jpg,United States,Business
Spurs fight back in four-goal thriller with City,NBC News,https://www.nbcsports.com/watch/soccer/premier-league/spurs-took-the-game-to-man-city-in-four-goal-thriller?cid=nbcnews,2026-02-02,"Spurs fight back in four-goal thriller with City Jon Champion, Lee Dixon, and Graeme Le Saux share their takeaways from an entertaining contest at the Tottenham Hotspur Stadium between Spurs and Manchester City.",https://nbcsports.brightspotcdn.com/dims4/default/db2a8bd/2147483647/strip/true/crop/1920x1080+0+0/resize/1440x810!/quality/90/?url=https%3A%2F%2Fhdliveextra-a.akamaihd.net%2FHD%2Fimage_sports%2FNBCU_Sports_Group_-_nbcsports%2F63%2F715%2Fnbc_pl_totmcpostgame_260201.jpg,United States,Entertainment
An inside look at the Winter Olympics opening ceremony rehearsals,NBC News,https://www.nbcnews.com/video/an-inside-look-at-the-winter-olympics-opening-ceremony-rehearsals-256889413937,2026-02-02,"An inside look at the Winter Olympics opening ceremony rehearsals Ahead of the 2026 Winter Olympics, NBC News' Claudio Lavanga got an inside look at the opening ceremony rehearsals and spoke to the performers behind the scenes.Jan. 30, 2026","https://media-cldnry.s-nbcnews.com/image/upload/t_nbcnews-fp-1200-630,f_auto,q_auto:best/mpx/2704722219/2026_01/1769782172602_et_brk_olympics_opening_preview_260130_1920x1080-j132va.jpg",United States,Sports
An inside look at the historic site of the Olympics closing ceremony,NBC News,https://www.nbcnews.com/now/video/an-inside-look-at-the-historic-site-of-the-olympics-closing-ceremony-256105029650,2026-02-02,"The closing ceremony for the Winter Olympics will take place in one of the most iconic and historic buildings in the world: the Arena in Verona, Italy. NBC News' Claudio Lavanga reports on how Team USA athletes are paying tribute to their love of sports.Jan. 16, 2026","https://media-cldnry.s-nbcnews.com/image/upload/t_nbcnews-fp-1200-630,f_auto,q_auto:best/mpx/2704722219/2026_01/1768588516259_now_daily_a_olympics_closings_260116_1920x1080-vhddmf.jpg",United States,Sports
Members of U.S. Olympic hockey teams share their stories of making the roster,NBC News,https://www.nbcnews.com/now/video/members-of-u-s-olympic-hockey-teams-share-their-stories-of-making-the-roster-255308869780,2026-02-02,"Two players named to the U.S. Olympic women's and sled hockey teams, Laila Edwards and Declan Farmer, sat down with NBC News' Kate Snow to talk about how they found out they made the roster and what they are looking forward to for the Milan Cortina Games.Jan. 2, 2026","https://media-cldnry.s-nbcnews.com/image/upload/t_nbcnews-fp-1200-630,f_auto,q_auto:best/mpx/2704722219/2026_01/1767385771029_now_daily_a_hockey_roster_intv_260102_1920x1080-opjokt.jpg",United States,Sports
Snowboarding gold medalist Nick Baumgartner talks competing in his fifth Olympics,NBC News,https://www.nbcnews.com/now/video/snowboarding-gold-medalist-nick-baumgartner-talks-competing-in-his-fifth-olympics-250925125963,2026-02-02,"Nick Baumgartner, who won a gold medal in the 2022 Olympic Games in the snowboard cross event, talks with NBC News Now about trying to keep resilient after facing disappointment and how he feels entering his fifth Games as a 43-year-old.Oct. 29, 2025","https://media-cldnry.s-nbcnews.com/image/upload/t_nbcnews-fp-1200-630,f_auto,q_auto:best/mpx/2704722219/2025_10/1761764749815_now_daily_b_baumgartner_milan_251029_1920x1080-ffpnoz.jpg",United States,Health
"On Monday, Roger Goodell could get another awkward question about hiring practices",NBC News,https://www.nbcsports.com/nfl/profootballtalk/rumor-mill/news/on-monday-roger-goodell-could-get-another-awkward-question-about-hiring-practices?cid=nbcnews,2026-02-02,"Any NFL Network (or, as of Saturday, ESPN) employees who are brainstorming questions for Commissioner Roger Goodell’s annual Super Bowl press conference on Monday should probably tread lightly, when it comes to one specific topic....",https://nbcsports.brightspotcdn.com/dims4/default/8a2b1e0/2147483647/strip/true/crop/2805x1578+0+177/resize/1440x810!/quality/90/?url=https%3A%2F%2Fnbc-sports-production-nbc-sports.s3.us-east-1.amazonaws.com%2Fbrightspot%2Fb1%2Fdd%2F9e86b3124706904905daf851cb6c%2Fhttps-api-imagn.com%2Frest%2Fdownload%2FimageID%3D27882521,United States,Business
Bills hire Bobby April III as their outside linebackers coach,NBC News,https://www.nbcsports.com/nfl/profootballtalk/rumor-mill/news/bills-hire-bobby-april-iii-as-their-outside-linebackers-coach?cid=nbcnews,2026-02-02,"The Bills are hiring Bobby April III as their new outside linebackers coach, Ian Rapoport of NFL Media reports. April was Stanford’s defensive coordinator the past three seasons but recently accepted a job with the University of Minnesota to coach the rush ends....",https://nbcsports.brightspotcdn.com/dims4/default/29ba901/2147483647/strip/true/crop/4319x2429+0+0/resize/1440x810!/quality/90/?url=https%3A%2F%2Fnbc-sports-production-nbc-sports.s3.us-east-1.amazonaws.com%2Fbrightspot%2F0b%2Fdd%2F23d2100b413db7414461ab22ad5a%2Fhttps-api-imagn.com%2Frest%2Fdownload%2FimageID%3D27030731,United States,Business
"NFL, State Department launch partnership tied to international growth",NBC News,https://www.nbcsports.com/nfl/profootballtalk/rumor-mill/news/nfl-state-department-launch-partnership-tied-to-international-growth?cid=nbcnews,2026-02-02,"Sometimes, coincidences happen. Sometimes, they don’t. On the same weekend the federal government granted regulatory approval to the NFL-ESPN mega media merger that will see the league acquire 10-percent ownership of ESPN, the NFL signed a unique “memorandum of understanding” with the U.S....",https://nbcsports.brightspotcdn.com/dims4/default/2ee5509/2147483647/strip/true/crop/8476x4768+0+442/resize/1440x810!/quality/90/?url=https%3A%2F%2Fnbc-sports-production-nbc-sports.s3.us-east-1.amazonaws.com%2Fbrightspot%2F77%2Fec%2F8034ae0b452f8d02f495d2b843f1%2Fhttps-delivery-gettyimages.com%2Fdownloads%2F2251240772,United States,Politics
Report: Jordon Hudson plans “huge bash” for Bill Belichick on Hall of Fame enshrinement day,NBC News,https://www.nbcsports.com/nfl/profootballtalk/rumor-mill/news/report-jordon-hudson-plans-huge-bash-for-bill-belichick-on-hall-of-fame-enshrinement-day?cid=nbcnews,2026-02-01,"In the days since someone leaked that Bill Belichick had been snubbed in his first year of Hall of Fame eligibility, the North Carolina coach has enjoyed an unexpected and significant amount of sympathy and goodwill. So why not burn some of it?...",https://nbcsports.brightspotcdn.com/dims4/default/21a1c9b/2147483647/strip/true/crop/3952x2223+0+541/resize/1440x810!/quality/90/?url=https%3A%2F%2Fnbc-sports-production-nbc-sports.s3.us-east-1.amazonaws.com%2Fbrightspot%2F18%2Fb4%2F37d7a2924688bf9c0e8d0cba33fd%2Fhttps-delivery-gettyimages.com%2Fdownloads%2F2234680232,United States,Entertainment
Report: NFL fined Seahawks $5 million for non-compliance with ownership requirements,NBC News,https://www.nbcsports.com/nfl/profootballtalk/rumor-mill/news/report-nfl-fined-seahawks-5-million-for-non-compliance-with-ownership-requirements?cid=nbcnews,2026-02-01,Jody Allen is taking too long to sell the Seahawks. That’s the apparent opinion of the NFL. And it has resulted in a significant financial penalty. Andrew Beaton of the Wall Street Journal reports that the league has fined the Seahawks $5 million in 2025 for failure to comply with ownership...,https://nbcsports.brightspotcdn.com/dims4/default/843f83d/2147483647/strip/true/crop/5818x3273+0+364/resize/1440x810!/quality/90/?url=https%3A%2F%2Fnbc-sports-production-nbc-sports.s3.us-east-1.amazonaws.com%2Fbrightspot%2F22%2Fd7%2F1ed51922421181cf49b93ffba2f8%2Fhttps-delivery-gettyimages.com%2Fdownloads%2F2258212267,United States,Business
Speaker Johnson: ‘I do not’ have questions about Trump’s relationship with Epstein,NBC News,https://www.nbcnews.com/meet-the-press/video/speaker-johnson-i-do-not-have-questions-about-trump-s-relationship-with-epstein-256972357752,2026-02-02,"Speaker of the House Mike Johnson (R-La.) tells Meet the Press he does not have any additional questions about President Trump’s relationship with Jeffrey Epstein after the president’s name appeared multiple times in newly released documents.Feb. 1, 2026","https://media-cldnry.s-nbcnews.com/image/upload/t_nbcnews-fp-1200-630,f_auto,q_auto:best/mpx/2704722219/2026_02/1769954400336_mtp_clip_johnsonepstein_260201_1920x1080-rdtudx.jpg",United States,Politics
Ro Khanna says he’s a ‘firm no’ on reopening the government amid DHS funding fight,NBC News,https://www.nbcnews.com/meet-the-press/video/ro-khanna-says-he-s-a-firm-no-on-reopening-the-government-amid-dhs-funding-fight-256971333800,2026-02-02,"Ahead of a House vote that could reopen the government after a partial shutdown, Rep. Ro Khanna (D-Calif.) tells Meet the Press he cannot understand how his Democratic colleagues “in good conscience” can vote for additional funding for the Department of Homeland Security.Feb. 1, 2026","https://media-cldnry.s-nbcnews.com/image/upload/t_nbcnews-fp-1200-630,f_auto,q_auto:best/mpx/2704722219/2026_02/1769954400321_mtp_clip_khannashutdown_260201_1920x1080-r0nmus.jpg",United States,Politics
New technology helps paralyzed patients move,NBC News,https://www.nbcnews.com/video/new-technology-helps-paralyzed-patients-move-253115461646,2026-02-02,"A new technology developed by a group of scientists at Northwell Health has allowed patients suffering from paralysis to move limbs with the help of neural implants. The chips allow for a brain-computer interface which relinks the patient's brain, body and spinal cord....","https://media-cldnry.s-nbcnews.com/image/upload/t_nbcnews-fp-1200-630,f_auto,q_auto:best/mpx/2704722219/2025_11/1764203299350_now_hallie_science_paralyzed_technology_251126_1920x1080-mjk6e9.jpg",United States,Health
"Asia News: Breaking News and Analysis on Asia Politics, Business & More",NBC News,https://www.nbcnews.com/news/asia,2026-02-02,"Scam parks have become an industrial-scale business in Southeast Asia, especially Myanmar, Cambodia and Laos, where a mix of trafficked and willing labor has carried out digital scams on victims around the world.","https://media-cldnry.s-nbcnews.com/image/upload/t_nbcnews-fp-1200-630,f_auto,q_auto:best/newsgroup-logos/nbcnews/og-logo/secondary-1200x630.png",United States,Crime
"Crimes & Court News: Murders, Missing Persons, Live Updates on Trials & More",NBC News,https://www.nbcnews.com/news/crime-courts,2026-02-02,It's the third time in less than a year that Mexico has sent detained cartel members to the U.S. as the country tries to offset mounting threats by President Donald Trump.,"https://media-cldnry.s-nbcnews.com/image/upload/t_nbcnews-fp-1200-630,f_auto,q_auto:best/newsgroup-logos/nbcnews/og-logo/secondary-1200x630.png",United States,Politics
Partial government shutdown begins after Senate approves spending package,NBC News,https://www.nbcnews.com/now/video/partial-government-shutdown-begins-after-senate-approves-spending-package-256941125899,2026-02-02,"Most of the U.S. government shut down starting at midnight but the closure is expected to be brief. The Senate passed legislation to fund the government but it needs the House vote to go into effect. The House is expected to vote on Monday. NBC News’ Ryan Nobles explains.Jan. 31, 2026","https://media-cldnry.s-nbcnews.com/image/upload/t_nbcnews-fp-1200-630,f_auto,q_auto:best/mpx/2704722219/2026_01/1769837441185_now_brk_government_shutdown_260130_1920x1080-s43zb7.jpg",United States,Politics
U.S. and National News,USA Today,https://www.usatoday.com/news/nation,2026-02-02,Can Meta be held liable for addictive algorithms? | The Excerpt Can Meta be held liable for addictive algorithms? ICE halts 'all movement' at Texas detention center due to measles,https://www.usatoday.com/tangstatic/sites/usat/og-image-q1a2z3fb72acfa.png,United States,Technology
USA TODAY Investigations: Digging deeper for the stories that matter,USA Today,https://www.usatoday.com/news/investigations,2026-02-02,"Cash vanished from charity raffles at NHL, NBA games A $2B NHL team seized control of youth hockey. Parents are fed up.",https://www.usatoday.com/tangstatic/sites/usat/og-image-q1a2z3fb72acfa.png,United States,Sports
It's going to get cold in Atlanta amid snow storm. See the forecasts,USA Today,https://www.usatoday.com/story/news/2026/01/30/winter-storm-and-extreme-cold-weather-heading-for-atlanta-this-weekend/88429203007,2026-01-30,"There is still ice on the ground in parts of North Georgia as the state prepares for another winter storm this weekend. Forecasts predict freezing temperatures and snow for much of northeast Georgia, including the Atlanta metro area....","https://www.usatoday.com/gcdn/authoring/authoring-images/2025/01/22/USAT/77881430007-20250122-t-032732-z-1061905478-rc-2-lecaml-93-c-rtrmadp-3-usaweather.JPG?crop=6915,3892,x0,y124&width=3200&height=1802&format=pjpg&auto=webp",United States,Politics
"Want to protect yourself from inflation? Just buy gold, GA bill says",USA Today,https://www.usatoday.com/story/news/2026/01/30/georgia-bill-proposes-gold-as-legal-currency-heres-what-that-means/88415298007,2026-01-30,"For thousands of years, humans have been entranced by gold. From the Spanish Conquistadors looking for El Dorado to the tombs of Egypt's ancient pharaohs, gold has been a symbol of power, status and wealth. It has also maintained its value. When the U.S....","https://www.usatoday.com/gcdn/authoring/authoring-images/2026/01/16/USAT/88218286007-gold.jpg?crop=1319,742,x0,y0&width=1319&height=742&format=pjpg&auto=webp",United States,Politics
FBI raids election hub in Georgia. Here's how lawmakers responded,USA Today,https://www.usatoday.com/story/news/2026/01/29/how-did-lawmakers-respond-to-fbi-raid-of-georgia-election-hub/88413203007,2026-01-29,"Federal investigators raided an elections facility on the south side of Atlanta on Wednesday for materials related to the 2020 election. The raid comes after the Department of Justice sued the County Clerk of Courts for election materials, which was met with a motion to dismiss at the beginning of...","https://www.usatoday.com/gcdn/authoring/authoring-images/2026/01/29/USAT/88405648007-20260128-t-235550-z-535748680-rc-2-majaw-6-nmc-rtrmadp-3-usaelectionfbi.JPG?crop=5497,3093,x0,y322&width=3200&height=1801&format=pjpg&auto=webp",United States,Politics
Could Atlanta see snow this weekend? Second winter storm on the move,USA Today,https://www.usatoday.com/story/news/2026/01/29/north-georgia-could-see-snow-this-weekend-as-ice-still-on-the-ground/88411549007,2026-01-29,"North Georgia was blanketed by ice last week as a winter storm brought freezing rain, sleet and snow to nearly half the country. Areas around Gainesville had an inch of ice buildup, while metro Atlanta saw about 0.1 inch....","https://www.usatoday.com/gcdn/authoring/authoring-images/2026/01/29/USAT/88411666007-snowfall.png?crop=789,443,x0,y0&width=789&height=443&format=pjpg&auto=webp",United States,Politics
Are ICE raids happening in Atlanta? What we know about ICE presence,USA Today,https://www.usatoday.com/story/news/2026/01/28/what-is-the-ice-presence-like-in-atlanta-what-we-already-know/88397064007,2026-01-28,Transparency note: Jon Ossoff's statement was updated to clarify that he would not vote on the funding bill until 'civil liberty protections' were provided for citizens against ICE....,"https://www.usatoday.com/gcdn/authoring/authoring-images/2026/01/16/USAT/88218165007-20260116-t-182051-z-2090562343-rc-2-h-2-jamyl-5-g-rtrmadp-3-usatrumpminnesota.JPG?crop=7135,4015,x0,y372&width=3200&height=1801&format=pjpg&auto=webp",United States,Politics
Trump Mountain? Georgia lawmaker proposes renaming Forsyth County site,USA Today,https://www.usatoday.com/story/news/2026/01/28/ga-lawmaker-proposes-renamed-forsyth-county-mountain-after-trump/88393349007,2026-01-28,"President Donald Trump could soon share a name with a Georgia landmark after a state lawmaker proposed renaming a mountain after him. David Clark, a state representative from Buford, Georgia, called Trump ""one of the most transformative presidents in our nation's history,"" in a Jan. 27 post on X....","https://www.usatoday.com/gcdn/authoring/authoring-images/2024/08/09/USAT/74744948007-20240808-t-203439-z-1703746355-rc-2-n-89-a-9-vfqr-rtrmadp-3-usaelection.JPG?crop=3301,1857,x0,y172&width=3200&height=1801&format=pjpg&auto=webp",United States,Politics
Here's how Georgia politicians have responded to Alex Pretti's killing,USA Today,https://www.usatoday.com/story/news/2026/01/27/this-is-what-georgia-politicians-had-to-saw-about-the-ice-killing/88378966007,2026-01-27,"The killing of a second American citizen by immigration enforcement agents in Minneapolis over the weekend has sparked a resurgence in national protests, school walk-outs and statements from elected officials....","https://www.usatoday.com/gcdn/authoring/authoring-images/2026/01/26/USAT/88364573007-20260126-vpc-trevor-hughes-at-alex-pretti-shooting-scene-thumb-00-00-00-00-still-004.jpg?crop=1919,1079,x0,y0&width=1919&height=1079&format=pjpg&auto=webp",United States,Politics
"Augusta native Quinton Aaron, of 'The Blind Side,' hospitalized in ATL",USA Today,https://www.usatoday.com/story/news/2026/01/27/actor-known-for-the-blind-side-quinton-aaron-hospitalized-in-ga/88375907007,2026-01-27,"Quinton Aaron, an Augusta, Georgia native and actor known for his role as Michael Oher in ""The Blind Side"" alongside Sandra Bullock, has been hospitalized in Atlanta. The actor collapsed in his home, TMZ first reported, and has been hospitalized for the past five days....","https://www.usatoday.com/gcdn/authoring/authoring-images/2026/01/27/USAT/88377966007-quinton-aaron.png?crop=708,399,x0,y42&width=708&height=399&format=pjpg&auto=webp",United States,Entertainment
Frigid temperatures keep North Georgia frozen. See this week's forecast,USA Today,https://www.usatoday.com/story/news/2026/01/27/freezing-temperatures-across-georgia-keeps-ice-on-the-ground-this-week/88375285007,2026-01-27,"A winter storm brought freezing rain and ice to North Georgia over the weekend, with areas like Gainesville getting an inch of ice accumulation. The streets and trees of the Atlanta metro area had a thin coating of ice as well, and while some of it melted Sunday afternoon, other parts are stuck in...","https://www.usatoday.com/gcdn/authoring/authoring-images/2026/01/25/USAT/88349430007-dsc-8239.JPG?crop=4927,2772,x0,y328&width=3200&height=1801&format=pjpg&auto=webp",United States,Politics
Why Mercedes-Benz Stadium ranks among most dangerous World Cup venues,USA Today,https://www.usatoday.com/story/news/2026/01/27/mercedes-benz-stadium-see-crime-rates-in-atlanta-before-world-cup-2026/88359069007,2026-01-27,"As fans across the country gear up for the 2026 FIFA World Cup, safety concerns are rising alongside excitement. More than 500 million ticket requests were submitted during the 33-day Random Selection Draw, breaking all previous sports records....","https://www.usatoday.com/gcdn/authoring/authoring-images/2025/12/23/USAT/87899332007-getty-images-2250186867.jpg?crop=1023,576,x0,y53&width=1023&height=576&format=pjpg&auto=webp",United States,Entertainment
DHS confirms measles cases at Texas immigration detention center,USA Today,https://www.usatoday.com/story/news/nation/2026/02/01/measles-cases-texas-immigration-detention-center/88469118007,2026-02-01,"U.S. Immigration and Customs Enforcement has ceased ""all movement"" at a detention center for families in Texas after two measles cases were confirmed at the facility, the Department of Homeland Security said....","https://www.usatoday.com/gcdn/authoring/authoring-images/2026/01/18/USAT/88243747007-usatsi-13788344.jpg?crop=5471,3079,x0,y284&width=3200&height=1801&format=pjpg&auto=webp",United States,Crime
"'Melania,' slammed by critics, makes history. What could it mean?",USA Today,https://www.usatoday.com/story/news/politics/2026/02/01/melania-trump-movie-box-office/88464220007,2026-02-01,"Critics called ""Melania,"" the opulent and controversial documentary from Hollywood pariah Brett Ratner, an ""elaborate piece of designer taxidermy, horribly overpriced and ice-cold."" The Atlantic said that ""Ratner seems desperate to find action, but there is none"" in his quest to chronicle first...","https://www.usatoday.com/gcdn/authoring/authoring-images/2026/02/01/USAT/88465122007-2259143070.jpg?crop=5206,2929,x0,y900&width=3200&height=1801&format=pjpg&auto=webp",United States,Entertainment
"Grammys most memorable moments, from Bad Bunny to naked dresses",USA Today,https://www.usatoday.com/story/entertainment/music/2026/02/01/grammy-awards-highlights-2026/88301617007,2026-02-01,"Sabrina Carpenter rocked a flight attendant suit and hot pants, Justin Bieber kicked it in just boxers and socks, Lady Gaga performed with a large lamp shade on her head, and Chappell Roan showed up in barely anything....","https://www.usatoday.com/gcdn/authoring/authoring-images/2026/02/02/USAT/88470159007-grammys-2026-98.jpg?crop=4999,2812,x0,y0&width=3200&height=1801&format=pjpg&auto=webp",United States,Entertainment
"5-year-old boy detained by ICE released, back in MN after judge's order",USA Today,https://www.usatoday.com/story/news/nation/2026/02/01/liam-ramos-minnesota-ice-trump/88463232007,2026-02-01,"Liam Conejo Ramos, the 5-year-old boy who became one of the symbols of the Trump administration's immigration raids in Minnesota, has been released from a Texas detention facility, where he was held for over a week with his father. “Liam is now home. With his hat and his backpack....","https://www.usatoday.com/gcdn/authoring/authoring-images/2026/02/01/USAT/88463663007-20260201-t-172257-z-1429033740-rc-25-dja-6-f-9-jg-rtrmadp-3-usatrumpminnesotachildren.JPG?crop=1550,873,x0,y207&width=1550&height=873&format=pjpg&auto=webp",United States,Politics
Grammys performers and surprises – Best photos from Music's Biggest Night,USA Today,https://www.usatoday.com/picture-gallery/entertainment/music/2026/02/01/grammys-2026-winners-performers-photos/88368927007,2026-02-01,"MUSIC Grammy Awards Add Topic Grammys performers and surprises – Best photos from Music's Biggest Night Feb. 1, 2026 Updated Feb. 2, 2026, 12:41 a.m. ET Music's biggest night has come and gone....","https://www.usatoday.com/gcdn/authoring/authoring-images/2026/02/02/USAT/88468527007-grammys-2026-premiere-42.jpg?crop=4994,2811,x3,y83&width=3200&height=1802&format=pjpg&auto=webp",United States,Entertainment
NFL set to enter 2026 season with only three Black head coaches,USA Today,https://www.usatoday.com/story/sports/nfl/2026/02/01/nfl-teams-hire-no-black-head-coaches-2026/88466294007,2026-02-01,"The number of Black head coaches in the NFL is decreasing in 2026. During this year's hiring cycle, the Arizona Cardinals, Atlanta Falcons, Buffalo Bills, Baltimore Ravens, Cleveland Browns, Las Vegas Raiders, Miami Dolphins, New York Giants, Pittsburgh Steelers and Tennessee Titans all had...","https://www.usatoday.com/gcdn/authoring/authoring-images/2026/02/01/USAT/88466550007-usatsi-27829757.jpg?crop=5332,2999,x0,y500&width=3200&height=1800&format=pjpg&auto=webp",United States,Entertainment
New SNAP work requirements are coming on Feb. 1. What to know,USA Today,https://www.usatoday.com/story/news/nation/2026/01/30/new-snap-work-requirements/88430906007,2026-01-30,"Come Feb. 1, the nearly 42 million low-income Americans on the Supplemental Nutrition Assistance Program, or SNAP, can expect major changes. The United States' largest nutrition assistance program has been a funding flash point for the second Trump administration,...","https://www.usatoday.com/gcdn/authoring/authoring-images/2026/01/30/USAT/88436568007-2244208854-1.jpg?crop=5999,3375,x0,y312&width=3200&height=1801&format=pjpg&auto=webp",United States,Politics
Melania Trump documentary shocks at the box office,USA Today,https://www.usatoday.com/story/entertainment/movies/2026/02/01/melania-trump-documentary-movie-box-office-opening/88417769007,2026-02-01,"""Melania,"" the controversial documentary featuring first lady Melania Trump, surprised at the box office, notching a $7 million opening weekend, according to estimates released Sunday, Feb. 1, by Amazon MGM Studios....","https://www.usatoday.com/gcdn/authoring/authoring-images/2026/01/28/USAT/88398757007-mtru-2026-003-credit-amazon-mgm-studios.jpg?crop=1499,843,x101,y1&width=1499&height=843&format=pjpg&auto=webp",United States,Entertainment
UK prime minister calls on former Prince Andrew to testify on Epstein,USA Today,https://www.usatoday.com/story/news/politics/2026/02/01/keir-starmer-former-prince-andrew-epstein/88461328007,2026-02-01,"The United Kingdom's Prime Minister Keir Starmer called on Andrew Mountbatten Windsor, formerly known as Prince Andrew, to comply with U.S. lawmakers if they request he testify about his relationship to convicted sex offender and accused sex trafficker Jeffrey Epstein....","https://www.usatoday.com/gcdn/authoring/authoring-images/2026/02/01/USAT/88461673007-20260131-t-121010-z-1303349418-rc-2-bcjawvfvk-rtrmadp-3-japanbritain.JPG?crop=5499,3093,x0,y286&width=3200&height=1800&format=pjpg&auto=webp",United States,Politics
Trump border aide allegedly made offensive comments about Jewish official,USA Today,https://www.usatoday.com/story/news/politics/2026/02/01/bovino-minnesota-trump-immgration-jewish-antisemitic/88462862007,2026-02-01,"Border Patrol commander Gregory Bovino, a top aide in President Donald Trump's nationwide immigration enforcement operations, is once again under fire after he allegedly made offensive comments about a Jewish official in Minnesota, the New York Times and CBS News reported....","https://www.usatoday.com/gcdn/authoring/authoring-images/2026/02/01/USAT/88464117007-20260131-t-190717-z-1229859765-rc-22-hhaa-68-cu-rtrmadp-3-usatrumpmigrationchicago.JPG?crop=5420,3049,x0,y0&width=3200&height=1801&format=pjpg&auto=webp",United States,Politics
"Democrat flips Texas Senate seat, will represent district Trump won",USA Today,https://www.usatoday.com/story/news/politics/2026/02/01/democrats-republicans-texas-trump-midterms/88461462007,2026-02-01,"Democrat Taylor Rehmet won a special election for the Texas state Senate on Jan. 31, flipping a district blue that President Donald Trump won by 17 percentage points in the 2024 presidential election against Kamala Harris....","https://www.usatoday.com/gcdn/authoring/authoring-images/2026/02/01/USAT/88462219007-20250919-t-154156-z-1092563262-rc-22-vgabx-7-e-6-rtrmadp-3-usacongressshutdown.JPG?crop=5499,3093,x0,y550&width=3200&height=1800&format=pjpg&auto=webp",United States,Politics
"Northern Arizona University student dies at fraternity 'rush' event, 3 arrested",USA Today,https://www.usatoday.com/story/news/nation/2026/02/01/northern-arizona-university-student-dies-fraternity/88464460007,2026-02-01,"An 18-year-old Northern Arizona University student died after an off-campus ""rush"" event, and three members of the Delta Tau Delta fraternity were arrested on suspicion of hazing, according to Flagstaff police. The name of the student who died was not released by authorities....","https://www.usatoday.com/gcdn/authoring/authoring-images/2026/02/01/USAT/88464524007-usatsi-11739836.jpg?crop=584,328,x0,y0&width=584&height=328&format=pjpg&auto=webp",United States,Crime
Video shows Catherine O'Hara's emotional tribute to Macaulay Culkin,USA Today,https://www.usatoday.com/story/entertainment/celebrities/2026/01/31/catherine-ohara-macaulay-culkin-eugene-levy-walk-of-fame-speech/88448821007,2026-01-31,"Actress Catherine O'Hara, who died Friday, Jan. 30, at the age of 71, left behind an impressive on-screen body of work, whether she was performing in films or for the smaller screen. The award-winning actress also didn't hold back when it came to praising her peers....","https://www.usatoday.com/gcdn/authoring/authoring-images/2026/01/30/USAT/88435412007-1825220478.jpg?crop=3755,2112,x0,y195&width=3200&height=1800&format=pjpg&auto=webp",United States,Health
'SNL' taps Connor Storrie of 'Heated Rivalry' as next host,USA Today,https://www.usatoday.com/story/entertainment/tv/2026/02/01/connor-storrie-snl-heated-rivalry/88462598007,2026-02-01,"Talk about someone ""heating"" up in Hollywood. Connor Storrie, one of the two breakout stars of HBO Max's queer hockey romance ""Heated Rivalry,"" will host the Feb. 28 episode of ""Saturday Night Live,"" NBC announced during the Jan. 31 broadcast. He'll be joined by musical guest Mumford & Sons....","https://www.usatoday.com/gcdn/authoring/authoring-images/2026/01/28/USAT/88404137007-getty-images-2255665234.jpg?crop=2445,1376,x0,y183&width=2445&height=1376&format=pjpg&auto=webp",United States,Entertainment
It's Girl Scout Cookie season! How to snag a box (or two).,USA Today,https://www.usatoday.com/story/money/food/2026/02/01/girl-scout-cookies-2026/88415731007,2026-02-01,"Girl Scout Cookie season is officially here! Girl Scouts of the USA kicked off its cookie season on Jan. 6 with local troops across the country following suit. To celebrate the new year, Girl Scouts has introduced a new cookie to the beloved lineup: Exploremores, a rocky road ice-cream-inspired...","https://www.usatoday.com/gcdn/authoring/authoring-images/2026/01/29/USAT/88416102007-nl-20264.jpeg?crop=609,344,x0,y20&width=609&height=344&format=pjpg&auto=webp",United States,Entertainment
Upgrade your game day wardrobe with 50% off Vera Bradley NFL bags,USA Today,https://www.usatoday.com/story/shopping/2026/01/31/vera-bradley-nfl-collection-tote-crossbody-clear-bag/88436487007,2026-01-31,"Vera Bradley is offering a 50% discount on its NFL collection ahead of the Super Bowl. The sale includes stadium-approved clear bags, totes, and crossbody styles. These accessories allow fans to represent their favorite NFL teams....","https://www.usatoday.com/gcdn/authoring/authoring-images/2026/01/30/USAT/88437942007-vera-bradley-nfl-collection.png?crop=2999,1687,x0,y0&width=2999&height=1687&format=pjpg&auto=webp",United States,Entertainment
"Super Bowl halftime shows, definitively ranked from worst to best",USA Today,https://www.usatoday.com/picture-gallery/entertainment/music/2026/01/28/super-bowl-halftime-show-best-of-all-time/88167484007,2026-01-28,"MUSIC Super Bowl Halftime Show Add Topic Super Bowl halftime shows, definitively ranked from worst to best Jan. 28, 2026 Updated Jan. 30, 2026, 5:04 p.m. ET As the world gears up for Maroon 5 in 2019....","https://www.usatoday.com/gcdn/authoring/authoring-images/2026/01/14/USAT/88168380007-1993-a.jpg?crop=3639,2047,x0,y0&width=3200&height=1801&format=pjpg&auto=webp",United States,Entertainment
Weight-loss drugs draw thousands of lawsuits alleging serious harm,USA Today,https://www.usatoday.com/story/news/nation/2026/01/28/glp-1-weight-loss-drug-lawsuits-side-effects/87611067007,2026-01-28,"A Maryland truck driver suffered an “eye stroke” that left him blind, first in one eye and then the other. A Louisiana woman vomited for weeks before being diagnosed with a brain dysfunction typically caused by a vitamin deficiency....","https://www.usatoday.com/gcdn/authoring/authoring-images/2026/01/27/USAT/88375657007-xxx-usat-1323198-110758-1.JPG?crop=5447,3064,x0,y0&width=3200&height=1801&format=pjpg&auto=webp",United States,Crime
"Catherine O'Hara's award-winning career, from 'SCTV' to 'Schitt's Creek'",USA Today,https://www.usatoday.com/picture-gallery/entertainment/celebrities/2026/01/30/catherine-ohara-death-tv-movies-iconic-roles-photos/88437757007,2026-01-30,"Catherine O'Hara's award-winning career, from 'SCTV' to 'Schitt's Creek' Updated Jan. 30, 2026, 4:13 p.m. ET Catherine O'Hara got her start on the Canadian sketch comedy, ""SCTV"" (short for Second City Television), a critically acclaimed, Emmy Award-winning Canadian sketch comedy show that aired...","https://www.usatoday.com/gcdn/authoring/authoring-images/2026/01/30/USAT/88435680007-19921120-t-000000-z-415397725-mt-1-zuma-000-f-0-nxv-3-rtrmadp-3-zuma.JPG?crop=3059,1721,x0,y151&width=3059&height=1721&format=pjpg&auto=webp",United States,Entertainment
"How to watch the 68th Grammy Awards live tonight, February 1",USA Today,https://www.usatoday.com/story/shopping/2026/02/01/how-to-watch-the-68th-grammy-awards-2026-start-time-streaming/88435718007,2026-02-01,"The 68th Grammy Awards air at 8 p.m. ET on Sunday, Feb. 1 on CBS. Paramount+, Fubo, Hulu + Live TV and more carry CBS. Awards season continues as the 68th Grammy Awards will be held tonight, February 1 and aired on CBS at 8 p.m. ET/5 p.m. PT....","https://www.usatoday.com/gcdn/authoring/authoring-images/2026/01/26/USAT/88360455007-1239723062.jpg?crop=4730,2662,x0,y186&width=3200&height=1801&format=pjpg&auto=webp",United States,Entertainment
We found the best Presidents Day sales 2026 happening now,USA Today,https://www.usatoday.com/story/shopping/2026/01/31/best-presidents-day-sales-2026/88267569007,2026-01-31,"Presidents Day is dubbed as the first big shopping event of the year, and with it fast approaching, it’s the perfect time to finally pull the trigger on those major purchases you've been sitting on. We usually see some pretty unbeatable prices across the board during the long weekend....","https://www.usatoday.com/gcdn/authoring/authoring-images/2026/01/20/USAT/88269257007-presidents-day-2026-sales.jpg?crop=2994,1683,x0,y0&width=2994&height=1683&format=pjpg&auto=webp",United States,Business
Travis Kelce partners with Sleep Number—shop winning Presidents Day deals,USA Today,https://www.usatoday.com/story/shopping/2026/02/01/sleep-number-presidents-day-sale/88419640007,2026-02-01,NFL star Travis Kelce is Sleep Number's new brand ambassador and an investor in the company. Sleep Number has been the Official Sleep + Wellness Partner of the NFL since 2018. The company is currently holding its Presidents Day sale with savings on mattresses and bedding....,"https://www.usatoday.com/gcdn/authoring/authoring-images/2026/01/29/USAT/88420122007-sleepnumberhero.png?crop=1999,1124,x0,y0&width=1999&height=1124&format=pjpg&auto=webp",United States,Entertainment
NBA All-Star reserves winners and losers: Who got snubbed?,USA Today,https://www.usatoday.com/story/sports/nba/2026/02/01/nba-all-star-winners-and-losers-biggest-snubs/88465224007,2026-02-01,"We now know each of the 24 NBA All-Stars. On Sunday, Feb. 1, during an NBC pregame show leading up to the premier of “Sunday Night Basketball,” the NBA revealed the 14 reserves (seven per conference) to round out the rosters for the Eastern and Western Conferences. This came after the NBA on Jan....","https://www.usatoday.com/gcdn/authoring/authoring-images/2026/02/02/USAT/88468484007-usatsi-27953617.jpg?crop=4733,2665,x0,y157&width=3200&height=1802&format=pjpg&auto=webp",United States,Health
Caitlin Clark weighs in on WNBA's ongoing talks to secure new CBA,USA Today,https://www.usatoday.com/story/sports/wnba/2026/02/01/caitlin-clark-weighs-in-on-wnbas-ongoing-talks-to-secure-new-cba/88467754007,2026-02-01,"WNBA All-Star Caitlin Clark made her debut as a basketball analyst on ""Basketball Night in America"" on Sunday, Feb. 1. Clark, who served as a special contributor for the Los Angeles Lakers vs. New York Knicks game at Madison Square Garden, weighed in on the continuing WNBA labor strife....","https://www.usatoday.com/gcdn/authoring/authoring-images/2025/12/17/USAT/87812261007-2226196254.jpg?crop=4141,2330,x0,y138&width=3200&height=1801&format=pjpg&auto=webp",United States,Entertainment
Olympics hospitality space Ice House renamed Winter House after ICE protests,USA Today,https://www.usatoday.com/story/sports/olympics/2026/02/01/team-usa-olympics-milano-cortina-hospitality-space-renamed-after-ice-protests/88465838007,2026-02-01,"Three U.S. Olympic winter sport national governing bodies have changed the name of their Milan hospitality space over concerns about ICE protests in Italy during the Olympics, a person with direct knowledge of the situation told USA TODAY Sports on Sunday afternoon....","https://www.usatoday.com/gcdn/authoring/authoring-images/2026/01/31/USAT/88454880007-2259258838.jpg?crop=5680,3196,x0,y295&width=3200&height=1801&format=pjpg&auto=webp",United States,Sports
"Trump Kennedy Center to close for 2 years, Trump says",USA Today,https://www.usatoday.com/story/news/politics/2026/02/01/trump-kennedy-center-closure/88467275007,2026-02-01,"President Donald Trump announced Feb. 1 that he intends to close the Trump-Kennedy Center in Washington, DC for two years, saying that it is necessary for renovations. ""I have determined that the fastest way to bring The Trump Kennedy Center to the highest level of Success, Beauty, and Grandeur, is...","https://www.usatoday.com/gcdn/authoring/authoring-images/2026/02/01/USAT/88467712007-20260127-t-171011-z-1833837789-rc-2-fqia-8-xv-25-rtrmadp-3-usatrumpkennedycenter.JPG?crop=6275,3531,x0,y326&width=3200&height=1801&format=pjpg&auto=webp",United States,Politics
"Olivia Dean, Olivia Rodrigo, Mariah Carey and more stars hit Grammys parties",USA Today,https://www.usatoday.com/picture-gallery/entertainment/celebrities/2026/01/28/2026-grammys-parties-events-photos/88402165007,2026-01-28,"Olivia Dean, Olivia Rodrigo, Mariah Carey and more stars hit Grammys parties Jan. 28, 2026 Updated Feb. 2, 2026, 1:42 a.m. ET In the lead-up to the 2026 awards show, best new artist nominees Lola Young, Olivia Dean, KATSEYE and more, are making appearances or performing before they, and viewers...","https://www.usatoday.com/gcdn/authoring/authoring-images/2026/02/02/USAT/88467818007-dsc-4276-bb-7-ec-wwc.JPG?crop=5301,2982,x0,y0&width=3200&height=1801&format=pjpg&auto=webp",United States,Entertainment
Date night at the Grammys! See celeb couples heat up the red carpet,USA Today,https://www.usatoday.com/picture-gallery/entertainment/music/2026/02/01/grammys-celebrity-couples-2026/88370842007,2026-02-01,"Music's biggest night also doubles as date night for the stars. See all the celebrity couples who turned heads at the 2026 Grammy Awards red carpet on Sunday, Feb. 1, starting with Justin Bieber and Hailey Bieber.","https://www.usatoday.com/gcdn/authoring/authoring-images/2026/02/02/USAT/88470624007-2259474128.jpg?crop=4999,2813,x0,y260&width=3200&height=1801&format=pjpg&auto=webp",United States,Entertainment
"Chappell Roan, Lady Gaga, Olivia Dean, more stun on Grammys red carpet",USA Today,https://www.usatoday.com/picture-gallery/entertainment/music/2026/02/01/grammys-red-carpet-photos/88368739007,2026-02-01,"MUSIC Grammy Awards Add Topic Chappell Roan, Lady Gaga, Olivia Dean, more stun on Grammys red carpet Feb. 1, 2026 Updated Feb. 2, 2026, 12:52 a.m. ET Bad Bunny ETIENNE LAURENT, AFP Via Getty Images Lady Gaga ETIENNE LAURENT, AFP Via Getty Images Olivia Dean Amy Sussman, Getty Images Bad Bunny Amy...","https://www.usatoday.com/gcdn/authoring/authoring-images/2026/02/02/USAT/88468639007-2258918703.jpg?crop=5577,3138,x0,y290&width=3200&height=1801&format=pjpg&auto=webp",United States,Entertainment
The best behind-the-scenes photos from the Grammys,USA Today,https://www.usatoday.com/picture-gallery/entertainment/music/2026/02/02/grammys-behind-the-scenes-crowd-photos/88470283007,2026-02-02,"MUSIC Grammy Awards Add Topic The best behind-the-scenes photos from the Grammys Feb. 2, 2026, 12:49 a.m. ET The biggest names in music came together for the industry's biggest night in Los Angeles on Feb. 1, and world's collided in the crowd as the artists mingled and socialized....","https://www.usatoday.com/gcdn/authoring/authoring-images/2026/02/02/USAT/88470299007-grammys-2026-102.jpg?crop=2999,1687,x0,y0&width=2999&height=1687&format=pjpg&auto=webp",United States,Entertainment
Neighbor shares oatmeal with elderly man during Nashville ice storm,USA Today,https://www.usatoday.com/story/life/humankind/2026/01/29/nashville-man-checks-on-98-year-old-neighbor-during-power-outage/88418665007,2026-01-29,"When an ice storm knocked out power across Nashville, Tennessee, Carlos Whittaker knew exactly what he needed to do. With more than 170,000 people left in the dark and temperatures dropping to dangerous new lows, Whittaker went out into the cold to check on his 98-year-old neighbor, Grey, to make...","https://www.usatoday.com/gcdn/authoring/authoring-images/2026/01/29/USAT/88418870007-man-brings-oatmeal-to-elderly-neighbor-after-dangerous-storm-in-nashville-thumb-1.jpg?crop=1919,1079,x0,y0&width=1919&height=1079&format=pjpg&auto=webp",United States,Politics
4 things retirees need to know about the new senior tax deduction,USA Today,https://www.usatoday.com/story/money/personalfinance/retirement/2026/02/01/what-to-know-about-new-senior-tax-deduction/88463349007,2026-02-01,"Kailey Hagen, CFP The Motley Fool Feb. 1, 2026, 3:55 p.m. ET Tax time could be a little less stressful this year for some retirees, thanks to the new senior tax deduction introduced in President Trump's ""big, beautiful bill."" But it's important to be clear about what this deduction is and isn't....","https://www.usatoday.com/gcdn/authoring/images/motleyfool/2026/02/01/USAT/88463348007-couple-looking-at-tablet-together.jpeg?crop=1319,743,x0,y68&width=1319&height=743&format=pjpg&auto=webp",United States,Politics
What does $110 million get you? LA homes top most expensive sales list,USA Today,https://www.usatoday.com/story/money/california/2026/01/26/most-expensive-homes-la-real-estate-california/88282789007,2026-01-26,"A sprawling Los Angeles estate built for late TV producer Aaron Spelling sold for $110 million and was the second-most expensive home sale in the U.S. last year, according to Redfin....","https://www.usatoday.com/gcdn/authoring/authoring-images/2026/01/26/USAT/88367293007-getty-images-1649402138.jpg?crop=4556,2563,x0,y534&width=3200&height=1801&format=pjpg&auto=webp",United States,Business
Do you actually have to wash your hands for 20 seconds?,USA Today,https://www.usatoday.com/story/life/health-wellness/2026/02/01/hand-washing-20-seconds-flu/88413205007,2026-02-01,"As flu season surges on, there's an easy way to reduce your risk of getting sick: Wash your hands properly. It may seem like common sense, but handwashing is one of the most important of ways of preventing the spread of infection, says Dr....","https://www.usatoday.com/gcdn/authoring/authoring-images/2026/01/29/USAT/88413805007-getty-images-2248369374.jpg?crop=2120,1193,x0,y110&width=2120&height=1193&format=pjpg&auto=webp",United States,Health
'Tell Me Lies' and why Gen Z is obsessed with sexy TV,USA Today,https://www.usatoday.com/story/life/health-wellness/2026/01/31/tell-me-lies-heated-rivalry-sex-tv-trend/88302458007,2026-01-31,"In Los Angeles, bars are hosting watch parties for the highly-anticipated weekly releases of ""Tell Me Lies."" And in New York City, more than 2,000 people have RSVPed for an upcoming “Heated Rivalry” look-alike contest....","https://www.usatoday.com/gcdn/authoring/authoring-images/2025/11/11/USAT/87221665007-177691-0646-r-2.jpg?crop=2997,1686,x0,y154&width=2997&height=1686&format=pjpg&auto=webp",United States,Entertainment
Androgenetic alopecia is the most common form of hair loss. Is it treatable?,USA Today,https://www.usatoday.com/story/life/health-wellness/2026/01/31/why-do-men-go-bald/88217823007,2026-01-31,"The first signs of androgenetic alopecia, also known as male or female pattern hair loss, start with a slow burn: a receding hair line, a thinning part or a patch of hair that’s looking more sparse than usual....","https://www.usatoday.com/gcdn/authoring/authoring-images/2026/01/20/USAT/88263065007-getty-images-1404205960.jpg?crop=2120,1193,x0,y110&width=2120&height=1193&format=pjpg&auto=webp",United States,Business
What to take for a cough – and when to see a doctor,USA Today,https://www.usatoday.com/story/life/health-wellness/2026/01/30/why-am-i-coughing-so-much/88260720007,2026-01-30,"Anyone who has dealt with a lingering cough knows how quickly it can take over daily life. It interrupts conversations, disrupts sleep and makes even simple things like eating or drinking uncomfortable. But all coughs are not created equal....","https://www.usatoday.com/gcdn/authoring/authoring-images/2026/01/20/USAT/88260768007-getty-images-1715472524.jpg?crop=2121,1193,x0,y109&width=2121&height=1193&format=pjpg&auto=webp",United States,Health
I hate that women exploit their God-given sexuality on OnlyFans | Opinion,USA Today,https://www.usatoday.com/story/opinion/columnist/2026/02/02/onlyfans-women-lonely-men-sex-culture-sophie-rain/88379825007,2026-02-02,"Everybody knows the adage ""sex sells."" But did you know how much? I'm surprised, and to be honest, disgusted and sad. On Jan. 26, OnlyFans star Sophie Rain stunned fans after showing them how much she's made so far from the adult content platform. I was shocked....","https://www.usatoday.com/gcdn/authoring/authoring-images/2025/04/02/USAT/82778673007-getty-images-1441926331.jpg?crop=4935,2776,x0,y257&width=3200&height=1801&format=pjpg&auto=webp",United States,Entertainment
Robert F. Kennedy Jr. is holding Trump's agenda back | Opinion,USA Today,https://www.usatoday.com/story/opinion/2026/02/01/kennedy-maha-agenda-hurt-trump-republicans-midterms/88419334007,2026-02-01,"Brenda Destro Opinion contributor Feb. 1, 2026, 6:03 a.m. ET Rochelle Walensky, the Centers for Disease Control and Prevention director in 2022, acknowledged her agency’s failures during the COVID-19 pandemic and committed to overhauling the agency to better “serve our partners, prioritizing the...","https://www.usatoday.com/gcdn/authoring/authoring-images/2026/01/16/USAT/88218973007-20260116-t-154253-z-2051035233-rc-2-f-2-ja-19-tcn-rtrmadp-3-usatrump.JPG?crop=3935,2215,x0,y204&width=3200&height=1802&format=pjpg&auto=webp",United States,Health
"SZA skips Grammys red carpet, but glows on stage in bold floral gown",USA Today,https://www.usatoday.com/story/entertainment/music/2026/02/02/sza-grammys-2026-outfit-dress/88366339007,2026-02-02,"R&B songstress SZA may have skipped the 2026 Grammys carpet, but she created a fashion moment during the ceremony in a bold red floral ensemble. The ""Gone Girl"" singer was spotted wearing a V-cut statement gown on Sunday night, Feb. 1. She wore her hair in her signature curly style....","https://www.usatoday.com/gcdn/authoring/authoring-images/2026/02/02/USAT/88470428007-2259503203.jpg?crop=4999,2812,x0,y0&width=3200&height=1801&format=pjpg&auto=webp",United States,Entertainment
Read Bad Bunny's full Grammys speech after historic win,USA Today,https://www.usatoday.com/story/entertainment/music/2026/02/02/bad-bunny-grammys-speech/88470358007,2026-02-02,"If there's one thing Bad Bunny is going to do, it's put his beloved island of Puerto Rico on top time and time again. After taking home two Grammy awards for best música urbana album and best global music performance earlier on Sunday, Feb....","https://www.usatoday.com/gcdn/authoring/authoring-images/2026/02/02/USAT/88470340007-grammys-2026-145.jpg?crop=2999,1687,x0,y156&width=2999&height=1687&format=pjpg&auto=webp",United States,Entertainment
How many awards did Bad Bunny win at the 2026 Grammys?,USA Today,https://www.usatoday.com/story/entertainment/music/2026/02/02/bad-bunny-grammys-wins/88391317007,2026-02-02,"It's Bad Bunny's world, and we're all just living in it. The Puerto Rican rapper, who was among the night's second-most-nominated artists with six nods, took home three of those awards....","https://www.usatoday.com/gcdn/authoring/authoring-images/2026/02/02/USAT/88470352007-2259501591.jpg?crop=4128,2322,x323,y107&width=3200&height=1800&format=pjpg&auto=webp",United States,Entertainment
Are social media giants like Meta liable for addiction? | The Excerpt,USA Today,https://www.usatoday.com/story/news/nation/2026/02/02/can-meta-be-held-liable-for-addictive-algorithms-the-excerpt/88431702007,2026-02-02,"On the Monday, February 2, 2026, episode of The Excerpt podcast: A landmark trial asks whether social media giants like Meta knowingly designed addictive platforms, and if they can be held legally responsible....","https://www.usatoday.com/gcdn/authoring/authoring-images/2026/01/30/USAT/88433434007-getty-images-2232647460-1.jpg?crop=6193,3483,x0,y0&width=3200&height=1800&format=pjpg&auto=webp",United States,Entertainment
Are social media giants like YouTube liable for addiction?,USA Today,https://www.usatoday.com/videos/news/nation/2026/02/02/can-meta-be-held-liable-for-addictive-algorithms/88434996007,2026-02-02,"Are social media giants like YouTube liable for addiction? For the first time, a jury will hear claims that social media giants like Instagram and YouTube designed social media to addict young users.","https://www.usatoday.com/gcdn/authoring/authoring-images/2026/01/30/USAT/88433434007-getty-images-2232647460-1.jpg?crop=6193,3483,x0,y0&width=3200&height=1800&format=pjpg&auto=webp",United States,Technology
How to save money at the grocery store – without sacrificing health,USA Today,https://www.usatoday.com/story/grocery/2026/01/31/how-to-save-money-at-the-grocery-store/88438444007,2026-01-31,"Walking into a grocery store with the goal of saving money and eating well can feel like an impossible balancing act. Prices fluctuate constantly, sale signs compete for attention, inflation has remained stubbornly high and healthier foods are often assumed to cost more, especially when shopping at...","https://www.usatoday.com/gcdn/authoring/authoring-images/2026/01/30/USAT/88438719007-getty-images-2178134566.jpg?crop=2119,1192,x0,y0&width=2119&height=1192&format=pjpg&auto=webp",United States,Health
"Need an iPhone with big icons, no frills? Try Assistive Access mode.",USA Today,https://www.usatoday.com/videos/tech/problemsolved/2026/01/30/how-to-use-exit-assistive-access-mode-iphone/88431594007,2026-01-30,"Need an iPhone with big icons, no frills? Try Assistive Access mode. Assistive Access mode on the iPhone creates a simple smartphone with large buttons and basic features for easier use.","https://www.usatoday.com/gcdn/authoring/authoring-images/2026/01/30/USAT/88432002007-assistive-access-mode-iphone.jpg?crop=1078,606,x0,y590&width=1078&height=606&format=pjpg&auto=webp",United States,Sports
Does the Constitution protect begging? Supreme Court asked to decide,USA Today,https://www.usatoday.com/story/news/politics/2026/02/01/alabama-supreme-court-begging-panhandling-first-amendment/88430076007,2026-02-01,"Two years after the Supreme Court said cities can punish homeless people for sleeping in public places, Alabama wants the high court to end protections for public begging. The constitutional issues are different....","https://www.usatoday.com/gcdn/authoring/authoring-images/2026/01/30/USAT/88431432007-usatsi-27719339-168410238-lowres.jpg?crop=999,562,x0,y0&width=999&height=562&format=pjpg&auto=webp",United States,Crime
Bad Bunny blasts ICE during Grammy Awards speech,USA Today,https://www.usatoday.com/story/entertainment/music/2026/02/01/bad-bunny-ice-grammy-awards-speech/88468980007,2026-02-01,Bad Bunny gave a powerful speech about the Latino community at the Grammy Awards. The reggaeton superstar used his first acceptance speech of the night to address U.S....,"https://www.usatoday.com/gcdn/authoring/authoring-images/2026/02/02/USAT/88469056007-2259486699.jpg?crop=4994,2808,x0,y160&width=3200&height=1800&format=pjpg&auto=webp",United States,Entertainment
"NBA All-Star reserves revealed: Snubs, surprises and who makes the cut",USA Today,https://www.usatoday.com/live-story/sports/nba/2026/02/01/nba-reveal-full-2026-all-star-teams-reserves-tonight/88465226007,2026-02-01,"8:24 pm ET February 1, 2026 Share this update 2026 NBA All-Star Game snubs Every time an All-Star team is appointed, there are deserving players who inevitably get snubbed. This year was no different and to find the biggest snubs, you don't have to look further than the host team....","https://www.usatoday.com/gcdn/authoring/authoring-images/2026/01/29/USAT/88421329007-anthony-edwards-jamal-murray.jpg?crop=6801,3824,x0,y167&width=3200&height=1800&format=pjpg&auto=webp",United States,Health
"Shutdown? What shutdown? For DC, just another day at the office",USA Today,https://www.usatoday.com/story/news/politics/2026/02/01/for-trump-and-congress-budget-shutdown-just-another-day-in-dc/88450212007,2026-02-01,"Shutdown? What shutdown? There was a time when shutting down the federal government seemed like a big deal. Thirty years ago, the firestorm over a 21-day shutdown revived Bill Clinton's presidency and grievously wounded Newt Gingrich's speakership....","https://www.usatoday.com/gcdn/authoring/authoring-images/2026/01/30/USAT/88432334007-20260129-t-225736-z-1731537786-rc-29-bja-68-zoj-rtrmadp-3-usacongressshutdown.JPG?crop=4777,2689,x2,y419&width=3200&height=1802&format=pjpg&auto=webp",United States,Entertainment
Internxt Cloud Storage: Lifetime Subscription,USA Today,https://savings.usatoday.com/sales/internxt-cloud-storage-lifetime-subscription-2tb-plan,2026-02-02,"This is available to new users ONLY. Codes are NOT stackable. This gives you up to 2TB of Internxt Drive's award-winning post-quantum zero-knowledge encrypted cloud storage for life, with a unique, one-time payment....",https://cdnp0.stackassets.com/61321edb3bb2c76d584fc4ca85f150862df2a014/store/ffd57453c162300d8afff52c511e8c2d86be6b58f7690f9703a6bf211d08/sale_322707_primary_image.jpg,United States,Technology
"720p/1MP 1000' Night Vision Binoculars with 2.3"" Screen, 4x Zoom & 32GB Card",USA Today,https://savings.usatoday.com/sales/double-barrel-digital-night-vision-instrument,2026-02-02,These digital night vision binoculars are designed to be multifunctional to give you the most comfortable view without harming your eyes. The two 3W infrared illuminator LEDs in the eyepiece screen emit infrared light that penetrates deep into the night to illuminate objects normally invisible to...,https://cdnp2.stackassets.com/978e95a17b61ff585ec5a6d3b7312e18d78a52da/store/f3f4cd543f07ec6d9fcea50a8182c5f1bb7cbcd93c44612b67759825c85a/sale_320942_primary_image.jpg,United States,Technology
Rosetta Stone: Lifetime Subscription to Learn Spanish (Latin American),USA Today,https://savings.usatoday.com/sales/rosetta-stone-lifetime-subscription-to-learn-spanish-latin-american,2026-02-02,"Start your Spanish learning journey with Rosetta Stone. With engaging real-world scenarios, interactive activities, and audio from native speakers, you'll not just learn the language but thrive in it....",https://cdnp2.stackassets.com/ed30d2d570d84a1e7692a828a79ea684f4252542/store/e0c5e209a68b77bcfa96c62fcef450e3a6a0860c0e82430ad865590d045f/sale_323587_primary_image.jpg,United States,Technology
ResumeInventor All-Access Plan (Lifetime Subscription),USA Today,https://savings.usatoday.com/sales/resumeinventor-all-access-plan-lifetime-subscription,2026-02-02,Stand Out from the Competition and Secure Your Dream Job Unlock instant access to over 950+ premium resume and cover letter templates designed to help you stand out in today’s competitive job market....,https://cdnp3.stackassets.com/de5dfd5a17cc32c33874dce151991ea9ad7788a8/store/90371f128753a5e3daca01c994b258220d5c5a224a9b57487ce554cd6195/product_346445_product_shots1.jpg,United States,Business
ConvergeHub Sales CRM: Lifetime Subscription,USA Today,https://savings.usatoday.com/sales/convergehub-sales-crm-pro-plan-lifetime-subscription,2026-02-02,"From First Contact to Closed Deal—Stay in Control and Scale with Confidence Still juggling spreadsheets, sticky notes, emails, and disconnected apps just to follow up on a lead, send an invoice, or track customer interactions?...",https://cdnp0.stackassets.com/d2160fefa2382ce3b399119509e6c82c83774347/store/cdf0968bf56fc96b081a50b6d61844a45b3045921a0ec3608d44b173bc14/sale_329214_primary_image.jpg,United States,Business
Apple iPad 11 (2025) 128GB Wi-Fi & Cellular (Refurbished),USA Today,https://savings.usatoday.com/sales/apple-ipad-11-2025-128gb-wi-fi-cellular-blue-refurbished,2026-02-02,"Unleash Advanced Performance and Limitless Creativity with iPad 11 The Apple iPad 11″ (2025) is a powerful and versatile tablet engineered for both productivity and creativity. Powered by the superfast A16 chip, this iPad surely handles multitasking smoothly....",https://cdnp3.stackassets.com/bcc83882d6fec956ac14646d6b1be362977ec83e/store/609c10be5fd6ed9972cf123ba077f49254ba28779f47c9fb72e0cecf92c2/sale_329193_primary_image.jpg,United States,Entertainment
Sony XE300 Portable Bluetooth Speaker Black (Open Box),USA Today,https://savings.usatoday.com/sales/sony-xe300-portable-bluetooth-speaker-black-open-box,2026-02-02,"Take the Party Anywhere All Day Long! Turn up the music anywhere with the XE300! Its unique Line-Shape Diffuser throws wide, room-filling sound without sacrificing clarity. Jam out for hours with a massive 24-hour battery life with quick charging for those unexpected power dips....",https://cdnp3.stackassets.com/c40e4539e88576b98a5f704c3cf60909b09f13c1/store/3e87d15b33aaab8abb21c8eb518ee1f784b47fe859ba845db56ae884a820/sale_329196_primary_image.jpg,United States,Entertainment
Sam's Club One-Year Membership Deal,USA Today,https://savings.usatoday.com/sales/sams-club-1-year-membership-with-auto-renew,2026-02-02,"Unleash the power of savings with a Sam’s Club Membership NOTE: Membership MUST be activated on or before January 31, 2026. This membership offer is only available to NEW Sam's Club members in the USA....",https://cdnp2.stackassets.com/def6c74eecf510d3e0432ad48b4339cde77f3045/store/d7fd3676c2055d621a97c2734b8a4f426980e1546813e036d68af43d4fec/sale_327188_primary_image.jpg,United States,Business
Kinhank Super Console X2 Pro Retro Gaming Emulator & Streaming Console,USA Today,https://savings.usatoday.com/sales/kinhank-super-console-x2-pro-retro-gaming-emulator-streaming-console,2026-02-02,"Edited I’ve only had this system for about four months. I played a single game and then set it aside. Later, the included microSD card became corrupted. I eventually managed to get it working again by using a new microSD card....",https://cdnp3.stackassets.com/53eae725af68bc20f34a258b03dddb0b14a7d69e/store/d027cfc7be75ee9f6c66b669ed094a2a7d6b6711da13341918aa850a7a67/sale_327520_primary_image.jpg,United States,Entertainment
FileJump 2TB Cloud Storage: Lifetime Subscription,USA Today,https://savings.usatoday.com/sales/filejump-2tb-cloud-storage-lifetime-subscription,2026-02-02,"Premium and Affordable Cloud Storage for Secure File Saving FileJump is a premium yet affordable cloud storage, allowing you to store files of all formats, with inline File Previews for images, videos, spreadsheets PDF files, and more....",https://cdnp1.stackassets.com/efd7d2f92682f9b144763ba2b4ee075ad21f8db4/store/266b72cd233390a6d2f53b4ffb8e3d4bb1435500d475abb90476ec8eb618/sale_327095_primary_image.jpg,United States,Business
Macxvideo AI: Lifetime Subscription,USA Today,https://savings.usatoday.com/sales/macxvideo-ai-lifetime-subscription-1-mac,2026-02-02,"Macxvideo AI: Powered by AI. Accelerated by GPU. Built for Quality Macxvideo AI combines powerful AI image/video enhancement with 20+ pro-grade tools—enhance clarity and detail, remove blur and noise, upscale AI art to 4K/8K, convert, compress, record, and edit video—all powered by full GPU...",https://cdnp1.stackassets.com/62e36e36a77423dbc5e694e32d37a8f59b184cf4/store/7b1a26a9d6ccff8c8e67dcffc26ab4de4abd3744501e3c9eb375a990d73b/sale_328515_primary_image.jpg,United States,Technology
Recreating nostalgic comfort foods from childhood,USA Today,https://www.usatoday.com/videos/life/problem-solved/2026/01/30/pizza-rolls-chicken-nuggets-and-more-from-scratch/88440316007,2026-01-30,"Recreating nostalgic comfort foods from childhood Recreate childhood favorite snacks, like powdered mac and cheese and pizza bagels, at home.","https://www.usatoday.com/gcdn/authoring/authoring-images/2026/01/31/USAT/88440802007-phat-5646.jpg?crop=1918,1078,x0,y0&width=1918&height=1078&format=pjpg&auto=webp",United States,Technology
What is the Nipah virus? What to know about deadly illness in India,USA Today,https://www.usatoday.com/story/life/health-wellness/2026/01/30/nipah-virus-symptoms/88436614007,2026-01-30,"Some countries are on high alert after two cases of a deadly, incurable virus were reported in India this week. India’s Health Ministry said Monday, Jan. 26, that two nurses at a private hospital near Kolkata, West Bengal, had been diagnosed with Nipah virus and one was in ""critical"" condition....","https://www.usatoday.com/gcdn/authoring/authoring-images/2026/01/30/USAT/88437978007-getty-images-952852116.jpg?crop=2120,1193,x0,y0&width=2120&height=1193&format=pjpg&auto=webp",United States,Health
She documented her love story online. Then the internet turned on her.,USA Today,https://www.usatoday.com/story/life/health-wellness/2026/01/30/danielle-walter-viral-tiktok-dating-series/88427544007,2026-01-30,"She wanted to share her happiness online. Then, the internet tore her apart for it. Danielle Walter, a dating influencer with over 1.2 million followers on Instagram and 791,000 followers on TikTok, has been documenting her love life for the public....","https://www.usatoday.com/gcdn/authoring/authoring-images/2026/01/30/USAT/88428083007-danielle-walter-2.jpeg?crop=3648,2052,x0,y772&width=3200&height=1800&format=pjpg&auto=webp",United States,Technology
"Taylor Swift, those cringey Blake Lively texts and the lesson we all can learn",USA Today,https://www.usatoday.com/story/life/health-wellness/2026/01/29/taylor-swift-blake-lively-texts/88408483007,2026-01-29,"""You don't need to apologize. Just come back please 🙏"" They're the text messages seen 'round the internet. A private text conversation between Taylor Swift and Blake Lively has been made public, as Lively and Justin Baldoni's legal battle continues to play out in court and in headlines....","https://www.usatoday.com/gcdn/authoring/authoring-images/2025/05/14/USAT/83630544007-20240211-t-232630-z-1357288052-up-1-ek-2-b-1-t-44-xo-rtrmadp-3-footballnflsuperbowl.JPG?crop=1014,571,x0,y78&width=1014&height=571&format=pjpg&auto=webp",United States,Technology
Budweiser goes 'Free Bird' in reveal of full Super Bowl 60 commercial,USA Today,https://admeter.usatoday.com/story/sports/ad-meter/2026/01/26/budweiser-super-bowl-60-commercial-free-bird-beer-ad/88355834007,2026-01-26,"Budweiser has revealed the brand's full Super Bowl 60 commercial, the final act in January that included two teasers and plenty of intrigue as the beer staple celebrates 150 years. “American Icons” takes fans on a 60-second journey of growth for one Clydesdale foal and a baby bird, an unlikely bond...","https://admeter.usatoday.com/gcdn/authoring/authoring-images/2026/01/26/UADM/88355841007-screenshot-20260125-at-62801-pm.png?crop=2257,1271,x0,y76&width=2257&height=1271&format=pjpg&auto=webp",United States,Entertainment
Why being a night owl may be worse for your heart,USA Today,https://www.usatoday.com/story/life/health-wellness/2026/01/28/night-owls-heart-health-risk-study/88394203007,2026-01-28,"Bad news, night owls: Staying up late can be bad for your heart. A new study, published Tuesday, Jan. 28, in the Journal of the American Heart Association, found people who stay up later have worse overall heart health than others. Using data from the U.K....","https://www.usatoday.com/gcdn/authoring/authoring-images/2026/01/28/USAT/88394554007-getty-images-1369545389.jpg?crop=1797,1011,x322,y312&width=1797&height=1011&format=pjpg&auto=webp",United States,Health
It's time to toss these kitchen and bathroom staples,USA Today,https://www.usatoday.com/videos/life/problem-solved/2026/01/28/checklist-for-when-to-replace-items-in-your-home/88394394007,2026-01-28,"It's time to toss these kitchen and bathroom staples Learn how often to replace everyday household items like toothbrushes, pillows and more to stay clean, healthy and comfortable at home.","https://www.usatoday.com/gcdn/authoring/authoring-images/2026/01/28/USAT/88395092007-img-3817-whentoreplacehouseholditems.jpg?crop=1438,809,x0,y134&width=1438&height=809&format=pjpg&auto=webp",United States,Technology
"Her baby had a medical emergency, she had a C-section. Work told her to log on anyway",USA Today,https://www.usatoday.com/story/life/health-wellness/2026/01/28/colorado-nicu-parents-babies-premature-paid-leave/88158921007,2026-01-28,"In the hours after one new mom's emergency C-section − nine weeks before her due date − and as her baby girl was whisked away to the neonatal intensive care unit to be hooked up to life-saving machines, she emailed her boss....","https://www.usatoday.com/gcdn/authoring/authoring-images/2026/01/27/USAT/88375147007-image-1.jpeg?crop=3024,1697,x0,y695&width=3024&height=1697&format=pjpg&auto=webp",United States,Health
"The Education Department's efforts to fire staff cost over $28 million, watchdog says",NPR,https://www.npr.org/2026/02/02/nx-s1-5690188/cost-trump-layoffs-civil-rights-complaints-department-education-gao,2026-02-02,"The Education Department's efforts to fire staff cost over $28 million, watchdog says toggle caption Bill Clark/Getty Images A new report from a government watchdog suggests the Trump administration's efforts to fire staff at the U.S....",https://npr.brightspotcdn.com/dims3/default/strip/false/crop/8107x4560+0+422/resize/1400/quality/85/format/jpeg/?url=http%3A%2F%2Fnpr-brightspot.s3.amazonaws.com%2Fd9%2Fbc%2F927d7c074ad182d81237d2ac62f9%2Fgettyimages-2203009137.jpg,United States,Politics
"With an ACA fix uncertain in the Senate, Republicans replay old health care fights",NPR,https://www.npr.org/2026/02/02/nx-s1-5695766/aca-enhanced-premium-subsidies-republicans-democrats,2026-02-02,"With an ACA fix uncertain in the Senate, Republicans replay old health care fights toggle caption J. Scott Applewhite/AP At the beginning of the year, it seemed like a bipartisan deal to extend the Affordable Care Act enhanced subsidies was within reach....",https://npr.brightspotcdn.com/dims3/default/strip/false/crop/5000x2813+0+0/resize/1400/quality/85/format/jpeg/?url=http%3A%2F%2Fnpr-brightspot.s3.amazonaws.com%2Fe7%2F3d%2F9581955a49b680b1d40b868f4789%2Fap26028758378496.jpg,United States,Health
My Unsung Hero,NPR,https://www.npr.org/series/1134955065/my-unsung-hero-from-hidden-brain,2026-02-02,"My Unsung Hero The My Unsung Hero series, from the Hidden Brain team, shares the stories about people whose kindness left a lasting impression on someone else.",https://media.npr.org/include/images/facebook-default-wide-s1400-c85.jpg,United States,Entertainment
Refugees relive the trauma they fled as ICE targets them in Minnesota,NPR,https://www.npr.org/2026/02/02/nx-s1-5686396/ice-arrest-refugees-legal-minneapolis-minnesota-immigration,2026-02-02,"Refugees relive the trauma they fled as ICE targets them in Minnesota toggle caption Zaydee Sanchez for NPR MINNEAPOLIS — Early one morning three weeks ago, before his kids were up, J.J. says ICE agents started knocking on his family's front door....",https://npr.brightspotcdn.com/dims3/default/strip/false/crop/4027x2265+0+1887/resize/1400/quality/85/format/jpeg/?url=http%3A%2F%2Fnpr-brightspot.s3.amazonaws.com%2F4e%2F4e%2F7f0561d249a59b0bf4c550e6fad0%2Frefugee-story-109.jpg,United States,Politics
Gaza's Rafah border crossing with Egypt reopens for limited traffic,NPR,https://www.npr.org/2026/02/02/g-s1-108287/gaza-rafah-border-crossing-reopens,2026-02-02,"Gaza's Rafah border crossing with Egypt reopens for limited traffic toggle caption Mohammed Arafat/AP CAIRO — Gaza's Rafah border crossing with Egypt reopened on Monday for limited traffic, a key step as the Israeli-Hamas ceasefire moves ahead, according to Egyptian and Israeli security officials....",https://npr.brightspotcdn.com/dims3/default/strip/false/crop/3340x1879+0+174/resize/1400/quality/85/format/jpeg/?url=http%3A%2F%2Fnpr-brightspot.s3.amazonaws.com%2Fbc%2Fd8%2Ff4104fa14b7bb21d92a59294ee86%2Fap26032256758307.jpg,United States,Politics
How the grindset broke your brain : It's Been a Minute,NPR,https://www.npr.org/2026/02/02/nx-s1-5694657/how-the-grindset-broke-your-brain,2026-02-02,"How the grindset broke your brain toggle caption Getty Images America’s workers are tired – here’s why. Do you feel like you can never get off the grind? From gig laborers to salaried workers, a lot of people are keeping their noses to the grindstone in order to remain afloat, avoid job loss, and...",https://npr.brightspotcdn.com/dims3/default/strip/false/crop/5333x3000+0+0/resize/1400/quality/85/format/jpeg/?url=http%3A%2F%2Fnpr-brightspot.s3.amazonaws.com%2F77%2F2e%2Fb0caced749bb91b535dd53171118%2F9b8ac372-4cd8-4551-bd2e-21714717db35.jpg,United States,Business
"Kennedy Center to close for 2 years for construction in July, Trump says",NPR,https://www.npr.org/2026/02/01/nx-s1-5695832/kennedy-center-renovations-trump,2026-02-01,"Kennedy Center to close for 2 years for construction in July, Trump says toggle caption Mark Schiefelbein/AP WASHINGTON — President Trump said Sunday he will move to close Washington's Kennedy Center performing arts center for two years starting in July for construction, his latest move to upturn...",https://npr.brightspotcdn.com/dims3/default/strip/false/crop/5028x2828+0+197/resize/1400/quality/85/format/jpeg/?url=http%3A%2F%2Fnpr-brightspot.s3.amazonaws.com%2F6f%2F56%2F5f200bda4adeace8fec6e2206bb7%2Fap26032840612255.jpg,United States,Politics
"Faith leaders in Memphis support Afghan refugees, and each other : Consider This from NPR",NPR,https://www.npr.org/2026/02/01/nx-s1-5694586/faith-leaders-in-memphis-support-afghan-refugees-and-each-other,2026-02-01,"Stephen Cook, the senior pastor of Second Baptist Church in Memphis, has become friends with Latif Salar, the leader of the Christ Community Afghan Church - and since the Trump administration halted asylum processing for all immigrants from Afghanistan last Fall, the two have been working closely...",https://npr.brightspotcdn.com/dims3/default/strip/false/crop/4853x2730+0+0/resize/1400/quality/85/format/jpeg/?url=http%3A%2F%2Fnpr-brightspot.s3.amazonaws.com%2F43%2F32%2F8d4b14ba464eb0a3a5c246dac5cc%2F8928b7c2-1bbe-4899-acc0-d146995c820e.jpg,United States,Politics
"Swiss Alpine bar fire claims 41st victim, an 18-year-old Swiss national",NPR,https://www.npr.org/2026/02/01/nx-s1-5695756/swiss-alpine-bar-fire-claims-41st-victim,2026-02-01,"Swiss Alpine bar fire claims 41st victim, an 18-year-old Swiss national toggle caption Cyril Zingaro/Keystone via AP ZURICH — An 18-year-old Swiss national has died in a Zurich hospital from injuries sustained in a Swiss Alpine bar fire, bringing the death toll to 41 a month after the tragedy....",https://npr.brightspotcdn.com/dims3/default/strip/false/crop/4774x2685+0+249/resize/1400/quality/85/format/jpeg/?url=http%3A%2F%2Fnpr-brightspot.s3.amazonaws.com%2Fde%2F95%2F78ce9ca748de90d9079fd23c1d24%2Fap26026527384323.jpg,United States,Crime
Alcaraz beats Djokovic to become the youngest man to complete a career Grand Slam,NPR,https://www.npr.org/2026/02/01/nx-s1-5695713/alcaraz-beats-djokovic-grand-slam,2026-02-01,"Alcaraz beats Djokovic to become the youngest man to complete a career Grand Slam toggle caption Mark Baker/AP MELBOURNE, Australia — Carlos Alcaraz is the youngest man ever to complete a career Grand Slam after securing the Australian Open title against Novak Djokovic, who had never lost in his 10...",https://npr.brightspotcdn.com/dims3/default/strip/false/crop/5000x2813+0+0/resize/1400/quality/85/format/jpeg/?url=http%3A%2F%2Fnpr-brightspot.s3.amazonaws.com%2F85%2F22%2F69a1c37f46ac97e0235c0238c4a6%2Fap26032421233326.jpg,United States,Sports
Iran's supreme leader warns any US attack would spark 'regional war',NPR,https://www.npr.org/2026/02/01/nx-s1-5695698/iran-khamenei-us-attack-warns-regional-war,2026-02-01,"Iran's supreme leader warns any US attack would spark 'regional war' toggle caption Seaman Daniel Kimmelman/US Navy/AP DUBAI, United Arab Emirates — Iran's supreme leader warned Sunday that any attack by the United States would spark a ""regional war"" in the Mideast, further escalating tensions as...",https://npr.brightspotcdn.com/dims3/default/strip/false/crop/4575x2573+0+238/resize/1400/quality/85/format/jpeg/?url=http%3A%2F%2Fnpr-brightspot.s3.amazonaws.com%2F0b%2Fbc%2Facce12c845a283510bab5b47013c%2Fap26029228740323.jpg,United States,Crime
"Minnesota citizens detained by ICE are left rattled, even weeks later",NPR,https://www.npr.org/2026/02/01/nx-s1-5689031/minnesota-citizens-detained-ice,2026-02-01,"Minnesota citizens detained by ICE are left rattled, even weeks later toggle caption Adam Gray/AP It's a video many saw on social media soon after it happened: Officers with Immigration and Customs Enforcement, or ICE, dragging a woman out of her car and forcing her to the ground....",https://npr.brightspotcdn.com/dims3/default/strip/false/crop/3500x1969+0+182/resize/1400/quality/85/format/jpeg/?url=http%3A%2F%2Fnpr-brightspot.s3.amazonaws.com%2F7d%2Fb1%2Febc3d29943c79dbd6922e36e02d1%2Fap26013709147324.jpg,United States,Politics
Trump wants to ‘Make America Skilled Again.’ How do women fit into that plan? : Up First from NPR : NPR,NPR,https://www.npr.org/2026/02/01/nx-s1-5647684/women-in-skilled-trades-face-hurdles,2026-02-01,President Trump has a vision for the American workforce. Forget expensive college educations. His eye is on the skilled trades. The U.S. Department of Labor has adopted the slogan “Make America Skilled Again.” But who gets to be part of this renaissance?...,https://npr.brightspotcdn.com/dims3/default/strip/false/crop/1900x1069+0+0/resize/1400/quality/85/format/jpeg/?url=http%3A%2F%2Fnpr-brightspot.s3.amazonaws.com%2F50%2Fd8%2F515abd5345a292425a7ebd83597f%2F883fa7bf-4642-4a38-8766-9b85152d3c87.jpeg,United States,Politics
"Democrat Taylor Rehmet wins a reliably Republican Texas state Senate seat, stunning GOP",NPR,https://www.npr.org/2026/02/01/nx-s1-5695678/democrat-taylor-rehmet-wins-texas-state-senate-seat,2026-02-01,"Democrat Taylor Rehmet wins a reliably Republican Texas state Senate seat, stunning GOP toggle caption Eric Gay/AP Democrat Taylor Rehmet won a special election for the Texas state Senate on Saturday, flipping a reliably Republican district that President Donald Trump won by 17 points in 2024....",https://npr.brightspotcdn.com/dims3/default/strip/false/crop/4982x2802+0+259/resize/1400/quality/85/format/jpeg/?url=http%3A%2F%2Fnpr-brightspot.s3.amazonaws.com%2Fa5%2F93%2F4bcec2464a2eaed4b449c9cc1cd8%2Fap26032193889546.jpg,United States,Politics
Trump says feds won't intervene during protests in Democratic-led cities unless asked to do so,NPR,https://www.npr.org/2026/02/01/nx-s1-5695677/trump-feds-protests-democratic-cities,2026-02-01,Trump says feds won't intervene during protests in Democratic-led cities unless asked to do so toggle caption Evan Vucci/AP ABOARD AIR FORCE ONE — President Donald Trump said Saturday that he has instructed Homeland Security Secretary Kristi Noem not to intervene in protests occurring in cities led...,https://npr.brightspotcdn.com/dims3/default/strip/false/crop/3936x2214+0+209/resize/1400/quality/85/format/jpeg/?url=http%3A%2F%2Fnpr-brightspot.s3.amazonaws.com%2F41%2F9c%2Fc9ef13874848af3cda421a341ddd%2Fap26029654353451.jpg,United States,Politics
Your Life Kit for better personal finance,NPR,https://www.npr.org/series/your-life-kit-to-better-personal-finance,2026-02-02,"Personal finance tips from Life Kit No matter your financial situation, we've got a wealth of resources to help you make smarter money moves in every area of your life.",https://media.npr.org/include/images/facebook-default-wide-s1400-c85.jpg,United States,Business
Special Section: Generative Artificial Intelligence,NPR,https://www.npr.org/about-npr/1205385162/special-section-generative-artificial-intelligence,2026-02-02,"Special Section: Generative Artificial Intelligence What audiences see and hear from NPR has always been, and always will be, the product of human beings. NPR has also always been a leader in finding creative uses for new technology....",https://media.npr.org/include/images/facebook-default-wide-s1400-c85.jpg,United States,Technology
100 Favorite Books,NPR,https://www.npr.org/series/153985993/best-reads-you-pick-the-top-100,2026-02-02,"NPR's Summer Reader Poll: 100 Best Books In our annual summer books poll, we ask you — members of the NPR Books community — to share your favorite titles within a certain genre. See the top 100 picks for the best beach reads, thrillers, science fiction and fantasy.",https://media.npr.org/include/images/facebook-default-wide-s1400-c85.jpg,United States,Entertainment
"You already know the song — now, 'The One About the Blackbird' is also a picture book",NPR,https://www.npr.org/2026/02/01/nx-s1-5602904/the-one-about-the-blackbird-melanie-florence-matt-james,2026-02-01,"You already know the song — now, 'The One About the Blackbird' is also a picture book Illustrations by Matt James In the children's book The One About the Blackbird, a young boy learns to play guitar from his grandfather. And there's one song in particular they love....",https://npr.brightspotcdn.com/dims3/default/strip/false/crop/3908x2199+0+1583/resize/1400/quality/85/format/jpeg/?url=http%3A%2F%2Fnpr-brightspot.s3.amazonaws.com%2F63%2Fd8%2F55fd76a74cbab64f0b3963e453d1%2F9781774882665.jpg,United States,Entertainment
Former NBC producer tells her own story about Matt Lauer in 'Unspeakable Things',NPR,https://www.npr.org/2026/01/29/nx-s1-5691662/brooke-nevils-matt-lauers-unspeakable-things,2026-01-29,"Former NBC producer tells her own story about Matt Lauer in 'Unspeakable Things' toggle caption Beowulf Sheehan/Penguin Random House Former Today Show producer Brooke Nevils grew up in St. Louis, where she watched the NBC show every morning before school, and felt a special connection to its hosts....",https://npr.brightspotcdn.com/dims3/default/strip/false/crop/3012x1694+0+601/resize/1400/quality/85/format/jpeg/?url=http%3A%2F%2Fnpr-brightspot.s3.amazonaws.com%2F3a%2F52%2F20a07390490299299b7b37a702d5%2Fauthor-photo-c-beowulf-sheehan.jpg,United States,Entertainment
"Yes, romance & fantasy novels are political. : It's Been a Minute",NPR,https://www.npr.org/2026/01/28/nx-s1-5690372/yes-romance-fantasy-novels-are-political,2026-01-28,"Yes, romance & fantasy novels are political. toggle caption Getty Images/Getty Images How do romantic tropes and fantasies impact how you understand politics? You might be a fan of Romantic Fantasy, or as the internet calls it: Romantasy....",https://npr.brightspotcdn.com/dims3/default/strip/false/crop/5333x3000+0+0/resize/1400/quality/85/format/jpeg/?url=http%3A%2F%2Fnpr-brightspot.s3.amazonaws.com%2Ff6%2F68%2F0c574dd94b0ca8198529ff1dc9e0%2Ffe6c5a4e-8ea2-4f27-b70e-a7d6bb3b4085.jpg,United States,Entertainment
How did Tucker Carlson become one of the far right's most influential voices?,NPR,https://www.npr.org/2026/01/27/nx-s1-5688915/tucker-carlson-hated-by-all-the-right-people-jason-zengerle,2026-01-27,"How did Tucker Carlson become one of the far right's most influential voices? toggle caption Alex Brandon/AP Photo When Donald Trump first announced that he was running for president in 2015, Tucker Carlson, then the host of Fox & Friends Weekend, was one of the few pundits who took his candidacy...",https://npr.brightspotcdn.com/dims3/default/strip/false/crop/8640x4860+0+450/resize/1400/quality/85/format/jpeg/?url=http%3A%2F%2Fnpr-brightspot.s3.amazonaws.com%2Fce%2Fd6%2F8cec83214dbba4029b42bd8655b5%2Fap26009742640708.jpg,United States,Politics
Bad Bunny wins Grammy for album of the year,NPR,https://www.npr.org/2026/02/02/nx-s1-5693043/grammys-2026-bad-bunny-album-of-the-year,2026-02-02,Bad Bunny wins Grammy for album of the year The Puerto Rican artist becomes the first to win the award for a Spanish-language release. toggle caption Frazer Harrison/Getty Images/Getty Images North America Bad Bunny made Grammys history on Sunday night....,https://npr.brightspotcdn.com/dims3/default/strip/false/crop/5000x2813+0+380/resize/1400/quality/85/format/jpeg/?url=http%3A%2F%2Fnpr-brightspot.s3.amazonaws.com%2F48%2Fa5%2F620f02d244209382a18cc40531d1%2Fgettyimages-2259486592.jpg,United States,Entertainment
The complete list of 2026 Grammy winners and nominees,NPR,https://www.npr.org/2026/02/01/nx-s1-5693046/2026-grammy-awards-full-list-winners-nominees,2026-02-01,"The complete list of 2026 Grammy winners and nominees toggle caption Kevin Winter/Getty Images The complete list of nominees and winners in the 95 categories presented at the 68th Grammy Awards on Sunday, Feb. 1, 2026 is below. Winners are noted in bold....",https://npr.brightspotcdn.com/dims3/default/strip/false/crop/5000x2811+0+151/resize/1400/quality/85/format/jpeg/?url=http%3A%2F%2Fnpr-brightspot.s3.amazonaws.com%2F2d%2F4c%2Ff6cd41524af091a9a47298233f69%2Fgettyimages-2259484913.jpg,United States,Entertainment
'KPop Demon Hunters' HUNTR/X conquer the charts and claim their destiny,NPR,https://www.npr.org/2026/01/27/nx-s1-5608362/huntrx-k-pop-demon-hunters-film-grammy-awards,2026-01-27,'KPop Demon Hunters' HUNTR/X conquer the charts and claim their destiny toggle caption Lauren Crew for NPR The animated movie KPop Demon Hunters swiftly captured the attention of viewers worldwide following its release in June 2025 — ending the year as Netflix's most-watched film of all time....,https://npr.brightspotcdn.com/dims3/default/strip/false/crop/4500x2531+0+194/resize/1400/quality/85/format/jpeg/?url=http%3A%2F%2Fnpr-brightspot.s3.amazonaws.com%2Fc7%2Ff1%2F1d6d65b241a2952f45e86999a43c%2Flcrew-npr-kpop-027-final.jpg,United States,Entertainment
And the best new artist Grammy goes to … TikTok,NPR,https://www.npr.org/2026/01/30/nx-s1-5691804/the-grammys-are-this-weekend-meet-the-nominees-for-best-new-artist,2026-01-30,"And the best new artist Grammy goes to … TikTok toggle caption Photo collage by Abi Inman/Valerie Macon/AFP via Getty Images, Michael Loccisano/Getty Images for iHeartRadio According to the Recording Academy itself, the Grammy for best new artist is for musicians who are having ""a breakthrough into...",https://npr.brightspotcdn.com/dims3/default/strip/false/crop/2200x1238+0+99/resize/1400/quality/85/format/jpeg/?url=http%3A%2F%2Fnpr-brightspot.s3.amazonaws.com%2F7d%2F3e%2Fc9af58f5474e919a3a1b12c897e3%2Fmusic-tt-collage-2.jpg,United States,Entertainment
How the West was won: K-pop's great assimilation gambit,NPR,https://www.npr.org/2026/01/29/nx-s1-5685250/kpop-demon-hunters-rose-katseye-grammys,2026-01-29,"How the West was won: K-pop's great assimilation gambit The crossover hits stacking Grammy nods this year have little in common with the culture that birthed them — but they're winning the chart game toggle caption Photos by Julian Song, John V....",https://npr.brightspotcdn.com/dims3/default/strip/false/crop/1920x1080+0+0/resize/1400/quality/85/format/jpeg/?url=http%3A%2F%2Fnpr-brightspot.s3.amazonaws.com%2F67%2F23%2Fae40a994437ab3c34e1fd1530c69%2Fkpop2b.jpg,United States,Entertainment
Searching for America in song with historian Jill Lepore,NPR,https://www.npr.org/2026/01/29/nx-s1-5678517/lara-downes-jill-lepore-america-pursuit,2026-01-29,"Searching for America in song with historian Jill Lepore toggle caption Peter Doran In this 250th anniversary year of the United States, pianist Lara Downes is traveling the country collecting conversations with scholars, searching for our history through songs....",https://npr.brightspotcdn.com/dims3/default/strip/false/crop/5954x3349+0+0/resize/1400/quality/85/format/jpeg/?url=http%3A%2F%2Fnpr-brightspot.s3.amazonaws.com%2Ffd%2F48%2Fca35d77a4ebaba5d5acdc0ff837b%2Flara-and-jill-brattleboro-jpg-fix.jpg,United States,Entertainment
The best albums out Jan. 30 : All Songs Considered : NPR,NPR,https://www.npr.org/2026/01/30/nx-s1-5692754/new-music-friday-the-best-albums-out-jan-30,2026-01-30,"New Music Friday: The best albums out Jan. 30 toggle caption Courtesy of the artist Welcome to New Music Friday, NPR Music's podcast dedicated to sharing the best albums out each week....",https://npr.brightspotcdn.com/dims3/default/strip/false/crop/4240x2385+0+279/resize/1400/quality/85/format/jpeg/?url=http%3A%2F%2Fnpr-brightspot.s3.amazonaws.com%2Fe9%2F67%2Ff96b0e5d43ed96fd297247ad619c%2Fog-park-06.jpg,United States,Entertainment
Venezuela speaks: Producer Ella Bric spins songs with a 'teardrop of optimism' : Alt.Latino,NPR,https://www.npr.org/2026/01/28/nx-s1-5690319/venezuela-speaks-producer-ella-bric-spins-songs-with-a-teardrop-of-optimism,2026-01-28,Venezuela speaks: Producer Ella Bric spins songs with a 'teardrop of optimism' toggle caption Maco Diaz/Courtesy of the artist This month we've been looking at the music of Venezuela from a lot of different angles....,https://npr.brightspotcdn.com/dims3/default/strip/false/crop/3377x1900+0+0/resize/1400/quality/85/format/jpeg/?url=http%3A%2F%2Fnpr-brightspot.s3.amazonaws.com%2F2c%2F8f%2F3078789a4992afbd5af84dab9046%2Fella-new-new-wide.JPG,United States,Entertainment
"A$AP Rocky, ENHYPEN, Bad Bunny duke it out for No. 1 on the pop charts",NPR,https://www.npr.org/2026/01/29/nx-s1-5691535/asap-rocky-enhypen-bad-bunny-billboard-album-charts,2026-01-29,"A$AP Rocky, ENHYPEN, Bad Bunny duke it out for No. 1 on the pop charts toggle caption Barry Brecheisen/Getty Images/Getty Images North America It was a three-way, down-to-the-wire race to be No. 1 on this week's Billboard 200 albums chart....",https://npr.brightspotcdn.com/dims3/default/strip/false/crop/3500x1969+0+157/resize/1400/quality/85/format/jpeg/?url=http%3A%2F%2Fnpr-brightspot.s3.amazonaws.com%2F02%2Fc8%2F1a10d75048dda357803324b289f1%2Fgettyimages-2228503592.jpg,United States,Entertainment
Bruce Springsteen releases anti-ICE protest song 'Streets of Minneapolis',NPR,https://www.npr.org/2026/01/28/nx-s1-5691707/bruce-springsteen-minneapolis-protest-song-alex-pretti-renee-good,2026-01-28,Bruce Springsteen releases anti-ICE protest song 'Streets of Minneapolis' toggle caption Mondadori Portfolio/Mondadori Portfolio via Getty Im/Mondadori Portfolio Editorial On Wednesday Bruce Springsteen released a protest song condemning the violence of Immigration and Customs Enforcement agents in...,https://npr.brightspotcdn.com/dims3/default/strip/false/crop/3347x1883+0+174/resize/1400/quality/85/format/jpeg/?url=http%3A%2F%2Fnpr-brightspot.s3.amazonaws.com%2F03%2Fe8%2F2121105148188daddb867d4a9b17%2Fgettyimages-2223175263.jpg,United States,Entertainment
NPR Music Radio : NPR,NPR,https://www.npr.org/music/radio,2026-02-02,Music Radio A selection of music stations from around the NPR Network. Find an NPR Network music station in your area. Featured Channels ECLECTIC24 KCRW's 24/7 Morning Becomes Eclectic music channel. 88NINE RADIO MILWAUKEE Discover new music on one of public radio's most adventurous stations....,https://media.npr.org/include/images/facebook-default-wide-s1400-c85.jpg,United States,Entertainment
Milan protesters call for U.S. ICE agents to leave Italy as Winter Games approach,NPR,https://www.npr.org/2026/01/31/nx-s1-5695197/as-winter-olympics-milan-protesters-call-for-ice-agents-to-leave-italy,2026-01-31,"Milan protesters call for U.S. ICE agents to leave Italy as Winter Games approach toggle caption PIERO CRUCIATTI/AFP Hundreds of protesters gathered in a central square in Milan on Saturday, demanding that U.S. ICE agents assisting with security at the Winter Olympics leave Italy....",https://npr.brightspotcdn.com/dims3/default/strip/false/crop/5777x3250+0+301/resize/1400/quality/85/format/jpeg/?url=http%3A%2F%2Fnpr-brightspot.s3.amazonaws.com%2F45%2F3e%2Fa86e3fd945a1b7a708842ea3c196%2Fgettyimages-2258627204.jpg,United States,Politics
Don Lemon and Georgia Fort vow to continue reporting following arrests tied to anti-ICE protest,NPR,https://www.npr.org/2026/01/31/nx-s1-5695230/don-lemon-georgia-fort-release,2026-01-31,"Don Lemon and Georgia Fort vow to continue reporting following arrests tied to anti-ICE protest toggle caption Mario Tama/Getty Images Independent journalists Don Lemon and Georgia Fort have vowed to continue reporting, following their arrests after covering an anti-ICE protest at a church in...",https://npr.brightspotcdn.com/dims3/default/strip/false/crop/3319x1867+0+21/resize/1400/quality/85/format/jpeg/?url=http%3A%2F%2Fnpr-brightspot.s3.amazonaws.com%2Fbc%2Faa%2Fc0c054a54e42a40039da615da5ef%2Fgettyimages-2259132156.jpg,United States,Politics
What to know about the partial government shutdown,NPR,https://www.npr.org/2026/01/31/nx-s1-5694716/partial-government-shutdown,2026-01-31,What to know about the partial government shutdown toggle caption Rahmat Gul/AP The U.S. government has entered a partial shutdown after Congress failed to meet a deadline of midnight on Friday to complete work on a spending package to prevent funding from running out across multiple federal...,https://npr.brightspotcdn.com/dims3/default/strip/false/crop/3391x1907+0+0/resize/1400/quality/85/format/jpeg/?url=http%3A%2F%2Fnpr-brightspot.s3.amazonaws.com%2F4b%2Ff7%2F5c0c82f84015932f7231d16d8914%2Fap26027710705974.jpg,United States,Politics
Anti-ICE protesters call for national action against federal immigration tactics,NPR,https://www.npr.org/2026/01/31/nx-s1-5695221/anti-ice-protesters-call-for-national-action-against-federal-immigration-tactics,2026-01-31,Anti-ICE protesters call for national action against federal immigration tactics toggle caption Kristin Wright/NPR Protesters across the U.S. on Saturday demonstrated against the federal government's immigration enforcement tactics in Minneapolis....,https://npr.brightspotcdn.com/dims3/default/strip/false/crop/4032x2268+0+378/resize/1400/quality/85/format/jpeg/?url=http%3A%2F%2Fnpr-brightspot.s3.amazonaws.com%2F93%2F33%2F30447c284389ac729cdbc52db4b9%2Ftarget-ice-protest-dc.jpg,United States,Entertainment
Ollella: Tiny Desk Concert,NPR,https://www.npr.org/2026/01/30/g-s1-105089/ollella-tiny-desk-concert,2026-01-30,"Ollella: Tiny Desk Concert This week, we celebrate the Tiny Desk Contest community with concerts by some of our favorite entrants over the years. Before I started working on the Tiny Desk Contest, I had already seen and fallen in love with Ollella ....",https://npr.brightspotcdn.com/dims3/default/strip/false/crop/2000x1125+0+0/resize/1400/quality/85/format/jpeg/?url=http%3A%2F%2Fnpr-brightspot.s3.amazonaws.com%2Fa2%2F5e%2F2c6bd4584f9886500ddfd1d1687d%2F011326-ollella-30.jpg,United States,Entertainment
Judge rules Luigi Mangione should not face death penalty,NPR,https://www.npr.org/2026/01/30/g-s1-108032/judge-rules-luigi-mangione-should-not-face-death-penalty,2026-01-30,Judge rules Luigi Mangione should not face death penalty toggle caption Curtis Means/Pool/Getty Images NEW YORK — On Friday a federal judge dropped two of the four charges against Luigi Mangione — the man accused of fatally shooting UnitedHealthcare CEO Brian Thompson — making his case no longer...,https://npr.brightspotcdn.com/dims3/default/strip/false/crop/3000x1688+0+156/resize/1400/quality/85/format/jpeg/?url=http%3A%2F%2Fnpr-brightspot.s3.amazonaws.com%2Fff%2Fd9%2Fb90e83a34877be43ce8c8fafaac1%2Fgettyimages-2250842682.jpg,United States,Crime
"'Philadelphia,' 'Clueless,' 'The Karate Kid' added to the National Film Registry",NPR,https://www.npr.org/2026/01/29/nx-s1-5686770/national-film-registry-clueless-karate-kid,2026-01-29,"'Philadelphia,' 'Clueless,' 'The Karate Kid' added to the National Film Registry toggle caption Library of Congress Two actors received double recognition when the Library of Congress announced its most recent additions to the National Film Registry, a collection of classic films intended to...",https://npr.brightspotcdn.com/dims3/default/strip/false/crop/2000x1124+0+201/resize/1400/quality/85/format/jpeg/?url=http%3A%2F%2Fnpr-brightspot.s3.amazonaws.com%2F8c%2Fc3%2F0bb82e2f4a609be396293f654f02%2F711602.jpg,United States,Entertainment
"For first-time Grammy nominee Michael Mayo, vocal expression is innate",NPR,https://www.npr.org/2026/01/28/nx-s1-5605586/michael-mayo-fly-album-grammy-awards,2026-01-28,"For first-time Grammy nominee Michael Mayo, vocal expression is innate toggle caption Lauren Desberg With the release of his sophomore album, Fly, in October 2024, jazz vocalist, composer and songwriter Michael Mayo ascended to new artistic heights....",https://npr.brightspotcdn.com/dims3/default/strip/false/crop/3600x2025+0+189/resize/1400/quality/85/format/jpeg/?url=http%3A%2F%2Fnpr-brightspot.s3.amazonaws.com%2F8b%2Fff%2F5262edd24ec4be254838513514be%2Fart7086-michael-mayo-by-lauren-desberg-300dpi-rgb-pr4875.jpg,United States,Entertainment
So you're buying tickets for Harry Styles' tour. Can artists control the prices?,NPR,https://www.npr.org/2026/01/28/nx-s1-5686667/harry-styles-presale-tickets,2026-01-28,"So you're buying tickets for Harry Styles' tour. Can artists control the prices? toggle caption Joel C Ryan/Invision/AP It has been an exciting few days for Harry Styles fans. Last week, the pop star announced a new single and a tour that includes a 30-date New York City residency....",https://npr.brightspotcdn.com/dims3/default/strip/false/crop/5414x3045+0+0/resize/1400/quality/85/format/jpeg/?url=http%3A%2F%2Fnpr-brightspot.s3.amazonaws.com%2F23%2F6e%2Ff51dcd2641b2b6d723acf36cd5fb%2Fap20049743246973.jpg,United States,Entertainment
1 drugs don't work for everyone. But personalized obesity care in the future might,NPR,https://www.npr.org/2026/01/27/nx-s1-5689019/glp-1-ozempic-wegovy-zepbound-mounjaro-obesity-precision-medicine,2026-01-27,"1 drugs don't work for everyone. But personalized obesity care in the future might toggle caption Tatsiana Volkava/Getty Images Obesity shaped Anna Olson's earliest notions of herself, when she saw a photo and thought, ""Oh, I look different than the other kids."" Olson's obesity began in...",https://npr.brightspotcdn.com/dims3/default/strip/false/crop/2121x1193+0+2/resize/1400/quality/85/format/jpeg/?url=http%3A%2F%2Fnpr-brightspot.s3.amazonaws.com%2F00%2Ffb%2F3ffdcf994a0ab241631fe760e14c%2Fgettyimages-2242656837.jpg,United States,Crime
"As Venezuela's future remains uncertain, its symphony orchestra reaches a new milestone",NPR,https://www.npr.org/2026/01/27/nx-s1-5675149/simon-bolivar-symphony-orchestra-dudamel-grammys-2026,2026-01-27,"As Venezuela's future remains uncertain, its symphony orchestra reaches a new milestone The work of the Simón Bolívar Symphony Orchestra earns a spotlight at the Grammys toggle caption JUAN BARRETO/AFP via Getty Images/AFP A Grammy nomination is nothing new for conductor Gustavo Dudamel....",https://npr.brightspotcdn.com/dims3/default/strip/false/crop/5285x2973+0+354/resize/1400/quality/85/format/jpeg/?url=http%3A%2F%2Fnpr-brightspot.s3.amazonaws.com%2Fea%2Faa%2F60fb27914039972f041dae0538dc%2Fgettyimages-167219866.jpg,United States,Entertainment
"In the wake of Alex Pretti's death, Congress appears on track for a partial shutdown",NPR,https://www.npr.org/2026/01/26/nx-s1-5686473/senate-democrats-to-vote-against-dhs-funding-setting-up-potential-partial-shutdown,2026-01-26,"In the wake of Alex Pretti's death, Congress appears on track for a partial shutdown toggle caption Heather Diehl/Getty Images The second deadly shooting of a U.S. citizen by federal immigration officers in Minneapolis is raising the prospect of a partial government shutdown at the end of the week....",https://npr.brightspotcdn.com/dims3/default/strip/false/crop/4875x2742+0+254/resize/1400/quality/85/format/jpeg/?url=http%3A%2F%2Fnpr-brightspot.s3.amazonaws.com%2Fb8%2F8c%2Fa04f6a8e42e88671da2b58b7eb0c%2Fgettyimages-2258308397.jpg,United States,Politics
